Entity,Code,Year,"4.1.2 - Completion rate, by sex, location, wealth quintile and education level (%) - SE_TOT_CPLR - Upper secondary - All areas - Total (national average) or no breakdown - Both sexes"
Afghanistan,AFG,2000,13
Afghanistan,AFG,2001,13
Afghanistan,AFG,2002,13
Afghanistan,AFG,2003,14
Afghanistan,AFG,2004,14
Afghanistan,AFG,2005,14
Afghanistan,AFG,2006,15
Afghanistan,AFG,2007,16
Afghanistan,AFG,2008,17
Afghanistan,AFG,2009,19
Afghanistan,AFG,2010,21
Afghanistan,AFG,2011,14
Afghanistan,AFG,2012,25
Afghanistan,AFG,2013,26
Afghanistan,AFG,2014,27
Afghanistan,AFG,2015,24
Afghanistan,AFG,2016,30
Afghanistan,AFG,2017,30
Afghanistan,AFG,2018,32
Afghanistan,AFG,2019,33
Afghanistan,AFG,2020,34
Algeria,DZA,2000,15
Algeria,DZA,2001,17
Algeria,DZA,2002,18
Algeria,DZA,2003,19
Algeria,DZA,2004,20
Algeria,DZA,2005,22
Algeria,DZA,2006,23
Algeria,DZA,2007,24
Algeria,DZA,2008,26
Algeria,DZA,2009,28
Algeria,DZA,2010,30
Algeria,DZA,2011,31
Algeria,DZA,2012,29
Algeria,DZA,2013,29
Algeria,DZA,2014,36
Algeria,DZA,2015,37
Algeria,DZA,2016,38
Algeria,DZA,2017,39
Algeria,DZA,2018,40
Algeria,DZA,2019,53
Algeria,DZA,2020,43
Angola,AGO,2000,12
Angola,AGO,2001,13
Angola,AGO,2002,13
Angola,AGO,2003,14
Angola,AGO,2004,14
Angola,AGO,2005,15
Angola,AGO,2006,15
Angola,AGO,2007,15
Angola,AGO,2008,16
Angola,AGO,2009,16
Angola,AGO,2010,16
Angola,AGO,2011,17
Angola,AGO,2012,17
Angola,AGO,2013,17
Angola,AGO,2014,17
Angola,AGO,2015,19
Angola,AGO,2016,17
Angola,AGO,2017,17
Angola,AGO,2018,18
Angola,AGO,2019,18
Angola,AGO,2020,18
Argentina,ARG,2000,57
Argentina,ARG,2001,57
Argentina,ARG,2002,58
Argentina,ARG,2003,58
Argentina,ARG,2004,58
Argentina,ARG,2005,58
Argentina,ARG,2006,59
Argentina,ARG,2007,61
Argentina,ARG,2008,62
Argentina,ARG,2009,63
Argentina,ARG,2010,57
Argentina,ARG,2011,63
Argentina,ARG,2012,63
Argentina,ARG,2013,62
Argentina,ARG,2014,62
Argentina,ARG,2015,62
Argentina,ARG,2016,63
Argentina,ARG,2017,63
Argentina,ARG,2018,63
Argentina,ARG,2019,64
Argentina,ARG,2020,64
Armenia,ARM,2000,85
Armenia,ARM,2001,78
Armenia,ARM,2002,79
Armenia,ARM,2003,79
Armenia,ARM,2004,79
Armenia,ARM,2005,35
Armenia,ARM,2006,80
Armenia,ARM,2007,81
Armenia,ARM,2008,81
Armenia,ARM,2009,82
Armenia,ARM,2010,60
Armenia,ARM,2011,93
Armenia,ARM,2012,85
Armenia,ARM,2013,87
Armenia,ARM,2014,89
Armenia,ARM,2015,90
Armenia,ARM,2016,65
Armenia,ARM,2017,94
Armenia,ARM,2018,78
Armenia,ARM,2019,96
Armenia,ARM,2020,97
Australia,AUS,2000,81
Australia,AUS,2001,82
Australia,AUS,2002,82
Australia,AUS,2003,83
Australia,AUS,2004,83
Australia,AUS,2005,84
Australia,AUS,2006,84
Australia,AUS,2007,84
Australia,AUS,2008,84
Australia,AUS,2009,85
Australia,AUS,2010,85
Australia,AUS,2011,85
Australia,AUS,2012,85
Australia,AUS,2013,85
Australia,AUS,2014,87
Australia,AUS,2015,86
Australia,AUS,2016,87
Australia,AUS,2017,86
Australia,AUS,2018,90
Australia,AUS,2019,87
Australia,AUS,2020,88
Austria,AUT,2000,85
Austria,AUT,2001,85
Austria,AUT,2002,85
Austria,AUT,2003,85
Austria,AUT,2004,84
Austria,AUT,2005,84
Austria,AUT,2006,84
Austria,AUT,2007,83
Austria,AUT,2008,83
Austria,AUT,2009,85
Austria,AUT,2010,84
Austria,AUT,2011,84
Austria,AUT,2012,85
Austria,AUT,2013,86
Austria,AUT,2014,89
Austria,AUT,2015,88
Austria,AUT,2016,89
Austria,AUT,2017,86
Austria,AUT,2018,87
Austria,AUT,2019,86
Austria,AUT,2020,85
Azerbaijan,AZE,2000,64
Azerbaijan,AZE,2001,66
Azerbaijan,AZE,2002,68
Azerbaijan,AZE,2003,70
Azerbaijan,AZE,2004,72
Azerbaijan,AZE,2005,74
Azerbaijan,AZE,2006,75
Azerbaijan,AZE,2007,79
Azerbaijan,AZE,2008,81
Azerbaijan,AZE,2009,82
Azerbaijan,AZE,2010,84
Azerbaijan,AZE,2011,85
Bangladesh,BGD,2000,11
Bangladesh,BGD,2001,12
Bangladesh,BGD,2002,12
Bangladesh,BGD,2003,11
Bangladesh,BGD,2004,8
Bangladesh,BGD,2005,12
Bangladesh,BGD,2006,13
Bangladesh,BGD,2007,8
Bangladesh,BGD,2008,13
Bangladesh,BGD,2009,14
Bangladesh,BGD,2010,15
Bangladesh,BGD,2011,13
Bangladesh,BGD,2012,18
Bangladesh,BGD,2013,17
Bangladesh,BGD,2014,19
Bangladesh,BGD,2015,25
Bangladesh,BGD,2016,27
Bangladesh,BGD,2017,29
Bangladesh,BGD,2018,30
Bangladesh,BGD,2019,29
Bangladesh,BGD,2020,33
Barbados,BRB,2000,90
Barbados,BRB,2001,90
Barbados,BRB,2002,90
Barbados,BRB,2003,91
Barbados,BRB,2004,91
Barbados,BRB,2005,91
Barbados,BRB,2006,91
Barbados,BRB,2007,92
Barbados,BRB,2008,92
Barbados,BRB,2009,92
Barbados,BRB,2010,92
Barbados,BRB,2011,93
Barbados,BRB,2012,94
Barbados,BRB,2013,93
Barbados,BRB,2014,94
Barbados,BRB,2015,94
Barbados,BRB,2016,94
Barbados,BRB,2017,94
Belarus,BLR,2000,86
Belarus,BLR,2001,87
Belarus,BLR,2002,87
Belarus,BLR,2003,88
Belarus,BLR,2004,88
Belarus,BLR,2005,84
Belarus,BLR,2006,89
Belarus,BLR,2007,89
Belarus,BLR,2008,89
Belarus,BLR,2009,89
Belarus,BLR,2010,90
Belarus,BLR,2011,90
Belarus,BLR,2012,90
Belarus,BLR,2013,90
Belarus,BLR,2014,90
Belarus,BLR,2015,90
Belarus,BLR,2016,90
Belarus,BLR,2017,91
Belarus,BLR,2018,91
Belarus,BLR,2019,90
Belarus,BLR,2020,92
Belgium,BEL,2000,81
Belgium,BEL,2001,81
Belgium,BEL,2002,81
Belgium,BEL,2003,81
Belgium,BEL,2004,81
Belgium,BEL,2005,82
Belgium,BEL,2006,82
Belgium,BEL,2007,82
Belgium,BEL,2008,82
Belgium,BEL,2009,83
Belgium,BEL,2010,82
Belgium,BEL,2011,80
Belgium,BEL,2012,83
Belgium,BEL,2013,82
Belgium,BEL,2014,84
Belgium,BEL,2015,84
Belgium,BEL,2016,85
Belgium,BEL,2017,85
Belgium,BEL,2018,86
Belgium,BEL,2019,85
Belgium,BEL,2020,87
Belize,BLZ,2000,12
Belize,BLZ,2001,12
Belize,BLZ,2002,13
Belize,BLZ,2003,13
Belize,BLZ,2004,14
Belize,BLZ,2005,14
Belize,BLZ,2006,13
Belize,BLZ,2007,15
Belize,BLZ,2008,15
Belize,BLZ,2009,15
Belize,BLZ,2010,15
Belize,BLZ,2011,21
Belize,BLZ,2012,15
Belize,BLZ,2013,15
Belize,BLZ,2014,15
Belize,BLZ,2015,14
Belize,BLZ,2016,49
Belize,BLZ,2017,15
Belize,BLZ,2018,15
Belize,BLZ,2019,16
Belize,BLZ,2020,16
Benin,BEN,2000,6
Benin,BEN,2001,4
Benin,BEN,2002,6
Benin,BEN,2003,7
Benin,BEN,2004,8
Benin,BEN,2005,8
Benin,BEN,2006,9
Benin,BEN,2007,10
Benin,BEN,2008,10
Benin,BEN,2009,11
Benin,BEN,2010,11
Benin,BEN,2011,15
Benin,BEN,2012,15
Benin,BEN,2013,11
Benin,BEN,2014,10
Benin,BEN,2015,12
Benin,BEN,2016,12
Benin,BEN,2017,12
Benin,BEN,2018,8
Benin,BEN,2019,12
Benin,BEN,2020,12
Bhutan,BTN,2000,24
Bhutan,BTN,2001,26
Bhutan,BTN,2002,29
Bhutan,BTN,2003,31
Bhutan,BTN,2004,33
Bhutan,BTN,2005,36
Bhutan,BTN,2006,38
Bhutan,BTN,2007,41
Bhutan,BTN,2008,43
Bhutan,BTN,2009,46
Bhutan,BTN,2010,21
Bhutan,BTN,2011,50
Bhutan,BTN,2012,53
Bhutan,BTN,2013,55
Bhutan,BTN,2014,57
Bhutan,BTN,2015,59
Bolivia,BOL,2000,45
Bolivia,BOL,2001,52
Bolivia,BOL,2002,47
Bolivia,BOL,2003,51
Bolivia,BOL,2004,52
Bolivia,BOL,2005,59
Bolivia,BOL,2006,56
Bolivia,BOL,2007,64
Bolivia,BOL,2008,67
Bolivia,BOL,2009,64
Bolivia,BOL,2010,60
Bolivia,BOL,2011,67
Bolivia,BOL,2012,68
Bolivia,BOL,2013,77
Bolivia,BOL,2014,67
Bolivia,BOL,2015,70
Bolivia,BOL,2016,74
Bolivia,BOL,2017,74
Bolivia,BOL,2018,76
Bolivia,BOL,2019,77
Bolivia,BOL,2020,80
Bosnia and Herzegovina,BIH,2000,52
Bosnia and Herzegovina,BIH,2001,50
Bosnia and Herzegovina,BIH,2002,51
Bosnia and Herzegovina,BIH,2003,52
Bosnia and Herzegovina,BIH,2004,53
Bosnia and Herzegovina,BIH,2005,54
Bosnia and Herzegovina,BIH,2006,55
Bosnia and Herzegovina,BIH,2007,56
Bosnia and Herzegovina,BIH,2008,57
Bosnia and Herzegovina,BIH,2009,57
Bosnia and Herzegovina,BIH,2010,58
Bosnia and Herzegovina,BIH,2011,93
Bosnia and Herzegovina,BIH,2012,93
Bosnia and Herzegovina,BIH,2013,60
Bosnia and Herzegovina,BIH,2014,60
Bosnia and Herzegovina,BIH,2015,61
Bosnia and Herzegovina,BIH,2016,62
Botswana,BWA,2000,30
Botswana,BWA,2001,30
Botswana,BWA,2002,31
Botswana,BWA,2003,33
Botswana,BWA,2004,34
Botswana,BWA,2005,35
Botswana,BWA,2006,35
Botswana,BWA,2007,36
Botswana,BWA,2008,38
Botswana,BWA,2009,40
Botswana,BWA,2010,43
Botswana,BWA,2011,54
Botswana,BWA,2012,48
Botswana,BWA,2013,50
Botswana,BWA,2014,51
Botswana,BWA,2015,52
Botswana,BWA,2016,54
Brazil,BRA,2000,45
Brazil,BRA,2001,37
Brazil,BRA,2002,41
Brazil,BRA,2003,44
Brazil,BRA,2004,46
Brazil,BRA,2005,48
Brazil,BRA,2006,50
Brazil,BRA,2007,51
Brazil,BRA,2008,54
Brazil,BRA,2009,57
Brazil,BRA,2010,56
Brazil,BRA,2011,59
Brazil,BRA,2012,59
Brazil,BRA,2013,60
Brazil,BRA,2014,61
Brazil,BRA,2015,63
Brazil,BRA,2016,64
Brazil,BRA,2017,64
Brazil,BRA,2018,66
Brazil,BRA,2019,69
Brazil,BRA,2020,73
Bulgaria,BGR,2000,79
Bulgaria,BGR,2001,79
Bulgaria,BGR,2002,79
Bulgaria,BGR,2003,79
Bulgaria,BGR,2004,79
Bulgaria,BGR,2005,79
Bulgaria,BGR,2006,81
Bulgaria,BGR,2007,85
Bulgaria,BGR,2008,84
Bulgaria,BGR,2009,85
Bulgaria,BGR,2010,87
Bulgaria,BGR,2011,86
Bulgaria,BGR,2012,87
Bulgaria,BGR,2013,86
Bulgaria,BGR,2014,88
Bulgaria,BGR,2015,88
Bulgaria,BGR,2016,87
Bulgaria,BGR,2017,86
Bulgaria,BGR,2018,88
Bulgaria,BGR,2019,84
Bulgaria,BGR,2020,85
Burkina Faso,BFA,2000,3
Burkina Faso,BFA,2001,3
Burkina Faso,BFA,2002,3
Burkina Faso,BFA,2003,5
Burkina Faso,BFA,2004,3
Burkina Faso,BFA,2005,3
Burkina Faso,BFA,2006,3
Burkina Faso,BFA,2007,3
Burkina Faso,BFA,2008,3
Burkina Faso,BFA,2009,4
Burkina Faso,BFA,2010,4
Burkina Faso,BFA,2011,4
Burkina Faso,BFA,2012,4
Burkina Faso,BFA,2013,4
Burkina Faso,BFA,2014,4
Burkina Faso,BFA,2015,4
Burkina Faso,BFA,2017,14
Burundi,BDI,2000,3
Burundi,BDI,2001,3
Burundi,BDI,2002,3
Burundi,BDI,2003,3
Burundi,BDI,2004,3
Burundi,BDI,2005,2
Burundi,BDI,2006,3
Burundi,BDI,2007,4
Burundi,BDI,2008,4
Burundi,BDI,2009,5
Burundi,BDI,2010,5
Burundi,BDI,2011,5
Burundi,BDI,2012,6
Burundi,BDI,2013,6
Burundi,BDI,2014,7
Burundi,BDI,2015,7
Burundi,BDI,2016,7
Burundi,BDI,2017,8
Burundi,BDI,2018,8
Burundi,BDI,2019,8
Burundi,BDI,2020,9
Cambodia,KHM,2000,4
Cambodia,KHM,2001,8
Cambodia,KHM,2002,9
Cambodia,KHM,2003,9
Cambodia,KHM,2004,10
Cambodia,KHM,2005,10
Cambodia,KHM,2006,11
Cambodia,KHM,2007,12
Cambodia,KHM,2008,13
Cambodia,KHM,2009,14
Cambodia,KHM,2010,17
Cambodia,KHM,2011,15
Cambodia,KHM,2012,16
Cambodia,KHM,2013,17
Cambodia,KHM,2014,21
Cambodia,KHM,2015,18
Cambodia,KHM,2016,19
Cambodia,KHM,2017,20
Cambodia,KHM,2018,21
Cambodia,KHM,2019,22
Cambodia,KHM,2020,22
Cameroon,CMR,2000,7
Cameroon,CMR,2001,9
Cameroon,CMR,2002,9
Cameroon,CMR,2003,9
Cameroon,CMR,2004,8
Cameroon,CMR,2005,28
Cameroon,CMR,2006,11
Cameroon,CMR,2007,12
Cameroon,CMR,2008,13
Cameroon,CMR,2009,13
Cameroon,CMR,2010,14
Cameroon,CMR,2011,16
Cameroon,CMR,2012,14
Cameroon,CMR,2013,15
Cameroon,CMR,2014,16
Cameroon,CMR,2015,16
Cameroon,CMR,2016,17
Cameroon,CMR,2017,18
Cameroon,CMR,2018,23
Cameroon,CMR,2019,19
Cameroon,CMR,2020,19
Canada,CAN,2000,86
Canada,CAN,2001,86
Canada,CAN,2002,86
Canada,CAN,2003,86
Canada,CAN,2004,86
Canada,CAN,2005,85
Canada,CAN,2006,85
Canada,CAN,2007,85
Canada,CAN,2008,85
Canada,CAN,2009,85
Canada,CAN,2010,86
Canada,CAN,2011,86
Canada,CAN,2012,86
Canada,CAN,2013,86
Canada,CAN,2014,86
Canada,CAN,2015,91
Canada,CAN,2016,93
Canada,CAN,2017,94
Cape Verde,CPV,2017,48
Central African Republic,CAF,2000,4
Central African Republic,CAF,2001,7
Central African Republic,CAF,2002,7
Central African Republic,CAF,2003,7
Central African Republic,CAF,2004,7
Central African Republic,CAF,2005,7
Central African Republic,CAF,2006,3
Central African Republic,CAF,2007,8
Central African Republic,CAF,2008,8
Central African Republic,CAF,2009,8
Central African Republic,CAF,2010,7
Central African Republic,CAF,2011,9
Central African Republic,CAF,2012,9
Central African Republic,CAF,2013,8
Central African Republic,CAF,2014,8
Central African Republic,CAF,2015,8
Central African Republic,CAF,2016,8
Central African Republic,CAF,2017,8
Central African Republic,CAF,2018,9
Central African Republic,CAF,2019,6
Central African Republic,CAF,2020,9
Chad,TCD,2000,5
Chad,TCD,2001,5
Chad,TCD,2002,5
Chad,TCD,2003,5
Chad,TCD,2004,4
Chad,TCD,2005,5
Chad,TCD,2006,5
Chad,TCD,2007,6
Chad,TCD,2008,6
Chad,TCD,2009,6
Chad,TCD,2010,6
Chad,TCD,2011,6
Chad,TCD,2012,6
Chad,TCD,2013,6
Chad,TCD,2014,10
Chad,TCD,2015,10
Chad,TCD,2016,6
Chad,TCD,2017,6
Chad,TCD,2018,6
Chad,TCD,2019,5
Chad,TCD,2020,6
Chile,CHL,2000,66
Chile,CHL,2001,65
Chile,CHL,2002,67
Chile,CHL,2003,74
Chile,CHL,2004,70
Chile,CHL,2005,71
Chile,CHL,2006,80
Chile,CHL,2007,73
Chile,CHL,2008,74
Chile,CHL,2009,81
Chile,CHL,2010,76
Chile,CHL,2011,81
Chile,CHL,2012,77
Chile,CHL,2013,83
Chile,CHL,2014,79
Chile,CHL,2015,85
Chile,CHL,2016,80
Chile,CHL,2017,86
Chile,CHL,2018,82
Chile,CHL,2019,82
Chile,CHL,2020,88
China,CHN,2000,28
China,CHN,2001,29
China,CHN,2002,30
China,CHN,2003,31
China,CHN,2004,32
China,CHN,2005,33
China,CHN,2006,35
China,CHN,2007,37
China,CHN,2008,40
China,CHN,2009,43
China,CHN,2010,44
China,CHN,2011,51
China,CHN,2012,55
China,CHN,2013,59
China,CHN,2014,61
China,CHN,2015,65
China,CHN,2016,61
China,CHN,2017,70
China,CHN,2018,75
China,CHN,2019,74
China,CHN,2020,75
Colombia,COL,2000,50
Colombia,COL,2001,55
Colombia,COL,2002,54
Colombia,COL,2003,54
Colombia,COL,2004,57
Colombia,COL,2005,58
Colombia,COL,2006,60
Colombia,COL,2007,61
Colombia,COL,2008,61
Colombia,COL,2009,61
Colombia,COL,2010,63
Colombia,COL,2011,65
Colombia,COL,2012,66
Colombia,COL,2013,67
Colombia,COL,2014,68
Colombia,COL,2015,69
Colombia,COL,2016,70
Colombia,COL,2017,72
Colombia,COL,2018,72
Colombia,COL,2019,72
Colombia,COL,2020,74
Comoros,COM,2000,5
Comoros,COM,2001,11
Comoros,COM,2002,12
Comoros,COM,2003,12
Comoros,COM,2004,13
Comoros,COM,2005,14
Comoros,COM,2006,14
Comoros,COM,2007,15
Comoros,COM,2008,16
Comoros,COM,2009,16
Comoros,COM,2010,17
Comoros,COM,2011,18
Comoros,COM,2012,30
Comoros,COM,2013,19
Comoros,COM,2014,19
Comoros,COM,2015,19
Comoros,COM,2016,20
Comoros,COM,2017,20
Congo,COG,2000,14
Congo,COG,2001,13
Congo,COG,2002,13
Congo,COG,2003,13
Congo,COG,2004,12
Congo,COG,2005,8
Congo,COG,2006,13
Congo,COG,2007,14
Congo,COG,2008,14
Congo,COG,2009,15
Congo,COG,2010,16
Congo,COG,2011,15
Congo,COG,2012,15
Congo,COG,2013,19
Congo,COG,2014,21
Congo,COG,2015,23
Congo,COG,2016,25
Congo,COG,2017,26
Congo,COG,2018,27
Congo,COG,2019,28
Congo,COG,2020,28
Costa Rica,CRI,2000,37
Costa Rica,CRI,2001,37
Costa Rica,CRI,2002,36
Costa Rica,CRI,2003,39
Costa Rica,CRI,2004,39
Costa Rica,CRI,2005,38
Costa Rica,CRI,2006,41
Costa Rica,CRI,2007,39
Costa Rica,CRI,2008,41
Costa Rica,CRI,2009,43
Costa Rica,CRI,2010,48
Costa Rica,CRI,2011,50
Costa Rica,CRI,2012,52
Costa Rica,CRI,2013,53
Costa Rica,CRI,2014,55
Costa Rica,CRI,2015,53
Costa Rica,CRI,2016,55
Costa Rica,CRI,2017,57
Costa Rica,CRI,2018,58
Costa Rica,CRI,2019,62
Costa Rica,CRI,2020,65
Cote d'Ivoire,CIV,2000,4
Cote d'Ivoire,CIV,2001,7
Cote d'Ivoire,CIV,2002,7
Cote d'Ivoire,CIV,2003,7
Cote d'Ivoire,CIV,2004,7
Cote d'Ivoire,CIV,2005,8
Cote d'Ivoire,CIV,2006,8
Cote d'Ivoire,CIV,2007,8
Cote d'Ivoire,CIV,2008,9
Cote d'Ivoire,CIV,2009,9
Cote d'Ivoire,CIV,2010,10
Cote d'Ivoire,CIV,2011,10
Cote d'Ivoire,CIV,2012,14
Cote d'Ivoire,CIV,2013,10
Cote d'Ivoire,CIV,2014,11
Cote d'Ivoire,CIV,2015,11
Cote d'Ivoire,CIV,2016,16
Cote d'Ivoire,CIV,2017,12
Cote d'Ivoire,CIV,2018,12
Cote d'Ivoire,CIV,2019,13
Cote d'Ivoire,CIV,2020,13
Croatia,HRV,2000,86
Croatia,HRV,2001,87
Croatia,HRV,2002,88
Croatia,HRV,2003,89
Croatia,HRV,2004,89
Croatia,HRV,2005,90
Croatia,HRV,2006,94
Croatia,HRV,2007,95
Croatia,HRV,2008,95
Croatia,HRV,2009,93
Croatia,HRV,2010,94
Croatia,HRV,2011,96
Croatia,HRV,2012,94
Croatia,HRV,2013,95
Croatia,HRV,2014,97
Croatia,HRV,2015,96
Croatia,HRV,2016,96
Croatia,HRV,2017,97
Croatia,HRV,2018,96
Croatia,HRV,2019,97
Croatia,HRV,2020,97
Cuba,CUB,2000,58
Cuba,CUB,2001,59
Cuba,CUB,2002,61
Cuba,CUB,2003,63
Cuba,CUB,2004,65
Cuba,CUB,2005,68
Cuba,CUB,2006,70
Cuba,CUB,2007,72
Cuba,CUB,2008,74
Cuba,CUB,2009,75
Cuba,CUB,2010,79
Cuba,CUB,2011,77
Cuba,CUB,2012,77
Cuba,CUB,2013,76
Cuba,CUB,2014,86
Cuba,CUB,2015,74
Cuba,CUB,2016,73
Cuba,CUB,2017,72
Cuba,CUB,2018,71
Cuba,CUB,2019,65
Cuba,CUB,2020,71
Cyprus,CYP,2000,85
Cyprus,CYP,2001,85
Cyprus,CYP,2002,86
Cyprus,CYP,2003,86
Cyprus,CYP,2004,87
Cyprus,CYP,2005,87
Cyprus,CYP,2006,82
Cyprus,CYP,2007,85
Cyprus,CYP,2008,86
Cyprus,CYP,2009,88
Cyprus,CYP,2010,85
Cyprus,CYP,2011,87
Cyprus,CYP,2012,88
Cyprus,CYP,2013,90
Cyprus,CYP,2014,93
Cyprus,CYP,2015,95
Cyprus,CYP,2016,92
Cyprus,CYP,2017,91
Cyprus,CYP,2018,93
Cyprus,CYP,2019,93
Cyprus,CYP,2020,88
Czechia,CZE,2000,93
Czechia,CZE,2001,93
Czechia,CZE,2002,93
Czechia,CZE,2003,92
Czechia,CZE,2004,92
Czechia,CZE,2005,92
Czechia,CZE,2006,92
Czechia,CZE,2007,92
Czechia,CZE,2008,92
Czechia,CZE,2009,92
Czechia,CZE,2010,92
Czechia,CZE,2011,92
Czechia,CZE,2012,92
Czechia,CZE,2013,92
Czechia,CZE,2014,92
Czechia,CZE,2015,92
Czechia,CZE,2016,92
Czechia,CZE,2017,92
Czechia,CZE,2018,92
Czechia,CZE,2019,92
Czechia,CZE,2020,92
Democratic Republic of Congo,COD,2000,13
Democratic Republic of Congo,COD,2001,11
Democratic Republic of Congo,COD,2002,13
Democratic Republic of Congo,COD,2003,13
Democratic Republic of Congo,COD,2004,13
Democratic Republic of Congo,COD,2005,13
Democratic Republic of Congo,COD,2006,13
Democratic Republic of Congo,COD,2007,14
Democratic Republic of Congo,COD,2008,14
Democratic Republic of Congo,COD,2009,15
Democratic Republic of Congo,COD,2010,14
Democratic Republic of Congo,COD,2011,17
Democratic Republic of Congo,COD,2012,17
Democratic Republic of Congo,COD,2013,26
Democratic Republic of Congo,COD,2014,18
Democratic Republic of Congo,COD,2015,19
Democratic Republic of Congo,COD,2016,19
Democratic Republic of Congo,COD,2017,20
Democratic Republic of Congo,COD,2018,31
Democratic Republic of Congo,COD,2019,21
Democratic Republic of Congo,COD,2020,21
Denmark,DNK,2000,77
Denmark,DNK,2001,77
Denmark,DNK,2002,77
Denmark,DNK,2003,77
Denmark,DNK,2004,77
Denmark,DNK,2005,77
Denmark,DNK,2006,81
Denmark,DNK,2007,73
Denmark,DNK,2008,71
Denmark,DNK,2009,74
Denmark,DNK,2010,71
Denmark,DNK,2011,72
Denmark,DNK,2012,74
Denmark,DNK,2013,74
Denmark,DNK,2014,75
Denmark,DNK,2015,76
Denmark,DNK,2016,76
Denmark,DNK,2017,76
Denmark,DNK,2018,77
Denmark,DNK,2019,78
Denmark,DNK,2020,78
Djibouti,DJI,2000,13
Djibouti,DJI,2001,14
Djibouti,DJI,2002,15
Djibouti,DJI,2003,16
Djibouti,DJI,2004,17
Djibouti,DJI,2005,18
Djibouti,DJI,2006,21
Djibouti,DJI,2007,19
Djibouti,DJI,2008,20
Djibouti,DJI,2009,20
Djibouti,DJI,2010,21
Djibouti,DJI,2011,22
Djibouti,DJI,2017,40
Dominican Republic,DOM,2000,39
Dominican Republic,DOM,2001,38
Dominican Republic,DOM,2002,39
Dominican Republic,DOM,2003,44
Dominican Republic,DOM,2004,43
Dominican Republic,DOM,2005,47
Dominican Republic,DOM,2006,49
Dominican Republic,DOM,2007,51
Dominican Republic,DOM,2008,52
Dominican Republic,DOM,2009,53
Dominican Republic,DOM,2010,57
Dominican Republic,DOM,2011,59
Dominican Republic,DOM,2012,56
Dominican Republic,DOM,2013,58
Dominican Republic,DOM,2014,63
Dominican Republic,DOM,2015,61
Dominican Republic,DOM,2016,63
Dominican Republic,DOM,2017,62
Dominican Republic,DOM,2018,63
Dominican Republic,DOM,2019,66
Dominican Republic,DOM,2020,64
East Timor,TLS,2000,34
East Timor,TLS,2001,35
East Timor,TLS,2002,37
East Timor,TLS,2003,38
East Timor,TLS,2004,40
East Timor,TLS,2005,41
East Timor,TLS,2006,43
East Timor,TLS,2007,45
East Timor,TLS,2008,47
East Timor,TLS,2009,51
East Timor,TLS,2010,49
East Timor,TLS,2011,50
East Timor,TLS,2012,50
East Timor,TLS,2013,50
East Timor,TLS,2014,50
East Timor,TLS,2015,50
East Timor,TLS,2016,52
East Timor,TLS,2017,49
East Timor,TLS,2018,50
East Timor,TLS,2019,51
East Timor,TLS,2020,52
Ecuador,ECU,2000,40
Ecuador,ECU,2001,43
Ecuador,ECU,2002,42
Ecuador,ECU,2003,48
Ecuador,ECU,2004,43
Ecuador,ECU,2005,50
Ecuador,ECU,2006,51
Ecuador,ECU,2007,52
Ecuador,ECU,2008,55
Ecuador,ECU,2009,58
Ecuador,ECU,2010,58
Ecuador,ECU,2011,65
Ecuador,ECU,2012,66
Ecuador,ECU,2013,65
Ecuador,ECU,2014,64
Ecuador,ECU,2015,67
Ecuador,ECU,2016,69
Ecuador,ECU,2017,70
Ecuador,ECU,2018,72
Ecuador,ECU,2019,74
Ecuador,ECU,2020,73
Egypt,EGY,2000,58
Egypt,EGY,2001,62
Egypt,EGY,2002,63
Egypt,EGY,2003,65
Egypt,EGY,2004,67
Egypt,EGY,2005,29
Egypt,EGY,2006,70
Egypt,EGY,2007,71
Egypt,EGY,2008,32
Egypt,EGY,2009,32
Egypt,EGY,2010,75
Egypt,EGY,2011,76
Egypt,EGY,2012,77
Egypt,EGY,2013,78
Egypt,EGY,2014,42
Egypt,EGY,2015,72
Egypt,EGY,2016,81
Egypt,EGY,2017,76
Egypt,EGY,2018,83
Egypt,EGY,2019,84
El Salvador,SLV,2000,39
El Salvador,SLV,2001,42
El Salvador,SLV,2002,43
El Salvador,SLV,2003,39
El Salvador,SLV,2004,42
El Salvador,SLV,2005,43
El Salvador,SLV,2006,45
El Salvador,SLV,2007,45
El Salvador,SLV,2008,32
El Salvador,SLV,2009,47
El Salvador,SLV,2010,49
El Salvador,SLV,2011,35
El Salvador,SLV,2012,52
El Salvador,SLV,2013,53
El Salvador,SLV,2014,54
El Salvador,SLV,2015,56
El Salvador,SLV,2016,56
El Salvador,SLV,2017,57
El Salvador,SLV,2018,59
El Salvador,SLV,2019,59
El Salvador,SLV,2020,64
Equatorial Guinea,GNQ,2000,5
Equatorial Guinea,GNQ,2001,6
Equatorial Guinea,GNQ,2002,6
Equatorial Guinea,GNQ,2003,6
Equatorial Guinea,GNQ,2004,6
Equatorial Guinea,GNQ,2005,6
Estonia,EST,2000,81
Estonia,EST,2001,81
Estonia,EST,2002,81
Estonia,EST,2003,82
Estonia,EST,2004,82
Estonia,EST,2005,83
Estonia,EST,2006,84
Estonia,EST,2007,83
Estonia,EST,2008,83
Estonia,EST,2009,86
Estonia,EST,2010,85
Estonia,EST,2011,83
Estonia,EST,2012,83
Estonia,EST,2013,84
Estonia,EST,2014,84
Estonia,EST,2015,80
Estonia,EST,2016,85
Estonia,EST,2017,83
Estonia,EST,2018,82
Estonia,EST,2019,83
Estonia,EST,2020,87
Eswatini,SWZ,2000,25
Eswatini,SWZ,2001,24
Eswatini,SWZ,2002,24
Eswatini,SWZ,2003,24
Eswatini,SWZ,2004,24
Eswatini,SWZ,2005,24
Eswatini,SWZ,2006,25
Eswatini,SWZ,2007,25
Eswatini,SWZ,2008,26
Eswatini,SWZ,2009,26
Eswatini,SWZ,2010,28
Eswatini,SWZ,2011,28
Eswatini,SWZ,2012,28
Eswatini,SWZ,2013,28
Eswatini,SWZ,2014,32
Eswatini,SWZ,2015,29
Eswatini,SWZ,2016,29
Eswatini,SWZ,2017,29
Eswatini,SWZ,2018,30
Eswatini,SWZ,2019,30
Ethiopia,ETH,2000,5
Ethiopia,ETH,2001,6
Ethiopia,ETH,2002,7
Ethiopia,ETH,2003,7
Ethiopia,ETH,2004,7
Ethiopia,ETH,2005,9
Ethiopia,ETH,2006,8
Ethiopia,ETH,2007,7
Ethiopia,ETH,2008,9
Ethiopia,ETH,2009,10
Ethiopia,ETH,2010,10
Ethiopia,ETH,2011,12
Ethiopia,ETH,2012,11
Ethiopia,ETH,2013,12
Ethiopia,ETH,2014,12
Ethiopia,ETH,2015,12
Ethiopia,ETH,2016,13
Ethiopia,ETH,2017,13
Ethiopia,ETH,2018,13
Ethiopia,ETH,2019,16
Ethiopia,ETH,2020,14
Fiji,FJI,2000,68
Fiji,FJI,2001,69
Fiji,FJI,2002,71
Fiji,FJI,2003,72
Fiji,FJI,2004,73
Fiji,FJI,2005,74
Fiji,FJI,2006,75
Fiji,FJI,2007,34
Fiji,FJI,2008,78
Fiji,FJI,2009,79
Fiji,FJI,2010,79
Fiji,FJI,2011,80
Fiji,FJI,2012,81
Fiji,FJI,2013,81
Fiji,FJI,2014,81
Fiji,FJI,2015,82
Fiji,FJI,2016,83
Fiji,FJI,2017,84
Fiji,FJI,2018,85
Fiji,FJI,2019,85
Finland,FIN,2000,89
Finland,FIN,2001,89
Finland,FIN,2002,88
Finland,FIN,2003,88
Finland,FIN,2004,88
Finland,FIN,2005,87
Finland,FIN,2006,86
Finland,FIN,2007,88
Finland,FIN,2008,89
Finland,FIN,2009,88
Finland,FIN,2010,86
Finland,FIN,2011,86
Finland,FIN,2012,89
Finland,FIN,2013,86
Finland,FIN,2014,90
Finland,FIN,2015,89
Finland,FIN,2016,90
Finland,FIN,2017,88
Finland,FIN,2018,90
Finland,FIN,2019,88
Finland,FIN,2020,89
France,FRA,2000,81
France,FRA,2001,81
France,FRA,2002,81
France,FRA,2003,81
France,FRA,2004,81
France,FRA,2005,81
France,FRA,2006,81
France,FRA,2007,82
France,FRA,2008,83
France,FRA,2009,84
France,FRA,2010,82
France,FRA,2011,83
France,FRA,2012,83
France,FRA,2013,88
France,FRA,2014,87
France,FRA,2015,87
France,FRA,2016,88
France,FRA,2017,87
France,FRA,2018,88
France,FRA,2019,88
France,FRA,2020,88
Gabon,GAB,2000,7
Gabon,GAB,2001,8
Gabon,GAB,2002,9
Gabon,GAB,2003,9
Gabon,GAB,2004,9
Gabon,GAB,2005,9
Gabon,GAB,2006,9
Gabon,GAB,2007,9
Gabon,GAB,2008,9
Gabon,GAB,2009,9
Gabon,GAB,2010,9
Gabon,GAB,2011,9
Gabon,GAB,2012,14
Gabon,GAB,2013,9
Gabon,GAB,2014,10
Gabon,GAB,2015,10
Gabon,GAB,2016,10
Gabon,GAB,2017,22
Gambia,GMB,2000,18
Gambia,GMB,2001,18
Gambia,GMB,2002,19
Gambia,GMB,2003,19
Gambia,GMB,2004,20
Gambia,GMB,2005,21
Gambia,GMB,2006,22
Gambia,GMB,2007,23
Gambia,GMB,2008,24
Gambia,GMB,2009,25
Gambia,GMB,2010,22
Gambia,GMB,2011,26
Gambia,GMB,2012,26
Gambia,GMB,2013,30
Gambia,GMB,2014,27
Gambia,GMB,2015,27
Gambia,GMB,2016,28
Gambia,GMB,2017,28
Gambia,GMB,2018,26
Gambia,GMB,2019,29
Gambia,GMB,2020,29
Georgia,GEO,2000,86
Georgia,GEO,2001,87
Georgia,GEO,2002,87
Georgia,GEO,2003,88
Georgia,GEO,2004,88
Georgia,GEO,2005,79
Georgia,GEO,2006,89
Georgia,GEO,2007,90
Georgia,GEO,2008,90
Georgia,GEO,2009,90
Georgia,GEO,2010,90
Georgia,GEO,2011,91
Georgia,GEO,2012,91
Georgia,GEO,2013,96
Georgia,GEO,2014,91
Georgia,GEO,2015,91
Georgia,GEO,2016,95
Georgia,GEO,2017,91
Georgia,GEO,2018,77
Georgia,GEO,2019,92
Georgia,GEO,2020,92
Germany,DEU,2000,88
Germany,DEU,2001,88
Germany,DEU,2002,88
Germany,DEU,2003,88
Germany,DEU,2004,87
Germany,DEU,2005,87
Germany,DEU,2006,77
Germany,DEU,2007,77
Germany,DEU,2008,79
Germany,DEU,2009,76
Germany,DEU,2010,80
Germany,DEU,2011,80
Germany,DEU,2012,78
Germany,DEU,2013,79
Germany,DEU,2014,79
Germany,DEU,2015,79
Germany,DEU,2016,80
Germany,DEU,2017,80
Germany,DEU,2018,79
Germany,DEU,2019,80
Germany,DEU,2020,81
Ghana,GHA,2000,12
Ghana,GHA,2001,12
Ghana,GHA,2002,12
Ghana,GHA,2003,5
Ghana,GHA,2004,14
Ghana,GHA,2005,15
Ghana,GHA,2006,7
Ghana,GHA,2007,18
Ghana,GHA,2008,28
Ghana,GHA,2009,28
Ghana,GHA,2010,12
Ghana,GHA,2011,13
Ghana,GHA,2012,24
Ghana,GHA,2013,26
Ghana,GHA,2014,36
Ghana,GHA,2015,30
Ghana,GHA,2016,31
Ghana,GHA,2017,33
Ghana,GHA,2018,36
Ghana,GHA,2019,36
Ghana,GHA,2020,37
Greece,GRC,2000,81
Greece,GRC,2001,82
Greece,GRC,2002,82
Greece,GRC,2003,83
Greece,GRC,2004,83
Greece,GRC,2005,84
Greece,GRC,2006,83
Greece,GRC,2007,85
Greece,GRC,2008,84
Greece,GRC,2009,84
Greece,GRC,2010,86
Greece,GRC,2011,86
Greece,GRC,2012,86
Greece,GRC,2013,87
Greece,GRC,2014,90
Greece,GRC,2015,91
Greece,GRC,2016,92
Greece,GRC,2017,93
Greece,GRC,2018,94
Greece,GRC,2019,95
Greece,GRC,2020,95
Guatemala,GTM,2000,20
Guatemala,GTM,2001,18
Guatemala,GTM,2002,19
Guatemala,GTM,2003,20
Guatemala,GTM,2004,21
Guatemala,GTM,2005,22
Guatemala,GTM,2006,25
Guatemala,GTM,2007,24
Guatemala,GTM,2008,26
Guatemala,GTM,2009,27
Guatemala,GTM,2010,28
Guatemala,GTM,2011,25
Guatemala,GTM,2012,30
Guatemala,GTM,2013,31
Guatemala,GTM,2014,34
Guatemala,GTM,2015,35
Guatemala,GTM,2016,34
Guatemala,GTM,2017,35
Guatemala,GTM,2018,36
Guatemala,GTM,2019,36
Guatemala,GTM,2020,37
Guinea,GIN,2000,7
Guinea,GIN,2001,8
Guinea,GIN,2002,8
Guinea,GIN,2003,9
Guinea,GIN,2004,10
Guinea,GIN,2005,5
Guinea,GIN,2006,11
Guinea,GIN,2007,12
Guinea,GIN,2008,13
Guinea,GIN,2009,14
Guinea,GIN,2010,15
Guinea,GIN,2011,15
Guinea,GIN,2012,15
Guinea,GIN,2013,17
Guinea,GIN,2014,18
Guinea,GIN,2015,19
Guinea,GIN,2016,20
Guinea,GIN,2017,20
Guinea,GIN,2018,16
Guinea,GIN,2019,21
Guinea,GIN,2020,22
Guinea-Bissau,GNB,2000,5
Guinea-Bissau,GNB,2001,5
Guinea-Bissau,GNB,2002,6
Guinea-Bissau,GNB,2003,6
Guinea-Bissau,GNB,2004,6
Guinea-Bissau,GNB,2005,6
Guinea-Bissau,GNB,2006,8
Guinea-Bissau,GNB,2007,6
Guinea-Bissau,GNB,2008,7
Guinea-Bissau,GNB,2009,7
Guinea-Bissau,GNB,2010,7
Guinea-Bissau,GNB,2011,8
Guinea-Bissau,GNB,2012,8
Guinea-Bissau,GNB,2013,8
Guinea-Bissau,GNB,2014,7
Guinea-Bissau,GNB,2015,9
Guinea-Bissau,GNB,2016,9
Guinea-Bissau,GNB,2017,10
Guinea-Bissau,GNB,2018,10
Guinea-Bissau,GNB,2019,19
Guinea-Bissau,GNB,2020,10
Guyana,GUY,2000,43
Guyana,GUY,2001,40
Guyana,GUY,2002,42
Guyana,GUY,2003,44
Guyana,GUY,2004,46
Guyana,GUY,2005,48
Guyana,GUY,2006,49
Guyana,GUY,2007,50
Guyana,GUY,2008,51
Guyana,GUY,2009,55
Guyana,GUY,2010,54
Guyana,GUY,2011,55
Guyana,GUY,2012,56
Guyana,GUY,2013,57
Guyana,GUY,2014,56
Guyana,GUY,2015,60
Guyana,GUY,2016,61
Guyana,GUY,2017,63
Guyana,GUY,2018,64
Guyana,GUY,2019,95
Guyana,GUY,2020,62
Haiti,HTI,2000,5
Haiti,HTI,2001,8
Haiti,HTI,2002,9
Haiti,HTI,2003,8
Haiti,HTI,2004,10
Haiti,HTI,2005,12
Haiti,HTI,2006,10
Haiti,HTI,2007,11
Haiti,HTI,2008,12
Haiti,HTI,2009,12
Haiti,HTI,2010,12
Haiti,HTI,2011,13
Haiti,HTI,2012,12
Haiti,HTI,2013,14
Haiti,HTI,2014,14
Haiti,HTI,2015,15
Haiti,HTI,2016,15
Haiti,HTI,2017,17
Haiti,HTI,2018,16
Haiti,HTI,2019,16
Haiti,HTI,2020,17
Honduras,HND,2000,22
Honduras,HND,2001,22
Honduras,HND,2002,24
Honduras,HND,2003,26
Honduras,HND,2004,22
Honduras,HND,2005,24
Honduras,HND,2006,25
Honduras,HND,2007,33
Honduras,HND,2008,35
Honduras,HND,2009,33
Honduras,HND,2010,35
Honduras,HND,2011,38
Honduras,HND,2012,38
Honduras,HND,2013,42
Honduras,HND,2014,37
Honduras,HND,2015,43
Honduras,HND,2016,43
Honduras,HND,2017,43
Honduras,HND,2018,38
Honduras,HND,2019,42
Honduras,HND,2020,45
Hungary,HUN,2000,82
Hungary,HUN,2001,82
Hungary,HUN,2002,83
Hungary,HUN,2003,83
Hungary,HUN,2004,82
Hungary,HUN,2005,82
Hungary,HUN,2006,84
Hungary,HUN,2007,86
Hungary,HUN,2008,85
Hungary,HUN,2009,86
Hungary,HUN,2010,86
Hungary,HUN,2011,85
Hungary,HUN,2012,85
Hungary,HUN,2013,86
Hungary,HUN,2014,87
Hungary,HUN,2015,86
Hungary,HUN,2016,85
Hungary,HUN,2017,85
Hungary,HUN,2018,86
Hungary,HUN,2019,87
Hungary,HUN,2020,86
Iceland,ISL,2000,68
Iceland,ISL,2001,68
Iceland,ISL,2002,68
Iceland,ISL,2003,67
Iceland,ISL,2004,67
Iceland,ISL,2005,66
Iceland,ISL,2006,66
Iceland,ISL,2007,66
Iceland,ISL,2008,66
Iceland,ISL,2009,65
Iceland,ISL,2010,66
Iceland,ISL,2011,66
Iceland,ISL,2012,66
Iceland,ISL,2013,66
Iceland,ISL,2014,66
Iceland,ISL,2015,66
Iceland,ISL,2016,67
Iceland,ISL,2017,67
Iceland,ISL,2018,67
India,IND,2000,27
India,IND,2001,28
India,IND,2002,29
India,IND,2003,30
India,IND,2004,31
India,IND,2005,22
India,IND,2006,24
India,IND,2007,35
India,IND,2008,37
India,IND,2009,39
India,IND,2010,41
India,IND,2011,35
India,IND,2012,46
India,IND,2013,47
India,IND,2014,50
India,IND,2015,43
India,IND,2016,43
India,IND,2017,55
India,IND,2018,57
India,IND,2019,58
India,IND,2020,51
Indonesia,IDN,2000,40
Indonesia,IDN,2001,39
Indonesia,IDN,2002,39
Indonesia,IDN,2003,39
Indonesia,IDN,2004,42
Indonesia,IDN,2005,43
Indonesia,IDN,2006,44
Indonesia,IDN,2007,44
Indonesia,IDN,2008,44
Indonesia,IDN,2009,47
Indonesia,IDN,2010,49
Indonesia,IDN,2011,50
Indonesia,IDN,2012,51
Indonesia,IDN,2013,55
Indonesia,IDN,2014,57
Indonesia,IDN,2015,60
Indonesia,IDN,2016,62
Indonesia,IDN,2017,63
Indonesia,IDN,2018,65
Indonesia,IDN,2019,66
Indonesia,IDN,2020,67
Iran,IRN,2000,45
Iran,IRN,2001,47
Iran,IRN,2002,50
Iran,IRN,2003,51
Iran,IRN,2004,52
Iran,IRN,2005,53
Iran,IRN,2006,53
Iran,IRN,2007,54
Iran,IRN,2008,55
Iran,IRN,2009,56
Iran,IRN,2010,57
Iran,IRN,2011,59
Iran,IRN,2012,60
Iran,IRN,2013,61
Iran,IRN,2014,63
Iran,IRN,2015,64
Iran,IRN,2016,65
Iraq,IRQ,2000,18
Iraq,IRQ,2001,15
Iraq,IRQ,2002,16
Iraq,IRQ,2003,16
Iraq,IRQ,2004,16
Iraq,IRQ,2005,17
Iraq,IRQ,2006,19
Iraq,IRQ,2007,18
Iraq,IRQ,2008,20
Iraq,IRQ,2009,21
Iraq,IRQ,2010,22
Iraq,IRQ,2011,19
Iraq,IRQ,2012,24
Iraq,IRQ,2013,26
Iraq,IRQ,2014,28
Iraq,IRQ,2015,30
Iraq,IRQ,2016,34
Iraq,IRQ,2017,37
Iraq,IRQ,2018,32
Iraq,IRQ,2019,43
Iraq,IRQ,2020,45
Ireland,IRL,2000,85
Ireland,IRL,2001,85
Ireland,IRL,2002,85
Ireland,IRL,2003,85
Ireland,IRL,2004,85
Ireland,IRL,2005,85
Ireland,IRL,2006,85
Ireland,IRL,2007,85
Ireland,IRL,2008,86
Ireland,IRL,2009,86
Ireland,IRL,2010,86
Ireland,IRL,2011,87
Ireland,IRL,2012,88
Ireland,IRL,2013,88
Ireland,IRL,2014,89
Ireland,IRL,2015,89
Ireland,IRL,2016,90
Ireland,IRL,2017,90
Ireland,IRL,2018,91
Israel,ISR,2000,85
Israel,ISR,2001,86
Israel,ISR,2002,87
Israel,ISR,2003,87
Israel,ISR,2004,88
Israel,ISR,2005,88
Israel,ISR,2006,89
Israel,ISR,2007,89
Israel,ISR,2008,90
Israel,ISR,2009,90
Israel,ISR,2010,90
Israel,ISR,2011,91
Israel,ISR,2012,88
Israel,ISR,2013,92
Israel,ISR,2014,92
Israel,ISR,2015,92
Israel,ISR,2016,93
Israel,ISR,2017,93
Israel,ISR,2018,93
Italy,ITA,2000,68
Italy,ITA,2001,68
Italy,ITA,2002,69
Italy,ITA,2003,70
Italy,ITA,2004,71
Italy,ITA,2005,72
Italy,ITA,2006,77
Italy,ITA,2007,78
Italy,ITA,2008,78
Italy,ITA,2009,78
Italy,ITA,2010,78
Italy,ITA,2011,79
Italy,ITA,2012,79
Italy,ITA,2013,80
Italy,ITA,2014,81
Italy,ITA,2015,81
Italy,ITA,2016,82
Italy,ITA,2017,83
Italy,ITA,2018,83
Italy,ITA,2019,83
Italy,ITA,2020,85
Jamaica,JAM,2000,87
Jamaica,JAM,2001,87
Jamaica,JAM,2002,89
Jamaica,JAM,2003,90
Jamaica,JAM,2004,91
Jamaica,JAM,2005,78
Jamaica,JAM,2006,92
Jamaica,JAM,2007,92
Jamaica,JAM,2008,93
Jamaica,JAM,2009,93
Jamaica,JAM,2010,93
Jamaica,JAM,2011,82
Jamaica,JAM,2012,94
Jamaica,JAM,2013,94
Jamaica,JAM,2014,95
Jamaica,JAM,2015,95
Jamaica,JAM,2016,95
Japan,JPN,2000,92
Japan,JPN,2001,92
Japan,JPN,2002,93
Japan,JPN,2003,93
Japan,JPN,2004,19
Japan,JPN,2005,93
Japan,JPN,2006,93
Japan,JPN,2007,94
Japan,JPN,2008,94
Japan,JPN,2009,43
Japan,JPN,2010,94
Japan,JPN,2011,8
Japan,JPN,2012,95
Japan,JPN,2013,95
Japan,JPN,2014,0
Japan,JPN,2015,95
Japan,JPN,2016,95
Japan,JPN,2017,95
Japan,JPN,2018,96
Jordan,JOR,2000,50
Jordan,JOR,2001,52
Jordan,JOR,2002,55
Jordan,JOR,2003,55
Jordan,JOR,2004,56
Jordan,JOR,2005,57
Jordan,JOR,2006,58
Jordan,JOR,2007,57
Jordan,JOR,2008,60
Jordan,JOR,2009,61
Jordan,JOR,2010,61
Jordan,JOR,2011,62
Jordan,JOR,2012,59
Jordan,JOR,2013,57
Jordan,JOR,2014,62
Jordan,JOR,2015,62
Jordan,JOR,2016,61
Jordan,JOR,2017,56
Jordan,JOR,2018,57
Jordan,JOR,2019,59
Jordan,JOR,2020,59
Kazakhstan,KAZ,2000,89
Kazakhstan,KAZ,2001,91
Kazakhstan,KAZ,2002,92
Kazakhstan,KAZ,2003,93
Kazakhstan,KAZ,2004,94
Kazakhstan,KAZ,2005,94
Kazakhstan,KAZ,2006,92
Kazakhstan,KAZ,2007,96
Kazakhstan,KAZ,2008,96
Kazakhstan,KAZ,2009,96
Kazakhstan,KAZ,2010,91
Kazakhstan,KAZ,2011,91
Kazakhstan,KAZ,2012,97
Kazakhstan,KAZ,2013,97
Kazakhstan,KAZ,2014,97
Kazakhstan,KAZ,2015,94
Kazakhstan,KAZ,2016,97
Kazakhstan,KAZ,2017,98
Kazakhstan,KAZ,2018,98
Kazakhstan,KAZ,2019,98
Kazakhstan,KAZ,2020,98
Kenya,KEN,2000,25
Kenya,KEN,2001,24
Kenya,KEN,2002,25
Kenya,KEN,2003,25
Kenya,KEN,2004,26
Kenya,KEN,2005,26
Kenya,KEN,2006,27
Kenya,KEN,2007,28
Kenya,KEN,2008,31
Kenya,KEN,2009,27
Kenya,KEN,2010,31
Kenya,KEN,2011,32
Kenya,KEN,2012,34
Kenya,KEN,2013,35
Kenya,KEN,2014,42
Kenya,KEN,2015,37
Kenya,KEN,2016,38
Kenya,KEN,2017,38
Kenya,KEN,2018,38
Kenya,KEN,2019,56
Kenya,KEN,2020,50
Kiribati,KIR,2000,7
Kiribati,KIR,2001,8
Kiribati,KIR,2002,8
Kiribati,KIR,2003,9
Kiribati,KIR,2004,9
Kiribati,KIR,2005,9
Kiribati,KIR,2006,10
Kiribati,KIR,2007,10
Kiribati,KIR,2008,11
Kiribati,KIR,2009,11
Kiribati,KIR,2010,12
Kiribati,KIR,2011,12
Kiribati,KIR,2012,13
Kiribati,KIR,2013,13
Kiribati,KIR,2014,14
Kiribati,KIR,2015,14
Kiribati,KIR,2016,15
Kiribati,KIR,2017,16
Kiribati,KIR,2018,17
Kiribati,KIR,2019,17
Kiribati,KIR,2020,19
Kyrgyzstan,KGZ,2000,86
Kyrgyzstan,KGZ,2001,88
Kyrgyzstan,KGZ,2002,89
Kyrgyzstan,KGZ,2003,90
Kyrgyzstan,KGZ,2004,91
Kyrgyzstan,KGZ,2005,92
Kyrgyzstan,KGZ,2006,79
Kyrgyzstan,KGZ,2007,92
Kyrgyzstan,KGZ,2008,93
Kyrgyzstan,KGZ,2009,93
Kyrgyzstan,KGZ,2010,93
Kyrgyzstan,KGZ,2011,93
Kyrgyzstan,KGZ,2012,85
Kyrgyzstan,KGZ,2013,93
Kyrgyzstan,KGZ,2014,81
Kyrgyzstan,KGZ,2015,94
Kyrgyzstan,KGZ,2016,94
Kyrgyzstan,KGZ,2017,95
Kyrgyzstan,KGZ,2018,86
Kyrgyzstan,KGZ,2019,95
Kyrgyzstan,KGZ,2020,96
Laos,LAO,2000,12
Laos,LAO,2001,16
Laos,LAO,2002,17
Laos,LAO,2003,18
Laos,LAO,2004,20
Laos,LAO,2005,21
Laos,LAO,2006,19
Laos,LAO,2007,22
Laos,LAO,2008,23
Laos,LAO,2009,23
Laos,LAO,2010,24
Laos,LAO,2011,25
Laos,LAO,2012,25
Laos,LAO,2017,31
Latvia,LVA,2000,73
Latvia,LVA,2001,73
Latvia,LVA,2002,74
Latvia,LVA,2003,75
Latvia,LVA,2004,77
Latvia,LVA,2005,78
Latvia,LVA,2006,81
Latvia,LVA,2007,80
Latvia,LVA,2008,81
Latvia,LVA,2009,82
Latvia,LVA,2010,82
Latvia,LVA,2011,82
Latvia,LVA,2012,86
Latvia,LVA,2013,89
Latvia,LVA,2014,89
Latvia,LVA,2015,86
Latvia,LVA,2016,85
Latvia,LVA,2017,87
Latvia,LVA,2018,90
Latvia,LVA,2019,86
Latvia,LVA,2020,91
Lesotho,LSO,2000,13
Lesotho,LSO,2001,13
Lesotho,LSO,2002,13
Lesotho,LSO,2003,14
Lesotho,LSO,2004,14
Lesotho,LSO,2005,14
Lesotho,LSO,2006,16
Lesotho,LSO,2007,16
Lesotho,LSO,2008,17
Lesotho,LSO,2009,18
Lesotho,LSO,2010,17
Lesotho,LSO,2011,18
Lesotho,LSO,2012,18
Lesotho,LSO,2013,19
Lesotho,LSO,2014,11
Lesotho,LSO,2015,20
Lesotho,LSO,2016,20
Lesotho,LSO,2017,21
Lesotho,LSO,2018,32
Lesotho,LSO,2019,22
Lesotho,LSO,2020,22
Liberia,LBR,2000,10
Liberia,LBR,2001,10
Liberia,LBR,2002,9
Liberia,LBR,2003,9
Liberia,LBR,2004,9
Liberia,LBR,2005,10
Liberia,LBR,2006,10
Liberia,LBR,2007,7
Liberia,LBR,2008,6
Liberia,LBR,2009,11
Liberia,LBR,2010,11
Liberia,LBR,2011,11
Liberia,LBR,2012,11
Liberia,LBR,2013,13
Liberia,LBR,2014,12
Liberia,LBR,2015,12
Liberia,LBR,2016,12
Liberia,LBR,2017,13
Liberia,LBR,2018,13
Liberia,LBR,2019,19
Liberia,LBR,2020,13
Lithuania,LTU,2000,82
Lithuania,LTU,2001,82
Lithuania,LTU,2002,83
Lithuania,LTU,2003,84
Lithuania,LTU,2004,85
Lithuania,LTU,2005,87
Lithuania,LTU,2006,88
Lithuania,LTU,2007,90
Lithuania,LTU,2008,90
Lithuania,LTU,2009,88
Lithuania,LTU,2010,88
Lithuania,LTU,2011,88
Lithuania,LTU,2012,91
Lithuania,LTU,2013,92
Lithuania,LTU,2014,92
Lithuania,LTU,2015,91
Lithuania,LTU,2016,94
Lithuania,LTU,2017,92
Lithuania,LTU,2018,95
Lithuania,LTU,2019,95
Lithuania,LTU,2020,91
Luxembourg,LUX,2000,65
Luxembourg,LUX,2001,66
Luxembourg,LUX,2002,67
Luxembourg,LUX,2003,68
Luxembourg,LUX,2004,69
Luxembourg,LUX,2005,70
Luxembourg,LUX,2006,73
Luxembourg,LUX,2007,75
Luxembourg,LUX,2008,78
Luxembourg,LUX,2009,82
Luxembourg,LUX,2010,77
Luxembourg,LUX,2011,77
Luxembourg,LUX,2012,74
Luxembourg,LUX,2013,80
Luxembourg,LUX,2014,79
Luxembourg,LUX,2015,71
Luxembourg,LUX,2016,79
Luxembourg,LUX,2017,78
Luxembourg,LUX,2018,80
Luxembourg,LUX,2019,79
Luxembourg,LUX,2020,79
Madagascar,MDG,2000,5
Madagascar,MDG,2001,5
Madagascar,MDG,2002,5
Madagascar,MDG,2003,6
Madagascar,MDG,2004,12
Madagascar,MDG,2005,6
Madagascar,MDG,2006,7
Madagascar,MDG,2007,7
Madagascar,MDG,2008,8
Madagascar,MDG,2009,6
Madagascar,MDG,2010,9
Madagascar,MDG,2011,9
Madagascar,MDG,2012,10
Madagascar,MDG,2013,10
Madagascar,MDG,2014,10
Madagascar,MDG,2015,10
Madagascar,MDG,2016,11
Madagascar,MDG,2017,11
Madagascar,MDG,2018,15
Madagascar,MDG,2019,11
Madagascar,MDG,2020,11
Malawi,MWI,2000,9
Malawi,MWI,2001,9
Malawi,MWI,2002,9
Malawi,MWI,2003,10
Malawi,MWI,2004,13
Malawi,MWI,2005,10
Malawi,MWI,2006,20
Malawi,MWI,2007,11
Malawi,MWI,2008,14
Malawi,MWI,2009,12
Malawi,MWI,2010,15
Malawi,MWI,2011,13
Malawi,MWI,2012,13
Malawi,MWI,2013,13
Malawi,MWI,2014,11
Malawi,MWI,2015,14
Malawi,MWI,2016,14
Malawi,MWI,2017,14
Malawi,MWI,2018,14
Malawi,MWI,2019,15
Malawi,MWI,2020,15
Malaysia,MYS,2000,28
Malaysia,MYS,2001,31
Malaysia,MYS,2002,33
Malaysia,MYS,2003,34
Malaysia,MYS,2004,35
Malaysia,MYS,2005,37
Maldives,MDV,2000,12
Maldives,MDV,2001,13
Maldives,MDV,2002,14
Maldives,MDV,2003,15
Maldives,MDV,2004,16
Maldives,MDV,2005,17
Maldives,MDV,2006,17
Maldives,MDV,2007,18
Maldives,MDV,2008,13
Maldives,MDV,2009,13
Maldives,MDV,2010,21
Maldives,MDV,2011,22
Maldives,MDV,2012,23
Maldives,MDV,2013,24
Maldives,MDV,2014,26
Maldives,MDV,2015,27
Maldives,MDV,2016,29
Maldives,MDV,2017,40
Maldives,MDV,2018,31
Maldives,MDV,2019,33
Maldives,MDV,2020,34
Mali,MLI,2000,4
Mali,MLI,2001,4
Mali,MLI,2002,5
Mali,MLI,2003,5
Mali,MLI,2004,5
Mali,MLI,2005,6
Mali,MLI,2006,4
Mali,MLI,2007,7
Mali,MLI,2008,8
Mali,MLI,2009,9
Mali,MLI,2010,9
Mali,MLI,2011,9
Mali,MLI,2012,11
Mali,MLI,2013,11
Mali,MLI,2014,10
Mali,MLI,2015,16
Mali,MLI,2016,10
Mali,MLI,2017,10
Mali,MLI,2018,12
Mali,MLI,2019,10
Mali,MLI,2020,8
Malta,MLT,2000,45
Malta,MLT,2001,47
Malta,MLT,2002,48
Malta,MLT,2003,50
Malta,MLT,2004,52
Malta,MLT,2005,54
Malta,MLT,2006,55
Malta,MLT,2007,57
Malta,MLT,2008,59
Malta,MLT,2009,60
Malta,MLT,2010,62
Malta,MLT,2011,64
Malta,MLT,2012,66
Malta,MLT,2013,68
Malta,MLT,2014,69
Malta,MLT,2015,71
Malta,MLT,2016,72
Malta,MLT,2017,73
Malta,MLT,2018,75
Mauritania,MRT,2000,11
Mauritania,MRT,2001,10
Mauritania,MRT,2002,10
Mauritania,MRT,2003,10
Mauritania,MRT,2004,10
Mauritania,MRT,2005,10
Mauritania,MRT,2006,10
Mauritania,MRT,2007,8
Mauritania,MRT,2008,11
Mauritania,MRT,2009,12
Mauritania,MRT,2010,13
Mauritania,MRT,2011,14
Mauritania,MRT,2012,15
Mauritania,MRT,2013,17
Mauritania,MRT,2014,18
Mauritania,MRT,2015,13
Mauritania,MRT,2016,20
Mauritania,MRT,2017,21
Mauritania,MRT,2018,21
Mauritania,MRT,2019,22
Mauritania,MRT,2020,6
Mauritius,MUS,2000,20
Mauritius,MUS,2001,21
Mauritius,MUS,2002,22
Mauritius,MUS,2003,23
Mauritius,MUS,2004,25
Mauritius,MUS,2005,27
Mauritius,MUS,2006,29
Mauritius,MUS,2007,31
Mauritius,MUS,2008,34
Mauritius,MUS,2009,36
Mauritius,MUS,2010,39
Mauritius,MUS,2011,41
Mauritius,MUS,2012,44
Mauritius,MUS,2013,45
Mauritius,MUS,2014,47
Mauritius,MUS,2015,48
Mauritius,MUS,2016,49
Mauritius,MUS,2017,69
Mexico,MEX,2000,33
Mexico,MEX,2001,34
Mexico,MEX,2002,39
Mexico,MEX,2003,36
Mexico,MEX,2004,41
Mexico,MEX,2005,39
Mexico,MEX,2006,44
Mexico,MEX,2007,41
Mexico,MEX,2008,45
Mexico,MEX,2009,43
Mexico,MEX,2010,48
Mexico,MEX,2011,46
Mexico,MEX,2012,51
Mexico,MEX,2013,47
Mexico,MEX,2014,52
Mexico,MEX,2015,51
Mexico,MEX,2016,55
Mexico,MEX,2017,54
Mexico,MEX,2018,59
Mexico,MEX,2019,58
Mexico,MEX,2020,62
Moldova,MDA,2000,38
Moldova,MDA,2001,77
Moldova,MDA,2002,77
Moldova,MDA,2003,77
Moldova,MDA,2004,77
Moldova,MDA,2005,57
Moldova,MDA,2006,77
Moldova,MDA,2007,77
Moldova,MDA,2008,77
Moldova,MDA,2009,77
Moldova,MDA,2010,77
Moldova,MDA,2011,78
Moldova,MDA,2012,65
Moldova,MDA,2013,78
Moldova,MDA,2014,79
Moldova,MDA,2015,79
Moldova,MDA,2016,79
Moldova,MDA,2017,79
Mongolia,MNG,2000,52
Mongolia,MNG,2001,44
Mongolia,MNG,2002,46
Mongolia,MNG,2003,48
Mongolia,MNG,2004,51
Mongolia,MNG,2005,54
Mongolia,MNG,2006,62
Mongolia,MNG,2007,61
Mongolia,MNG,2008,64
Mongolia,MNG,2009,67
Mongolia,MNG,2010,63
Mongolia,MNG,2011,72
Mongolia,MNG,2012,74
Mongolia,MNG,2013,63
Mongolia,MNG,2014,63
Mongolia,MNG,2015,79
Mongolia,MNG,2016,81
Mongolia,MNG,2017,83
Mongolia,MNG,2018,77
Mongolia,MNG,2019,87
Mongolia,MNG,2020,88
Montenegro,MNE,2000,67
Montenegro,MNE,2001,68
Montenegro,MNE,2002,68
Montenegro,MNE,2003,69
Montenegro,MNE,2004,70
Montenegro,MNE,2005,69
Montenegro,MNE,2006,72
Montenegro,MNE,2007,74
Montenegro,MNE,2008,75
Montenegro,MNE,2009,77
Montenegro,MNE,2010,78
Montenegro,MNE,2011,79
Montenegro,MNE,2012,81
Montenegro,MNE,2013,84
Montenegro,MNE,2014,83
Montenegro,MNE,2015,84
Montenegro,MNE,2016,85
Montenegro,MNE,2017,86
Montenegro,MNE,2018,86
Montenegro,MNE,2019,87
Montenegro,MNE,2020,87
Morocco,MAR,2000,16
Morocco,MAR,2001,17
Morocco,MAR,2002,18
Morocco,MAR,2003,20
Morocco,MAR,2004,20
Morocco,MAR,2005,20
Morocco,MAR,2006,21
Morocco,MAR,2007,21
Morocco,MAR,2008,21
Morocco,MAR,2009,22
Morocco,MAR,2010,15
Mozambique,MOZ,2000,2
Mozambique,MOZ,2001,2
Mozambique,MOZ,2002,2
Mozambique,MOZ,2003,2
Mozambique,MOZ,2004,2
Mozambique,MOZ,2005,3
Mozambique,MOZ,2006,3
Mozambique,MOZ,2007,3
Mozambique,MOZ,2008,4
Mozambique,MOZ,2009,3
Mozambique,MOZ,2010,3
Mozambique,MOZ,2011,7
Mozambique,MOZ,2012,4
Mozambique,MOZ,2013,4
Mozambique,MOZ,2014,4
Mozambique,MOZ,2015,9
Mozambique,MOZ,2016,4
Myanmar,MMR,2000,6
Myanmar,MMR,2001,12
Myanmar,MMR,2002,13
Myanmar,MMR,2003,14
Myanmar,MMR,2004,14
Myanmar,MMR,2005,15
Myanmar,MMR,2006,15
Myanmar,MMR,2007,16
Myanmar,MMR,2008,16
Myanmar,MMR,2009,16
Myanmar,MMR,2010,16
Myanmar,MMR,2011,17
Myanmar,MMR,2012,18
Myanmar,MMR,2013,19
Myanmar,MMR,2014,20
Myanmar,MMR,2015,20
Myanmar,MMR,2016,17
Myanmar,MMR,2017,20
Myanmar,MMR,2018,21
Myanmar,MMR,2019,21
Myanmar,MMR,2020,22
Namibia,NAM,2000,23
Namibia,NAM,2001,25
Namibia,NAM,2002,24
Namibia,NAM,2003,24
Namibia,NAM,2004,23
Namibia,NAM,2005,23
Namibia,NAM,2006,24
Namibia,NAM,2007,23
Namibia,NAM,2008,25
Namibia,NAM,2009,26
Namibia,NAM,2010,28
Namibia,NAM,2011,29
Namibia,NAM,2012,30
Namibia,NAM,2013,37
Namibia,NAM,2014,32
Namibia,NAM,2015,30
Namibia,NAM,2016,33
Namibia,NAM,2017,33
Namibia,NAM,2018,34
Nepal,NPL,2000,14
Nepal,NPL,2001,5
Nepal,NPL,2002,16
Nepal,NPL,2003,16
Nepal,NPL,2004,17
Nepal,NPL,2005,18
Nepal,NPL,2006,7
Nepal,NPL,2007,7
Nepal,NPL,2008,23
Nepal,NPL,2009,25
Nepal,NPL,2010,28
Nepal,NPL,2011,30
Nepal,NPL,2012,30
Nepal,NPL,2013,31
Nepal,NPL,2014,31
Nepal,NPL,2015,31
Nepal,NPL,2016,32
Nepal,NPL,2017,33
Nepal,NPL,2018,34
Nepal,NPL,2019,28
Nepal,NPL,2020,36
Netherlands,NLD,2000,74
Netherlands,NLD,2001,74
Netherlands,NLD,2002,74
Netherlands,NLD,2003,75
Netherlands,NLD,2004,75
Netherlands,NLD,2005,76
Netherlands,NLD,2006,76
Netherlands,NLD,2007,77
Netherlands,NLD,2008,77
Netherlands,NLD,2009,78
Netherlands,NLD,2010,78
Netherlands,NLD,2011,79
Netherlands,NLD,2012,79
Netherlands,NLD,2013,79
Netherlands,NLD,2014,80
Netherlands,NLD,2015,80
Netherlands,NLD,2016,80
Netherlands,NLD,2017,80
Netherlands,NLD,2018,81
Netherlands,NLD,2019,81
Netherlands,NLD,2020,81
Nicaragua,NIC,2000,25
Nicaragua,NIC,2001,26
Nicaragua,NIC,2002,26
Nicaragua,NIC,2003,26
Nicaragua,NIC,2004,27
Nicaragua,NIC,2005,29
Nicaragua,NIC,2006,29
Nicaragua,NIC,2007,30
Nicaragua,NIC,2008,31
Nicaragua,NIC,2009,33
Nicaragua,NIC,2010,32
Nicaragua,NIC,2014,41
Niger,NER,2000,1
Niger,NER,2001,2
Niger,NER,2002,2
Niger,NER,2003,2
Niger,NER,2004,2
Niger,NER,2005,2
Niger,NER,2006,1
Niger,NER,2007,2
Niger,NER,2008,2
Niger,NER,2009,2
Niger,NER,2010,2
Niger,NER,2011,2
Niger,NER,2012,2
Niger,NER,2013,2
Niger,NER,2014,2
Niger,NER,2015,2
Niger,NER,2016,2
Niger,NER,2017,8
Nigeria,NGA,2000,51
Nigeria,NGA,2001,52
Nigeria,NGA,2002,53
Nigeria,NGA,2003,39
Nigeria,NGA,2004,55
Nigeria,NGA,2005,56
Nigeria,NGA,2006,57
Nigeria,NGA,2007,36
Nigeria,NGA,2008,48
Nigeria,NGA,2009,57
Nigeria,NGA,2010,45
Nigeria,NGA,2011,46
Nigeria,NGA,2012,57
Nigeria,NGA,2013,50
Nigeria,NGA,2014,58
Nigeria,NGA,2015,59
Nigeria,NGA,2016,59
Nigeria,NGA,2017,60
Nigeria,NGA,2018,49
Nigeria,NGA,2019,53
Nigeria,NGA,2020,62
North Macedonia,MKD,2000,54
North Macedonia,MKD,2001,56
North Macedonia,MKD,2002,57
North Macedonia,MKD,2003,59
North Macedonia,MKD,2004,60
North Macedonia,MKD,2005,58
North Macedonia,MKD,2006,64
North Macedonia,MKD,2007,66
North Macedonia,MKD,2008,67
North Macedonia,MKD,2009,69
North Macedonia,MKD,2010,70
North Macedonia,MKD,2011,74
North Macedonia,MKD,2012,74
North Macedonia,MKD,2013,75
North Macedonia,MKD,2014,76
North Macedonia,MKD,2015,77
North Macedonia,MKD,2016,78
North Macedonia,MKD,2017,79
North Macedonia,MKD,2018,84
North Macedonia,MKD,2019,83
North Macedonia,MKD,2020,82
Norway,NOR,2000,95
Norway,NOR,2001,95
Norway,NOR,2002,95
Norway,NOR,2003,95
Norway,NOR,2004,96
Norway,NOR,2005,96
Norway,NOR,2006,72
Norway,NOR,2007,72
Norway,NOR,2008,72
Norway,NOR,2009,70
Norway,NOR,2010,73
Norway,NOR,2011,75
Norway,NOR,2012,71
Norway,NOR,2013,77
Norway,NOR,2014,79
Norway,NOR,2015,79
Norway,NOR,2016,78
Norway,NOR,2017,81
Norway,NOR,2018,81
Norway,NOR,2019,82
Norway,NOR,2020,82
Pakistan,PAK,2000,13
Pakistan,PAK,2001,14
Pakistan,PAK,2002,14
Pakistan,PAK,2003,14
Pakistan,PAK,2004,14
Pakistan,PAK,2005,15
Pakistan,PAK,2006,15
Pakistan,PAK,2007,15
Pakistan,PAK,2008,17
Pakistan,PAK,2009,18
Pakistan,PAK,2010,19
Pakistan,PAK,2011,19
Pakistan,PAK,2012,20
Pakistan,PAK,2013,21
Pakistan,PAK,2014,21
Pakistan,PAK,2015,22
Pakistan,PAK,2016,22
Pakistan,PAK,2017,23
Pakistan,PAK,2018,23
Pakistan,PAK,2019,23
Pakistan,PAK,2020,24
Palestine,PSE,2000,63
Palestine,PSE,2001,65
Palestine,PSE,2002,66
Palestine,PSE,2003,68
Palestine,PSE,2004,70
Palestine,PSE,2005,72
Palestine,PSE,2006,74
Palestine,PSE,2007,76
Palestine,PSE,2008,78
Palestine,PSE,2009,80
Palestine,PSE,2010,64
Palestine,PSE,2011,80
Palestine,PSE,2012,80
Palestine,PSE,2013,79
Palestine,PSE,2014,62
Palestine,PSE,2015,79
Palestine,PSE,2016,79
Palestine,PSE,2017,60
Palestine,PSE,2018,80
Palestine,PSE,2019,73
Palestine,PSE,2020,62
Panama,PAN,2000,49
Panama,PAN,2001,47
Panama,PAN,2002,48
Panama,PAN,2003,51
Panama,PAN,2004,50
Panama,PAN,2005,53
Panama,PAN,2006,55
Panama,PAN,2007,56
Panama,PAN,2008,57
Panama,PAN,2009,57
Panama,PAN,2010,57
Panama,PAN,2011,59
Panama,PAN,2012,57
Panama,PAN,2013,59
Panama,PAN,2014,60
Panama,PAN,2015,61
Panama,PAN,2016,63
Panama,PAN,2017,64
Panama,PAN,2018,67
Panama,PAN,2019,66
Papua New Guinea,PNG,2000,8
Papua New Guinea,PNG,2001,9
Papua New Guinea,PNG,2002,9
Papua New Guinea,PNG,2003,9
Papua New Guinea,PNG,2004,9
Papua New Guinea,PNG,2005,9
Papua New Guinea,PNG,2006,10
Papua New Guinea,PNG,2007,10
Papua New Guinea,PNG,2008,10
Papua New Guinea,PNG,2009,10
Papua New Guinea,PNG,2010,11
Papua New Guinea,PNG,2011,11
Papua New Guinea,PNG,2012,11
Papua New Guinea,PNG,2013,11
Papua New Guinea,PNG,2014,11
Papua New Guinea,PNG,2015,12
Papua New Guinea,PNG,2016,12
Papua New Guinea,PNG,2017,12
Papua New Guinea,PNG,2018,17
Papua New Guinea,PNG,2019,12
Papua New Guinea,PNG,2020,13
Paraguay,PRY,2000,46
Paraguay,PRY,2001,37
Paraguay,PRY,2002,38
Paraguay,PRY,2003,42
Paraguay,PRY,2004,39
Paraguay,PRY,2005,44
Paraguay,PRY,2006,52
Paraguay,PRY,2007,49
Paraguay,PRY,2008,50
Paraguay,PRY,2009,54
Paraguay,PRY,2010,50
Paraguay,PRY,2011,55
Paraguay,PRY,2012,61
Paraguay,PRY,2013,59
Paraguay,PRY,2014,62
Paraguay,PRY,2015,62
Paraguay,PRY,2016,60
Paraguay,PRY,2017,63
Paraguay,PRY,2018,64
Paraguay,PRY,2019,69
Paraguay,PRY,2020,67
Peru,PER,2000,62
Peru,PER,2001,61
Peru,PER,2002,63
Peru,PER,2003,65
Peru,PER,2004,69
Peru,PER,2005,67
Peru,PER,2006,72
Peru,PER,2007,74
Peru,PER,2008,75
Peru,PER,2009,75
Peru,PER,2010,78
Peru,PER,2011,80
Peru,PER,2012,81
Peru,PER,2013,82
Peru,PER,2014,82
Peru,PER,2015,82
Peru,PER,2016,83
Peru,PER,2017,86
Peru,PER,2018,87
Peru,PER,2019,87
Peru,PER,2020,89
Philippines,PHL,2000,60
Philippines,PHL,2001,61
Philippines,PHL,2002,61
Philippines,PHL,2003,60
Philippines,PHL,2004,60
Philippines,PHL,2005,62
Philippines,PHL,2006,62
Philippines,PHL,2007,62
Philippines,PHL,2008,64
Philippines,PHL,2009,64
Philippines,PHL,2010,66
Philippines,PHL,2011,66
Philippines,PHL,2012,66
Philippines,PHL,2013,67
Philippines,PHL,2014,68
Philippines,PHL,2015,69
Philippines,PHL,2016,69
Philippines,PHL,2017,74
Philippines,PHL,2018,78
Philippines,PHL,2019,70
Philippines,PHL,2020,71
Poland,POL,2000,92
Poland,POL,2001,92
Poland,POL,2002,92
Poland,POL,2003,92
Poland,POL,2004,93
Poland,POL,2005,93
Poland,POL,2006,94
Poland,POL,2007,93
Poland,POL,2008,93
Poland,POL,2009,92
Poland,POL,2010,92
Poland,POL,2011,91
Poland,POL,2012,91
Poland,POL,2013,91
Poland,POL,2014,92
Poland,POL,2015,93
Poland,POL,2016,92
Poland,POL,2017,92
Poland,POL,2018,93
Poland,POL,2019,93
Poland,POL,2020,92
Portugal,PRT,2000,45
Portugal,PRT,2001,46
Portugal,PRT,2002,48
Portugal,PRT,2003,48
Portugal,PRT,2004,49
Portugal,PRT,2005,49
Portugal,PRT,2006,48
Portugal,PRT,2007,52
Portugal,PRT,2008,54
Portugal,PRT,2009,55
Portugal,PRT,2010,59
Portugal,PRT,2011,64
Portugal,PRT,2012,68
Portugal,PRT,2013,69
Portugal,PRT,2014,71
Portugal,PRT,2015,76
Portugal,PRT,2016,77
Portugal,PRT,2017,78
Portugal,PRT,2018,81
Portugal,PRT,2019,82
Portugal,PRT,2020,85
Puerto Rico,PRI,2010,87
Qatar,QAT,2000,76
Qatar,QAT,2001,77
Qatar,QAT,2002,77
Qatar,QAT,2003,77
Qatar,QAT,2004,77
Qatar,QAT,2005,78
Qatar,QAT,2006,79
Qatar,QAT,2007,79
Qatar,QAT,2008,80
Qatar,QAT,2009,81
Qatar,QAT,2010,81
Qatar,QAT,2011,82
Qatar,QAT,2012,83
Qatar,QAT,2013,83
Qatar,QAT,2014,83
Qatar,QAT,2015,84
Qatar,QAT,2016,84
Qatar,QAT,2017,84
Romania,ROU,2000,72
Romania,ROU,2001,72
Romania,ROU,2002,73
Romania,ROU,2003,74
Romania,ROU,2004,74
Romania,ROU,2005,75
Romania,ROU,2006,78
Romania,ROU,2007,79
Romania,ROU,2008,79
Romania,ROU,2009,79
Romania,ROU,2010,80
Romania,ROU,2011,81
Romania,ROU,2012,81
Romania,ROU,2013,81
Romania,ROU,2014,81
Romania,ROU,2015,80
Romania,ROU,2016,81
Romania,ROU,2017,81
Romania,ROU,2018,84
Romania,ROU,2019,85
Romania,ROU,2020,84
Russia,RUS,2000,86
Russia,RUS,2001,86
Russia,RUS,2002,87
Russia,RUS,2003,87
Russia,RUS,2004,87
Russia,RUS,2005,87
Russia,RUS,2006,87
Russia,RUS,2007,87
Russia,RUS,2008,87
Russia,RUS,2009,87
Russia,RUS,2010,88
Russia,RUS,2011,88
Russia,RUS,2012,89
Russia,RUS,2013,87
Russia,RUS,2014,89
Russia,RUS,2015,90
Russia,RUS,2016,90
Russia,RUS,2017,90
Russia,RUS,2018,91
Russia,RUS,2019,90
Russia,RUS,2020,91
Rwanda,RWA,2000,4
Rwanda,RWA,2001,4
Rwanda,RWA,2002,4
Rwanda,RWA,2003,5
Rwanda,RWA,2004,5
Rwanda,RWA,2005,4
Rwanda,RWA,2006,6
Rwanda,RWA,2007,7
Rwanda,RWA,2008,7
Rwanda,RWA,2009,8
Rwanda,RWA,2010,10
Rwanda,RWA,2011,9
Rwanda,RWA,2012,9
Rwanda,RWA,2013,11
Rwanda,RWA,2014,12
Rwanda,RWA,2015,18
Rwanda,RWA,2016,14
Rwanda,RWA,2017,15
Rwanda,RWA,2018,16
Rwanda,RWA,2019,16
Rwanda,RWA,2020,21
Saint Lucia,LCA,2000,58
Saint Lucia,LCA,2001,60
Saint Lucia,LCA,2002,62
Saint Lucia,LCA,2003,64
Saint Lucia,LCA,2004,66
Saint Lucia,LCA,2005,68
Saint Lucia,LCA,2006,70
Saint Lucia,LCA,2007,72
Saint Lucia,LCA,2008,74
Saint Lucia,LCA,2009,75
Saint Lucia,LCA,2010,77
Saint Lucia,LCA,2011,79
Saint Lucia,LCA,2012,83
Saint Lucia,LCA,2013,82
Saint Lucia,LCA,2014,83
Saint Lucia,LCA,2015,84
Saint Lucia,LCA,2016,85
Saint Lucia,LCA,2017,87
Samoa,WSM,2000,41
Samoa,WSM,2001,42
Samoa,WSM,2002,43
Samoa,WSM,2003,44
Samoa,WSM,2004,45
Samoa,WSM,2005,46
Samoa,WSM,2006,47
Samoa,WSM,2007,48
Samoa,WSM,2008,49
Samoa,WSM,2009,50
Samoa,WSM,2010,50
Samoa,WSM,2011,51
Samoa,WSM,2012,52
Samoa,WSM,2013,52
Samoa,WSM,2014,53
Samoa,WSM,2015,53
Samoa,WSM,2016,53
Samoa,WSM,2017,54
Samoa,WSM,2018,55
Samoa,WSM,2019,57
Samoa,WSM,2020,57
Sao Tome and Principe,STP,2000,6
Sao Tome and Principe,STP,2001,15
Sao Tome and Principe,STP,2002,15
Sao Tome and Principe,STP,2003,16
Sao Tome and Principe,STP,2004,17
Sao Tome and Principe,STP,2005,17
Sao Tome and Principe,STP,2006,18
Sao Tome and Principe,STP,2007,18
Sao Tome and Principe,STP,2008,9
Sao Tome and Principe,STP,2009,9
Sao Tome and Principe,STP,2010,21
Sao Tome and Principe,STP,2011,22
Sao Tome and Principe,STP,2012,24
Sao Tome and Principe,STP,2013,26
Sao Tome and Principe,STP,2014,8
Sao Tome and Principe,STP,2015,33
Sao Tome and Principe,STP,2016,36
Sao Tome and Principe,STP,2017,39
Sao Tome and Principe,STP,2018,42
Sao Tome and Principe,STP,2019,32
Sao Tome and Principe,STP,2020,47
Senegal,SEN,2000,6
Senegal,SEN,2001,5
Senegal,SEN,2002,9
Senegal,SEN,2003,5
Senegal,SEN,2004,5
Senegal,SEN,2005,3
Senegal,SEN,2006,6
Senegal,SEN,2007,6
Senegal,SEN,2008,6
Senegal,SEN,2009,7
Senegal,SEN,2010,7
Senegal,SEN,2011,7
Senegal,SEN,2012,8
Senegal,SEN,2013,8
Senegal,SEN,2014,8
Senegal,SEN,2015,8
Senegal,SEN,2016,9
Senegal,SEN,2017,12
Senegal,SEN,2018,15
Senegal,SEN,2019,11
Senegal,SEN,2020,11
Serbia,SRB,2000,58
Serbia,SRB,2001,58
Serbia,SRB,2002,59
Serbia,SRB,2003,60
Serbia,SRB,2004,61
Serbia,SRB,2005,64
Serbia,SRB,2006,63
Serbia,SRB,2007,64
Serbia,SRB,2008,65
Serbia,SRB,2009,67
Serbia,SRB,2010,69
Serbia,SRB,2011,69
Serbia,SRB,2012,71
Serbia,SRB,2013,72
Serbia,SRB,2014,76
Serbia,SRB,2015,75
Serbia,SRB,2016,76
Serbia,SRB,2017,77
Serbia,SRB,2018,78
Serbia,SRB,2019,83
Serbia,SRB,2020,80
Sierra Leone,SLE,2000,3
Sierra Leone,SLE,2001,5
Sierra Leone,SLE,2002,6
Sierra Leone,SLE,2003,6
Sierra Leone,SLE,2004,1
Sierra Leone,SLE,2005,7
Sierra Leone,SLE,2006,8
Sierra Leone,SLE,2007,9
Sierra Leone,SLE,2008,10
Sierra Leone,SLE,2009,10
Sierra Leone,SLE,2010,9
Sierra Leone,SLE,2011,11
Sierra Leone,SLE,2012,11
Sierra Leone,SLE,2013,20
Sierra Leone,SLE,2014,12
Sierra Leone,SLE,2015,12
Sierra Leone,SLE,2016,12
Sierra Leone,SLE,2017,19
Sierra Leone,SLE,2018,12
Sierra Leone,SLE,2019,20
Sierra Leone,SLE,2020,12
Slovakia,SVK,2000,96
Slovakia,SVK,2001,96
Slovakia,SVK,2002,96
Slovakia,SVK,2003,96
Slovakia,SVK,2004,96
Slovakia,SVK,2005,96
Slovakia,SVK,2006,96
Slovakia,SVK,2007,96
Slovakia,SVK,2008,96
Slovakia,SVK,2009,96
Slovakia,SVK,2010,96
Slovakia,SVK,2011,96
Slovakia,SVK,2012,96
Slovakia,SVK,2013,96
Slovakia,SVK,2014,96
Slovakia,SVK,2015,96
Slovakia,SVK,2016,96
Slovakia,SVK,2017,96
Slovakia,SVK,2018,96
Slovakia,SVK,2019,96
Slovakia,SVK,2020,96
Slovenia,SVN,2000,88
Slovenia,SVN,2001,88
Slovenia,SVN,2002,89
Slovenia,SVN,2003,89
Slovenia,SVN,2004,90
Slovenia,SVN,2005,90
Slovenia,SVN,2006,90
Slovenia,SVN,2007,92
Slovenia,SVN,2008,93
Slovenia,SVN,2009,91
Slovenia,SVN,2010,91
Slovenia,SVN,2011,90
Slovenia,SVN,2012,92
Slovenia,SVN,2013,92
Slovenia,SVN,2014,91
Slovenia,SVN,2015,91
Slovenia,SVN,2016,92
Slovenia,SVN,2017,91
Slovenia,SVN,2018,92
Slovenia,SVN,2019,93
Slovenia,SVN,2020,95
Somalia,SOM,2000,6
Somalia,SOM,2001,6
Somalia,SOM,2002,6
Somalia,SOM,2003,6
Somalia,SOM,2004,6
Somalia,SOM,2005,6
Somalia,SOM,2006,7
Somalia,SOM,2007,7
Somalia,SOM,2008,7
Somalia,SOM,2009,7
Somalia,SOM,2010,7
Somalia,SOM,2011,9
South Africa,ZAF,2000,42
South Africa,ZAF,2001,42
South Africa,ZAF,2002,42
South Africa,ZAF,2003,42
South Africa,ZAF,2004,42
South Africa,ZAF,2005,42
South Africa,ZAF,2006,43
South Africa,ZAF,2007,43
South Africa,ZAF,2008,44
South Africa,ZAF,2009,44
South Africa,ZAF,2010,45
South Africa,ZAF,2011,49
South Africa,ZAF,2012,46
South Africa,ZAF,2013,46
South Africa,ZAF,2014,46
South Africa,ZAF,2015,46
South Africa,ZAF,2016,49
South Africa,ZAF,2017,47
South Africa,ZAF,2018,47
South Africa,ZAF,2019,48
South Africa,ZAF,2020,61
South Korea,KOR,2000,98
South Korea,KOR,2001,98
South Korea,KOR,2002,98
South Korea,KOR,2003,98
South Korea,KOR,2004,98
South Korea,KOR,2005,98
South Korea,KOR,2006,93
South Korea,KOR,2007,98
South Korea,KOR,2008,83
South Korea,KOR,2009,98
South Korea,KOR,2010,98
South Korea,KOR,2011,98
South Korea,KOR,2012,99
South Korea,KOR,2013,98
South Korea,KOR,2014,98
South Korea,KOR,2015,98
South Korea,KOR,2016,98
South Korea,KOR,2017,98
South Korea,KOR,2018,99
South Korea,KOR,2019,99
South Korea,KOR,2020,99
South Sudan,SSD,2000,15
South Sudan,SSD,2001,1
South Sudan,SSD,2002,1
South Sudan,SSD,2003,1
South Sudan,SSD,2004,1
South Sudan,SSD,2005,1
South Sudan,SSD,2006,1
South Sudan,SSD,2007,1
South Sudan,SSD,2008,1
South Sudan,SSD,2009,1
South Sudan,SSD,2010,6
South Sudan,SSD,2011,1
South Sudan,SSD,2012,1
South Sudan,SSD,2013,1
South Sudan,SSD,2014,2
South Sudan,SSD,2015,2
South Sudan,SSD,2017,27
Spain,ESP,2000,64
Spain,ESP,2001,63
Spain,ESP,2002,63
Spain,ESP,2003,63
Spain,ESP,2004,62
Spain,ESP,2005,62
Spain,ESP,2006,61
Spain,ESP,2007,63
Spain,ESP,2008,61
Spain,ESP,2009,57
Spain,ESP,2010,60
Spain,ESP,2011,62
Spain,ESP,2012,64
Spain,ESP,2013,64
Spain,ESP,2014,69
Spain,ESP,2015,69
Spain,ESP,2016,71
Spain,ESP,2017,73
Spain,ESP,2018,72
Spain,ESP,2019,75
Spain,ESP,2020,78
Sri Lanka,LKA,2006,25
Sudan,SDN,2000,8
Sudan,SDN,2001,15
Sudan,SDN,2002,16
Sudan,SDN,2003,16
Sudan,SDN,2004,17
Sudan,SDN,2005,18
Sudan,SDN,2006,19
Sudan,SDN,2007,20
Sudan,SDN,2008,21
Sudan,SDN,2009,22
Sudan,SDN,2010,34
Sudan,SDN,2011,24
Sudan,SDN,2012,25
Sudan,SDN,2013,25
Sudan,SDN,2014,31
Sudan,SDN,2015,26
Sudan,SDN,2016,27
Sudan,SDN,2017,28
Sudan,SDN,2018,29
Sudan,SDN,2019,29
Suriname,SUR,2000,15
Suriname,SUR,2001,19
Suriname,SUR,2002,20
Suriname,SUR,2003,20
Suriname,SUR,2004,21
Suriname,SUR,2005,21
Suriname,SUR,2006,18
Suriname,SUR,2007,23
Suriname,SUR,2008,24
Suriname,SUR,2009,25
Suriname,SUR,2010,25
Suriname,SUR,2011,26
Suriname,SUR,2012,27
Suriname,SUR,2013,28
Suriname,SUR,2014,28
Suriname,SUR,2015,28
Suriname,SUR,2016,29
Suriname,SUR,2017,29
Suriname,SUR,2018,23
Suriname,SUR,2019,30
Suriname,SUR,2020,30
Sweden,SWE,2000,88
Sweden,SWE,2001,88
Sweden,SWE,2002,88
Sweden,SWE,2003,88
Sweden,SWE,2004,89
Sweden,SWE,2005,89
Sweden,SWE,2006,87
Sweden,SWE,2007,87
Sweden,SWE,2008,87
Sweden,SWE,2009,88
Sweden,SWE,2010,87
Sweden,SWE,2011,88
Sweden,SWE,2012,87
Sweden,SWE,2013,87
Sweden,SWE,2014,88
Sweden,SWE,2015,88
Sweden,SWE,2016,88
Sweden,SWE,2017,86
Sweden,SWE,2018,86
Sweden,SWE,2019,85
Sweden,SWE,2020,84
Switzerland,CHE,2000,91
Switzerland,CHE,2001,92
Switzerland,CHE,2002,92
Switzerland,CHE,2003,92
Switzerland,CHE,2004,92
Switzerland,CHE,2005,92
Switzerland,CHE,2006,84
Switzerland,CHE,2007,88
Switzerland,CHE,2008,88
Switzerland,CHE,2009,88
Switzerland,CHE,2010,89
Switzerland,CHE,2011,90
Switzerland,CHE,2012,91
Switzerland,CHE,2013,91
Switzerland,CHE,2014,92
Switzerland,CHE,2015,92
Switzerland,CHE,2016,92
Switzerland,CHE,2017,93
Switzerland,CHE,2018,93
Switzerland,CHE,2019,93
Switzerland,CHE,2020,93
Syria,SYR,2000,24
Syria,SYR,2001,24
Syria,SYR,2002,25
Syria,SYR,2003,26
Syria,SYR,2004,27
Syria,SYR,2005,28
Syria,SYR,2006,28
Syria,SYR,2007,30
Syria,SYR,2008,30
Syria,SYR,2009,31
Syria,SYR,2010,31
Syria,SYR,2011,32
Tajikistan,TJK,2000,56
Tajikistan,TJK,2001,53
Tajikistan,TJK,2002,54
Tajikistan,TJK,2003,55
Tajikistan,TJK,2004,55
Tajikistan,TJK,2005,56
Tajikistan,TJK,2006,55
Tajikistan,TJK,2007,58
Tajikistan,TJK,2008,59
Tajikistan,TJK,2009,60
Tajikistan,TJK,2010,61
Tajikistan,TJK,2011,63
Tajikistan,TJK,2012,60
Tajikistan,TJK,2013,66
Tajikistan,TJK,2014,68
Tajikistan,TJK,2015,70
Tajikistan,TJK,2016,72
Tajikistan,TJK,2017,72
Tajikistan,TJK,2018,75
Tajikistan,TJK,2019,76
Tajikistan,TJK,2020,76
Tanzania,TZA,2000,6
Tanzania,TZA,2001,6
Tanzania,TZA,2002,2
Tanzania,TZA,2003,6
Tanzania,TZA,2004,3
Tanzania,TZA,2005,7
Tanzania,TZA,2006,7
Tanzania,TZA,2007,7
Tanzania,TZA,2008,8
Tanzania,TZA,2009,8
Tanzania,TZA,2010,3
Tanzania,TZA,2011,9
Tanzania,TZA,2012,9
Tanzania,TZA,2013,10
Tanzania,TZA,2014,10
Tanzania,TZA,2015,8
Tanzania,TZA,2016,10
Tanzania,TZA,2017,9
Tanzania,TZA,2018,7
Tanzania,TZA,2019,12
Tanzania,TZA,2020,11
Thailand,THA,2000,36
Thailand,THA,2001,48
Thailand,THA,2002,50
Thailand,THA,2003,52
Thailand,THA,2004,53
Thailand,THA,2005,55
Thailand,THA,2006,54
Thailand,THA,2007,54
Thailand,THA,2008,54
Thailand,THA,2009,55
Thailand,THA,2010,55
Thailand,THA,2011,55
Thailand,THA,2012,56
Thailand,THA,2013,54
Thailand,THA,2014,57
Thailand,THA,2015,56
Thailand,THA,2016,57
Thailand,THA,2017,62
Thailand,THA,2018,63
Thailand,THA,2019,66
Thailand,THA,2020,65
Togo,TGO,2000,1
Togo,TGO,2001,5
Togo,TGO,2002,6
Togo,TGO,2003,6
Togo,TGO,2004,7
Togo,TGO,2005,7
Togo,TGO,2006,9
Togo,TGO,2007,8
Togo,TGO,2008,8
Togo,TGO,2009,9
Togo,TGO,2010,10
Togo,TGO,2011,10
Togo,TGO,2012,11
Togo,TGO,2013,12
Togo,TGO,2014,15
Togo,TGO,2015,14
Togo,TGO,2016,16
Togo,TGO,2017,21
Togo,TGO,2018,18
Togo,TGO,2019,18
Togo,TGO,2020,19
Tonga,TON,2000,75
Tonga,TON,2001,76
Tonga,TON,2002,76
Tonga,TON,2003,76
Tonga,TON,2004,77
Tonga,TON,2005,77
Tonga,TON,2006,78
Tonga,TON,2007,78
Tonga,TON,2008,79
Tonga,TON,2009,79
Tonga,TON,2010,80
Tonga,TON,2011,80
Tonga,TON,2012,81
Tonga,TON,2013,82
Tonga,TON,2014,82
Tonga,TON,2015,83
Tonga,TON,2016,83
Tonga,TON,2017,84
Tonga,TON,2018,85
Tonga,TON,2019,36
Tonga,TON,2020,86
Trinidad and Tobago,TTO,2000,74
Trinidad and Tobago,TTO,2001,75
Trinidad and Tobago,TTO,2002,76
Trinidad and Tobago,TTO,2003,76
Trinidad and Tobago,TTO,2004,77
Trinidad and Tobago,TTO,2005,79
Trinidad and Tobago,TTO,2006,80
Trinidad and Tobago,TTO,2007,81
Trinidad and Tobago,TTO,2008,82
Trinidad and Tobago,TTO,2009,83
Trinidad and Tobago,TTO,2010,84
Trinidad and Tobago,TTO,2011,82
Trinidad and Tobago,TTO,2012,85
Trinidad and Tobago,TTO,2013,86
Trinidad and Tobago,TTO,2014,86
Trinidad and Tobago,TTO,2015,87
Trinidad and Tobago,TTO,2016,88
Tunisia,TUN,2000,28
Tunisia,TUN,2001,29
Tunisia,TUN,2002,31
Tunisia,TUN,2003,33
Tunisia,TUN,2004,35
Tunisia,TUN,2005,37
Tunisia,TUN,2006,39
Tunisia,TUN,2007,41
Tunisia,TUN,2008,43
Tunisia,TUN,2009,46
Tunisia,TUN,2010,47
Tunisia,TUN,2011,49
Tunisia,TUN,2012,44
Tunisia,TUN,2013,53
Tunisia,TUN,2014,55
Tunisia,TUN,2015,57
Tunisia,TUN,2016,58
Tunisia,TUN,2017,60
Tunisia,TUN,2018,49
Tunisia,TUN,2019,64
Tunisia,TUN,2020,66
Turkey,TUR,2000,33
Turkey,TUR,2001,34
Turkey,TUR,2002,35
Turkey,TUR,2003,36
Turkey,TUR,2004,44
Turkey,TUR,2005,40
Turkey,TUR,2006,42
Turkey,TUR,2007,44
Turkey,TUR,2008,56
Turkey,TUR,2009,49
Turkey,TUR,2010,51
Turkey,TUR,2011,54
Turkey,TUR,2012,56
Turkey,TUR,2013,42
Turkey,TUR,2014,56
Turkey,TUR,2015,60
Turkey,TUR,2016,61
Turkey,TUR,2017,62
Turkey,TUR,2018,64
Turkmenistan,TKM,2000,92
Turkmenistan,TKM,2001,92
Turkmenistan,TKM,2002,92
Turkmenistan,TKM,2003,92
Turkmenistan,TKM,2004,93
Turkmenistan,TKM,2005,93
Turkmenistan,TKM,2006,93
Turkmenistan,TKM,2007,93
Turkmenistan,TKM,2008,93
Turkmenistan,TKM,2009,93
Turkmenistan,TKM,2010,93
Turkmenistan,TKM,2011,93
Turkmenistan,TKM,2012,93
Turkmenistan,TKM,2013,94
Turkmenistan,TKM,2014,94
Turkmenistan,TKM,2015,96
Turkmenistan,TKM,2016,96
Turkmenistan,TKM,2017,94
Turkmenistan,TKM,2018,94
Turkmenistan,TKM,2019,94
Turkmenistan,TKM,2020,94
Turks and Caicos Islands,TCA,2020,98
Tuvalu,TUV,2000,33
Tuvalu,TUV,2001,34
Tuvalu,TUV,2002,35
Tuvalu,TUV,2003,35
Tuvalu,TUV,2004,36
Tuvalu,TUV,2005,37
Tuvalu,TUV,2006,38
Tuvalu,TUV,2007,39
Tuvalu,TUV,2008,40
Tuvalu,TUV,2009,41
Tuvalu,TUV,2010,42
Tuvalu,TUV,2011,43
Tuvalu,TUV,2012,44
Tuvalu,TUV,2013,45
Tuvalu,TUV,2014,46
Tuvalu,TUV,2015,47
Tuvalu,TUV,2016,49
Tuvalu,TUV,2017,50
Tuvalu,TUV,2018,50
Tuvalu,TUV,2019,55
Tuvalu,TUV,2020,55
Uganda,UGA,2000,9
Uganda,UGA,2001,11
Uganda,UGA,2002,9
Uganda,UGA,2003,10
Uganda,UGA,2004,11
Uganda,UGA,2005,11
Uganda,UGA,2006,10
Uganda,UGA,2007,12
Uganda,UGA,2008,13
Uganda,UGA,2009,14
Uganda,UGA,2010,14
Uganda,UGA,2011,16
Uganda,UGA,2012,16
Uganda,UGA,2013,16
Uganda,UGA,2014,16
Uganda,UGA,2015,16
Uganda,UGA,2016,18
Uganda,UGA,2017,15
Uganda,UGA,2018,16
Uganda,UGA,2019,16
Uganda,UGA,2020,16
Ukraine,UKR,2000,89
Ukraine,UKR,2001,90
Ukraine,UKR,2002,90
Ukraine,UKR,2003,91
Ukraine,UKR,2004,92
Ukraine,UKR,2005,92
Ukraine,UKR,2006,93
Ukraine,UKR,2007,90
Ukraine,UKR,2008,93
Ukraine,UKR,2009,94
Ukraine,UKR,2010,94
Ukraine,UKR,2011,94
Ukraine,UKR,2012,95
Ukraine,UKR,2013,95
Ukraine,UKR,2014,95
Ukraine,UKR,2015,95
Ukraine,UKR,2016,95
Ukraine,UKR,2017,96
United Kingdom,GBR,2000,90
United Kingdom,GBR,2001,90
United Kingdom,GBR,2002,90
United Kingdom,GBR,2003,90
United Kingdom,GBR,2004,90
United Kingdom,GBR,2005,90
United Kingdom,GBR,2006,77
United Kingdom,GBR,2007,76
United Kingdom,GBR,2008,76
United Kingdom,GBR,2009,77
United Kingdom,GBR,2010,77
United Kingdom,GBR,2011,79
United Kingdom,GBR,2012,81
United Kingdom,GBR,2013,81
United Kingdom,GBR,2014,83
United Kingdom,GBR,2015,84
United Kingdom,GBR,2016,83
United Kingdom,GBR,2017,83
United Kingdom,GBR,2018,83
United Kingdom,GBR,2019,84
United States,USA,2000,87
United States,USA,2001,88
United States,USA,2002,88
United States,USA,2003,88
United States,USA,2004,88
United States,USA,2005,89
United States,USA,2006,89
United States,USA,2007,89
United States,USA,2008,90
United States,USA,2009,90
United States,USA,2010,90
United States,USA,2011,91
United States,USA,2012,91
United States,USA,2013,92
United States,USA,2014,92
United States,USA,2015,93
United States,USA,2016,94
United States,USA,2017,94
United States,USA,2018,93
United States,USA,2019,93
United States,USA,2020,95
Uruguay,URY,2000,35
Uruguay,URY,2001,36
Uruguay,URY,2002,36
Uruguay,URY,2003,37
Uruguay,URY,2004,37
Uruguay,URY,2005,37
Uruguay,URY,2006,37
Uruguay,URY,2007,37
Uruguay,URY,2008,33
Uruguay,URY,2009,34
Uruguay,URY,2010,34
Uruguay,URY,2011,37
Uruguay,URY,2012,34
Uruguay,URY,2013,35
Uruguay,URY,2014,35
Uruguay,URY,2015,35
Uruguay,URY,2016,36
Uruguay,URY,2017,39
Uruguay,URY,2018,40
Uruguay,URY,2019,41
Uruguay,URY,2020,43
Uzbekistan,UZB,2000,72
Uzbekistan,UZB,2001,68
Uzbekistan,UZB,2002,70
Uzbekistan,UZB,2003,73
Uzbekistan,UZB,2004,75
Uzbekistan,UZB,2005,78
Uzbekistan,UZB,2006,74
Uzbekistan,UZB,2007,82
Uzbekistan,UZB,2008,83
Uzbekistan,UZB,2009,84
Uzbekistan,UZB,2010,85
Uzbekistan,UZB,2011,86
Vanuatu,VUT,2000,7
Vanuatu,VUT,2001,7
Vanuatu,VUT,2002,7
Vanuatu,VUT,2003,7
Vanuatu,VUT,2004,7
Vanuatu,VUT,2005,8
Vanuatu,VUT,2006,8
Vanuatu,VUT,2007,7
Vanuatu,VUT,2008,8
Vanuatu,VUT,2009,8
Vanuatu,VUT,2010,9
Vanuatu,VUT,2011,9
Vanuatu,VUT,2012,9
Venezuela,VEN,2000,43
Venezuela,VEN,2001,46
Venezuela,VEN,2002,46
Venezuela,VEN,2003,48
Venezuela,VEN,2004,49
Venezuela,VEN,2005,52
Venezuela,VEN,2006,57
Venezuela,VEN,2007,61
Venezuela,VEN,2008,63
Venezuela,VEN,2009,66
Venezuela,VEN,2010,68
Venezuela,VEN,2011,70
Venezuela,VEN,2012,69
Venezuela,VEN,2013,71
Venezuela,VEN,2014,70
Vietnam,VNM,2000,16
Vietnam,VNM,2001,36
Vietnam,VNM,2002,29
Vietnam,VNM,2003,40
Vietnam,VNM,2004,42
Vietnam,VNM,2005,44
Vietnam,VNM,2006,36
Vietnam,VNM,2007,46
Vietnam,VNM,2008,47
Vietnam,VNM,2009,35
Vietnam,VNM,2010,48
Vietnam,VNM,2011,48
Vietnam,VNM,2012,53
Vietnam,VNM,2013,54
Vietnam,VNM,2014,55
Vietnam,VNM,2015,56
Vietnam,VNM,2016,57
Vietnam,VNM,2017,58
Vietnam,VNM,2018,59
Vietnam,VNM,2019,60
Vietnam,VNM,2020,82
World,OWID_WRL,2000,37
World,OWID_WRL,2001,38
World,OWID_WRL,2002,39
World,OWID_WRL,2003,40
World,OWID_WRL,2004,40
World,OWID_WRL,2005,41
World,OWID_WRL,2006,42
World,OWID_WRL,2007,43
World,OWID_WRL,2008,44
World,OWID_WRL,2009,45
World,OWID_WRL,2010,47
World,OWID_WRL,2011,48
World,OWID_WRL,2012,50
World,OWID_WRL,2013,51
World,OWID_WRL,2014,52
World,OWID_WRL,2015,53
World,OWID_WRL,2016,54
World,OWID_WRL,2017,55
World,OWID_WRL,2018,56
World,OWID_WRL,2019,57
World,OWID_WRL,2020,58
Yemen,YEM,2000,23
Yemen,YEM,2001,24
Yemen,YEM,2002,25
Yemen,YEM,2003,25
Yemen,YEM,2004,26
Yemen,YEM,2005,27
Yemen,YEM,2006,33
Yemen,YEM,2007,29
Yemen,YEM,2008,30
Yemen,YEM,2009,31
Yemen,YEM,2010,32
Yemen,YEM,2011,33
Yemen,YEM,2013,31
Zambia,ZMB,2000,15
Zambia,ZMB,2001,16
Zambia,ZMB,2002,16
Zambia,ZMB,2003,16
Zambia,ZMB,2004,17
Zambia,ZMB,2005,17
Zambia,ZMB,2006,18
Zambia,ZMB,2007,21
Zambia,ZMB,2008,19
Zambia,ZMB,2009,20
Zambia,ZMB,2010,24
Zambia,ZMB,2011,22
Zambia,ZMB,2012,23
Zambia,ZMB,2013,28
Zambia,ZMB,2014,24
Zambia,ZMB,2015,25
Zambia,ZMB,2016,26
Zambia,ZMB,2017,26
Zambia,ZMB,2018,29
Zambia,ZMB,2019,28
Zambia,ZMB,2020,28
Zimbabwe,ZWE,2000,10
Zimbabwe,ZWE,2001,10
Zimbabwe,ZWE,2002,10
Zimbabwe,ZWE,2003,10
Zimbabwe,ZWE,2004,10
Zimbabwe,ZWE,2005,5
Zimbabwe,ZWE,2006,10
Zimbabwe,ZWE,2007,10
Zimbabwe,ZWE,2008,10
Zimbabwe,ZWE,2009,13
Zimbabwe,ZWE,2010,12
Zimbabwe,ZWE,2011,9
Zimbabwe,ZWE,2012,11
Zimbabwe,ZWE,2013,9
Zimbabwe,ZWE,2014,10
Zimbabwe,ZWE,2015,13
Zimbabwe,ZWE,2016,8
Zimbabwe,ZWE,2017,8
Zimbabwe,ZWE,2018,8
Zimbabwe,ZWE,2019,14
Zimbabwe,ZWE,2020,8
