Entity,Code,Year,Consumption of controlled substance (zero-filled) - Chemical: All (Ozone-depleting)
Afghanistan,AFG,2000,0.9
Afghanistan,AFG,2004,181.5
Afghanistan,AFG,2005,145.40001
Afghanistan,AFG,2006,99.4
Afghanistan,AFG,2007,61.3
Afghanistan,AFG,2008,47.9
Afghanistan,AFG,2009,49.2
Afghanistan,AFG,2010,24.9
Afghanistan,AFG,2011,24.04
Afghanistan,AFG,2012,17.34
Afghanistan,AFG,2013,17.7
Afghanistan,AFG,2014,20.46
Afghanistan,AFG,2015,20.24
Afghanistan,AFG,2016,20.02
Afghanistan,AFG,2017,18.54
Afghanistan,AFG,2018,18.04
Afghanistan,AFG,2019,17.77
Afghanistan,AFG,2020,6.05
Albania,ALB,2000,65.1
Albania,ALB,2001,70.200005
Albania,ALB,2002,50.5
Albania,ALB,2003,38.0
Albania,ALB,2004,36.6
Albania,ALB,2005,14.3
Albania,ALB,2006,15.2
Albania,ALB,2007,6.6
Albania,ALB,2008,4.1
Albania,ALB,2009,5.4
Albania,ALB,2010,6.5
Albania,ALB,2011,6.49
Albania,ALB,2012,6.59
Albania,ALB,2013,5.67
Albania,ALB,2014,1.64
Albania,ALB,2015,2.58
Albania,ALB,2016,3.74
Albania,ALB,2017,2.99
Albania,ALB,2018,3.88
Albania,ALB,2019,3.41
Albania,ALB,2020,3.1
Algeria,DZA,2000,1704.5
Algeria,DZA,2001,1226.1
Algeria,DZA,2002,1966.1
Algeria,DZA,2003,1966.1
Algeria,DZA,2004,1142.2
Algeria,DZA,2005,956.2
Algeria,DZA,2006,428.7
Algeria,DZA,2007,318.1
Algeria,DZA,2008,272.5
Algeria,DZA,2009,174.35
Algeria,DZA,2010,65.68
Algeria,DZA,2011,69.12
Algeria,DZA,2012,58.36
Algeria,DZA,2013,51.97
Algeria,DZA,2014,53.66
Algeria,DZA,2015,53.43
Algeria,DZA,2016,24.16
Algeria,DZA,2017,28.52
Algeria,DZA,2018,30.13
Algeria,DZA,2019,46.37
Algeria,DZA,2020,39.33
Andorra,AND,2009,1.9
Andorra,AND,2010,0.0
Andorra,AND,2011,0.0
Andorra,AND,2012,0.0
Andorra,AND,2013,0.0
Andorra,AND,2014,0.0
Andorra,AND,2015,0.0
Andorra,AND,2016,0.0
Andorra,AND,2017,0.0
Andorra,AND,2018,0.0
Andorra,AND,2019,0.0
Andorra,AND,2020,0.0
Angola,AGO,2000,107.0
Angola,AGO,2001,119.8
Angola,AGO,2002,110.0
Angola,AGO,2003,109.7
Angola,AGO,2004,82.2
Angola,AGO,2005,59.2
Angola,AGO,2006,42.1
Angola,AGO,2007,17.0
Angola,AGO,2008,20.2
Angola,AGO,2009,35.3
Angola,AGO,2010,12.7
Angola,AGO,2011,11.55
Angola,AGO,2012,6.6
Angola,AGO,2013,15.43
Angola,AGO,2014,13.21
Angola,AGO,2015,13.78
Angola,AGO,2016,11.55
Angola,AGO,2017,10.45
Angola,AGO,2018,10.45
Angola,AGO,2019,9.35
Angola,AGO,2020,9.16
Antigua and Barbuda,ATG,2000,5.1
Antigua and Barbuda,ATG,2001,3.3
Antigua and Barbuda,ATG,2002,4.0
Antigua and Barbuda,ATG,2003,1.7
Antigua and Barbuda,ATG,2004,2.6
Antigua and Barbuda,ATG,2005,1.7
Antigua and Barbuda,ATG,2006,1.6
Antigua and Barbuda,ATG,2007,0.9
Antigua and Barbuda,ATG,2008,0.3
Antigua and Barbuda,ATG,2009,0.5
Antigua and Barbuda,ATG,2010,0.1
Antigua and Barbuda,ATG,2011,0.38
Antigua and Barbuda,ATG,2012,0.11
Antigua and Barbuda,ATG,2013,0.22
Antigua and Barbuda,ATG,2014,0.04
Antigua and Barbuda,ATG,2015,0.06
Antigua and Barbuda,ATG,2016,0.01
Antigua and Barbuda,ATG,2017,0.0
Antigua and Barbuda,ATG,2018,0.02
Antigua and Barbuda,ATG,2019,0.0
Antigua and Barbuda,ATG,2020,0.03
Argentina,ARG,2000,3383.0
Argentina,ARG,2001,3841.4001
Argentina,ARG,2002,2386.0
Argentina,ARG,2003,2835.5
Argentina,ARG,2004,2784.1
Argentina,ARG,2005,2208.6
Argentina,ARG,2006,2215.5
Argentina,ARG,2007,1199.7
Argentina,ARG,2008,654.8
Argentina,ARG,2009,395.4
Argentina,ARG,2010,780.8
Argentina,ARG,2011,831.16
Argentina,ARG,2012,855.29004
Argentina,ARG,2013,497.7
Argentina,ARG,2014,441.28998
Argentina,ARG,2015,375.92
Argentina,ARG,2016,306.55
Argentina,ARG,2017,305.28998
Argentina,ARG,2018,234.06
Argentina,ARG,2019,175.43
Argentina,ARG,2020,138.46
Armenia,ARM,2000,25.7
Armenia,ARM,2001,164.4
Armenia,ARM,2002,174.4
Armenia,ARM,2003,174.4
Armenia,ARM,2004,114.6
Armenia,ARM,2005,87.0
Armenia,ARM,2006,62.8
Armenia,ARM,2007,29.4
Armenia,ARM,2008,18.400002
Armenia,ARM,2009,24.900002
Armenia,ARM,2010,7.1
Armenia,ARM,2011,7.5
Armenia,ARM,2012,5.67
Armenia,ARM,2013,4.54
Armenia,ARM,2014,3.15
Armenia,ARM,2015,2.34
Armenia,ARM,2016,0.63
Armenia,ARM,2017,0.94
Armenia,ARM,2018,2.35
Armenia,ARM,2019,2.22
Armenia,ARM,2020,2.21
Australia,AUS,2000,484.60004
Australia,AUS,2001,360.8
Australia,AUS,2002,389.7
Australia,AUS,2003,278.9
Australia,AUS,2004,189.79999
Australia,AUS,2005,171.0
Australia,AUS,2006,69.399994
Australia,AUS,2007,86.6
Australia,AUS,2008,68.399994
Australia,AUS,2009,57.199997
Australia,AUS,2010,-6.4000015
Australia,AUS,2011,46.809998
Australia,AUS,2012,-33.510002
Australia,AUS,2013,48.620003
Australia,AUS,2014,10.099998
Australia,AUS,2015,17.19
Australia,AUS,2016,11.28
Australia,AUS,2017,10.5199995
Australia,AUS,2018,17.41
Australia,AUS,2019,14.84
Australia,AUS,2020,16.04
Azerbaijan,AZE,2000,88.200005
Azerbaijan,AZE,2001,52.1
Azerbaijan,AZE,2002,12.1
Azerbaijan,AZE,2003,10.2
Azerbaijan,AZE,2004,15.1
Azerbaijan,AZE,2005,21.9
Azerbaijan,AZE,2006,0.9
Azerbaijan,AZE,2007,0.8
Azerbaijan,AZE,2008,0.8
Azerbaijan,AZE,2009,3.5
Azerbaijan,AZE,2010,0.3
Azerbaijan,AZE,2011,7.63
Azerbaijan,AZE,2012,3.52
Azerbaijan,AZE,2013,1.76
Azerbaijan,AZE,2014,1.76
Azerbaijan,AZE,2015,1.24
Azerbaijan,AZE,2016,0.48
Azerbaijan,AZE,2017,0.3
Azerbaijan,AZE,2018,0.18
Azerbaijan,AZE,2019,0.0
Azerbaijan,AZE,2020,0.0
Bahamas,BHS,2000,70.3
Bahamas,BHS,2001,68.9
Bahamas,BHS,2002,58.4
Bahamas,BHS,2003,35.1
Bahamas,BHS,2004,23.8
Bahamas,BHS,2005,18.6
Bahamas,BHS,2006,8.9
Bahamas,BHS,2007,5.8
Bahamas,BHS,2008,3.9
Bahamas,BHS,2009,3.5
Bahamas,BHS,2010,6.1
Bahamas,BHS,2011,3.05
Bahamas,BHS,2012,2.73
Bahamas,BHS,2013,2.72
Bahamas,BHS,2014,2.71
Bahamas,BHS,2015,3.52
Bahamas,BHS,2016,3.74
Bahamas,BHS,2017,2.75
Bahamas,BHS,2018,2.72
Bahamas,BHS,2019,2.69
Bahamas,BHS,2020,2.62
Bahrain,BHR,2000,178.2
Bahrain,BHR,2001,149.3
Bahrain,BHR,2002,138.1
Bahrain,BHR,2003,125.8
Bahrain,BHR,2004,85.3
Bahrain,BHR,2005,85.7
Bahrain,BHR,2006,61.100002
Bahrain,BHR,2007,43.4
Bahrain,BHR,2008,50.5
Bahrain,BHR,2009,55.6
Bahrain,BHR,2010,58.7
Bahrain,BHR,2011,57.32
Bahrain,BHR,2012,75.59
Bahrain,BHR,2013,49.6
Bahrain,BHR,2014,49.14
Bahrain,BHR,2015,45.98
Bahrain,BHR,2016,45.77
Bahrain,BHR,2017,44.21
Bahrain,BHR,2018,40.65
Bahrain,BHR,2019,37.04
Bahrain,BHR,2020,32.76
Bangladesh,BGD,2000,816.4
Bangladesh,BGD,2001,826.9
Bangladesh,BGD,2002,350.09998
Bangladesh,BGD,2003,340.6
Bangladesh,BGD,2004,310.1
Bangladesh,BGD,2005,277.5
Bangladesh,BGD,2006,217.5
Bangladesh,BGD,2007,192.7
Bangladesh,BGD,2008,223.1
Bangladesh,BGD,2009,195.9
Bangladesh,BGD,2010,125.5
Bangladesh,BGD,2011,136.42
Bangladesh,BGD,2012,66.47
Bangladesh,BGD,2013,64.89
Bangladesh,BGD,2014,59.37
Bangladesh,BGD,2015,64.18
Bangladesh,BGD,2016,63.9
Bangladesh,BGD,2017,63.33
Bangladesh,BGD,2018,47.41
Bangladesh,BGD,2019,48.84
Bangladesh,BGD,2020,46.53
Barbados,BRB,2000,9.8
Barbados,BRB,2001,14.2
Barbados,BRB,2002,12.1
Barbados,BRB,2003,11.5
Barbados,BRB,2004,16.7
Barbados,BRB,2005,9.299999
Barbados,BRB,2006,10.5
Barbados,BRB,2007,4.8
Barbados,BRB,2008,3.6
Barbados,BRB,2009,5.1
Barbados,BRB,2010,2.3
Barbados,BRB,2011,2.65
Barbados,BRB,2012,2.66
Barbados,BRB,2013,2.89
Barbados,BRB,2014,1.64
Barbados,BRB,2015,1.48
Barbados,BRB,2016,2.25
Barbados,BRB,2017,1.85
Barbados,BRB,2018,1.37
Barbados,BRB,2019,1.7
Barbados,BRB,2020,0.87
Belarus,BLR,2000,16.8
Belarus,BLR,2001,9.3
Belarus,BLR,2002,2.7
Belarus,BLR,2003,4.5
Belarus,BLR,2004,3.1
Belarus,BLR,2005,0.6
Belarus,BLR,2006,1.3
Belarus,BLR,2007,0.8
Belarus,BLR,2008,0.4
Belarus,BLR,2009,10.4
Belarus,BLR,2010,10.0
Belarus,BLR,2011,9.02
Belarus,BLR,2012,8.05
Belarus,BLR,2013,6.95
Belarus,BLR,2014,5.56
Belarus,BLR,2015,4.5
Belarus,BLR,2016,3.45
Belarus,BLR,2017,2.62
Belarus,BLR,2018,1.1
Belarus,BLR,2019,0.0
Belarus,BLR,2020,0.0
Belize,BLZ,2000,15.7
Belize,BLZ,2001,28.8
Belize,BLZ,2002,21.7
Belize,BLZ,2003,15.1
Belize,BLZ,2004,12.2
Belize,BLZ,2005,9.6
Belize,BLZ,2006,3.9
Belize,BLZ,2007,3.2
Belize,BLZ,2008,1.8
Belize,BLZ,2009,2.5
Belize,BLZ,2010,3.1
Belize,BLZ,2011,1.94
Belize,BLZ,2012,2.58
Belize,BLZ,2013,2.43
Belize,BLZ,2014,2.42
Belize,BLZ,2015,2.26
Belize,BLZ,2016,2.15
Belize,BLZ,2017,2.03
Belize,BLZ,2018,1.86
Belize,BLZ,2019,1.68
Belize,BLZ,2020,1.39
Benin,BEN,2000,55.199997
Benin,BEN,2001,54.5
Benin,BEN,2002,36.0
Benin,BEN,2003,17.8
Benin,BEN,2004,11.8
Benin,BEN,2005,10.3
Benin,BEN,2006,32.6
Benin,BEN,2007,27.9
Benin,BEN,2008,26.900002
Benin,BEN,2009,27.1
Benin,BEN,2010,24.0
Benin,BEN,2011,23.75
Benin,BEN,2012,23.3
Benin,BEN,2013,22.15
Benin,BEN,2014,20.03
Benin,BEN,2015,19.28
Benin,BEN,2016,17.09
Benin,BEN,2017,15.96
Benin,BEN,2018,15.54
Benin,BEN,2019,15.16
Benin,BEN,2020,13.49
Bhutan,BTN,2000,0.0
Bhutan,BTN,2004,0.1
Bhutan,BTN,2005,0.1
Bhutan,BTN,2006,0.1
Bhutan,BTN,2007,0.1
Bhutan,BTN,2008,0.1
Bhutan,BTN,2009,0.3
Bhutan,BTN,2010,0.3
Bhutan,BTN,2011,0.28
Bhutan,BTN,2012,0.31
Bhutan,BTN,2013,0.28
Bhutan,BTN,2014,0.25
Bhutan,BTN,2015,0.2
Bhutan,BTN,2016,0.14
Bhutan,BTN,2017,0.11
Bhutan,BTN,2018,0.08
Bhutan,BTN,2019,0.06
Bhutan,BTN,2020,0.04
Bolivia,BOL,2000,80.700005
Bolivia,BOL,2001,80.2
Bolivia,BOL,2002,67.4
Bolivia,BOL,2003,35.199997
Bolivia,BOL,2004,45.800003
Bolivia,BOL,2005,29.6
Bolivia,BOL,2006,36.399998
Bolivia,BOL,2007,6.6000004
Bolivia,BOL,2008,8.6
Bolivia,BOL,2009,4.4
Bolivia,BOL,2010,7.7
Bolivia,BOL,2011,5.7
Bolivia,BOL,2012,8.79
Bolivia,BOL,2013,6.05
Bolivia,BOL,2014,1.38
Bolivia,BOL,2015,1.74
Bolivia,BOL,2016,3.06
Bolivia,BOL,2017,2.06
Bolivia,BOL,2018,3.11
Bolivia,BOL,2019,1.96
Bolivia,BOL,2020,1.99
Bosnia and Herzegovina,BIH,2000,185.0
Bosnia and Herzegovina,BIH,2001,214.3
Bosnia and Herzegovina,BIH,2002,259.2
Bosnia and Herzegovina,BIH,2003,247.6
Bosnia and Herzegovina,BIH,2004,202.09999
Bosnia and Herzegovina,BIH,2005,61.7
Bosnia and Herzegovina,BIH,2006,36.6
Bosnia and Herzegovina,BIH,2007,27.6
Bosnia and Herzegovina,BIH,2008,16.4
Bosnia and Herzegovina,BIH,2009,5.8
Bosnia and Herzegovina,BIH,2010,3.5
Bosnia and Herzegovina,BIH,2011,3.35
Bosnia and Herzegovina,BIH,2012,4.06
Bosnia and Herzegovina,BIH,2013,5.13
Bosnia and Herzegovina,BIH,2014,3.37
Bosnia and Herzegovina,BIH,2015,2.11
Bosnia and Herzegovina,BIH,2016,2.34
Bosnia and Herzegovina,BIH,2017,2.37
Bosnia and Herzegovina,BIH,2018,2.0
Bosnia and Herzegovina,BIH,2019,1.54
Bosnia and Herzegovina,BIH,2020,1.35
Botswana,BWA,2000,6.6
Botswana,BWA,2001,10.7
Botswana,BWA,2002,10.2
Botswana,BWA,2003,8.2
Botswana,BWA,2004,5.6
Botswana,BWA,2005,5.3
Botswana,BWA,2006,7.9
Botswana,BWA,2007,11.099999
Botswana,BWA,2008,13.599999
Botswana,BWA,2009,11.0
Botswana,BWA,2010,11.0
Botswana,BWA,2011,10.89
Botswana,BWA,2012,10.84
Botswana,BWA,2013,10.84
Botswana,BWA,2014,10.51
Botswana,BWA,2015,9.75
Botswana,BWA,2016,9.43
Botswana,BWA,2017,8.58
Botswana,BWA,2018,7.78
Botswana,BWA,2019,6.9
Botswana,BWA,2020,5.42
Brazil,BRA,2000,11378.7
Brazil,BRA,2001,7412.2
Brazil,BRA,2002,3589.4001
Brazil,BRA,2003,4485.4
Brazil,BRA,2004,3150.4
Brazil,BRA,2005,2075.9
Brazil,BRA,2006,1335.5
Brazil,BRA,2007,1508.6
Brazil,BRA,2008,1305.3999
Brazil,BRA,2009,1462.4
Brazil,BRA,2010,1207.2
Brazil,BRA,2011,1046.4
Brazil,BRA,2012,1387.87
Brazil,BRA,2013,1189.25
Brazil,BRA,2014,1164.74
Brazil,BRA,2015,1025.81
Brazil,BRA,2016,875.29
Brazil,BRA,2017,837.25
Brazil,BRA,2018,824.96
Brazil,BRA,2019,838.85
Brazil,BRA,2020,452.81
Brunei,BRN,2000,47.8
Brunei,BRN,2001,33.1
Brunei,BRN,2002,46.300003
Brunei,BRN,2003,33.7
Brunei,BRN,2004,63.3
Brunei,BRN,2005,41.6
Brunei,BRN,2006,28.599998
Brunei,BRN,2007,10.4
Brunei,BRN,2008,7.6
Brunei,BRN,2009,5.8
Brunei,BRN,2010,6.9
Brunei,BRN,2011,8.08
Brunei,BRN,2012,5.9
Brunei,BRN,2013,4.27
Brunei,BRN,2014,4.0
Brunei,BRN,2015,3.57
Brunei,BRN,2016,3.75
Brunei,BRN,2017,3.45
Brunei,BRN,2018,3.37
Brunei,BRN,2019,3.33
Brunei,BRN,2020,3.67
Burkina Faso,BFA,2000,34.9
Burkina Faso,BFA,2001,29.900002
Burkina Faso,BFA,2002,27.9
Burkina Faso,BFA,2003,25.0
Burkina Faso,BFA,2004,24.6
Burkina Faso,BFA,2005,22.4
Burkina Faso,BFA,2006,21.599998
Burkina Faso,BFA,2007,23.0
Burkina Faso,BFA,2008,23.3
Burkina Faso,BFA,2009,26.7
Burkina Faso,BFA,2010,31.0
Burkina Faso,BFA,2011,27.93
Burkina Faso,BFA,2012,26.59
Burkina Faso,BFA,2013,14.88
Burkina Faso,BFA,2014,12.38
Burkina Faso,BFA,2015,11.99
Burkina Faso,BFA,2016,14.41
Burkina Faso,BFA,2017,12.98
Burkina Faso,BFA,2018,10.4
Burkina Faso,BFA,2019,8.14
Burkina Faso,BFA,2020,6.35
Burundi,BDI,2000,53.899998
Burundi,BDI,2001,46.6
Burundi,BDI,2002,19.2
Burundi,BDI,2003,9.2
Burundi,BDI,2004,4.9
Burundi,BDI,2005,8.5
Burundi,BDI,2006,8.9
Burundi,BDI,2007,8.9
Burundi,BDI,2008,7.3
Burundi,BDI,2009,7.3
Burundi,BDI,2010,7.4
Burundi,BDI,2011,3.08
Burundi,BDI,2012,2.97
Burundi,BDI,2013,2.86
Burundi,BDI,2014,2.64
Burundi,BDI,2015,2.48
Burundi,BDI,2016,2.31
Burundi,BDI,2017,2.09
Burundi,BDI,2018,2.04
Burundi,BDI,2019,1.79
Burundi,BDI,2020,1.34
Cambodia,KHM,2000,97.0
Cambodia,KHM,2001,97.0
Cambodia,KHM,2002,97.0
Cambodia,KHM,2003,89.899994
Cambodia,KHM,2004,74.6
Cambodia,KHM,2005,50.8
Cambodia,KHM,2006,34.6
Cambodia,KHM,2007,19.9
Cambodia,KHM,2008,9.3
Cambodia,KHM,2009,17.1
Cambodia,KHM,2010,12.8
Cambodia,KHM,2011,13.71
Cambodia,KHM,2012,10.12
Cambodia,KHM,2013,9.47
Cambodia,KHM,2014,11.19
Cambodia,KHM,2015,11.69
Cambodia,KHM,2016,4.52
Cambodia,KHM,2017,4.64
Cambodia,KHM,2018,4.98
Cambodia,KHM,2019,8.08
Cambodia,KHM,2020,6.65
Cameroon,CMR,2000,408.90002
Cameroon,CMR,2001,403.80002
Cameroon,CMR,2002,261.7
Cameroon,CMR,2003,233.6
Cameroon,CMR,2004,160.0
Cameroon,CMR,2005,141.0
Cameroon,CMR,2006,128.7
Cameroon,CMR,2007,42.7
Cameroon,CMR,2008,36.1
Cameroon,CMR,2009,102.7
Cameroon,CMR,2010,67.4
Cameroon,CMR,2011,65.78
Cameroon,CMR,2012,62.78
Cameroon,CMR,2013,82.34
Cameroon,CMR,2014,68.26
Cameroon,CMR,2015,53.79
Cameroon,CMR,2016,47.41
Cameroon,CMR,2017,38.08
Cameroon,CMR,2018,38.06
Cameroon,CMR,2019,35.4
Cameroon,CMR,2020,32.53
Canada,CAN,2000,953.10004
Canada,CAN,2001,924.8
Canada,CAN,2002,923.10004
Canada,CAN,2003,832.60004
Canada,CAN,2004,602.8
Canada,CAN,2005,594.10004
Canada,CAN,2006,576.4
Canada,CAN,2007,559.4
Canada,CAN,2008,509.9
Canada,CAN,2009,274.40002
Canada,CAN,2010,65.2
Canada,CAN,2011,57.93
Canada,CAN,2012,61.83
Canada,CAN,2013,65.91
Canada,CAN,2014,54.25
Canada,CAN,2015,18.43
Canada,CAN,2016,11.379999
Canada,CAN,2017,12.950001
Canada,CAN,2018,0.5499997
Canada,CAN,2019,18.78
Canada,CAN,2020,-12.36
Cape Verde,CPV,2000,1.9
Cape Verde,CPV,2001,1.9
Cape Verde,CPV,2002,1.8
Cape Verde,CPV,2003,1.8
Cape Verde,CPV,2004,1.5
Cape Verde,CPV,2005,0.9
Cape Verde,CPV,2006,0.2
Cape Verde,CPV,2007,0.2
Cape Verde,CPV,2008,0.2
Cape Verde,CPV,2009,1.8
Cape Verde,CPV,2010,0.3
Cape Verde,CPV,2011,0.28
Cape Verde,CPV,2012,0.23
Cape Verde,CPV,2013,0.17
Cape Verde,CPV,2014,0.17
Cape Verde,CPV,2015,0.14
Cape Verde,CPV,2016,0.13
Cape Verde,CPV,2017,0.08
Cape Verde,CPV,2018,0.06
Cape Verde,CPV,2019,0.06
Cape Verde,CPV,2020,0.04
Central African Republic,CAF,2000,4.5
Central African Republic,CAF,2001,4.2
Central African Republic,CAF,2002,4.6
Central African Republic,CAF,2003,4.2999997
Central African Republic,CAF,2004,4.1
Central African Republic,CAF,2005,2.8999999
Central African Republic,CAF,2006,2.3
Central African Republic,CAF,2007,1.5999999
Central African Republic,CAF,2008,6.7
Central African Republic,CAF,2009,11.9
Central African Republic,CAF,2010,12.1
Central African Republic,CAF,2011,12.02
Central African Republic,CAF,2012,11.83
Central African Republic,CAF,2013,11.5
Central African Republic,CAF,2014,11.11
Central African Republic,CAF,2015,10.45
Central African Republic,CAF,2016,9.9
Central African Republic,CAF,2017,9.57
Central African Republic,CAF,2018,9.35
Central African Republic,CAF,2019,8.25
Central African Republic,CAF,2020,7.15
Chad,TCD,2000,36.6
Chad,TCD,2001,31.800001
Chad,TCD,2002,27.300001
Chad,TCD,2003,22.9
Chad,TCD,2004,14.4
Chad,TCD,2005,11.6
Chad,TCD,2006,9.2
Chad,TCD,2007,5.2
Chad,TCD,2008,21.5
Chad,TCD,2009,26.9
Chad,TCD,2010,6.2
Chad,TCD,2011,17.0
Chad,TCD,2012,16.5
Chad,TCD,2013,15.2
Chad,TCD,2014,14.62
Chad,TCD,2015,14.2
Chad,TCD,2016,14.06
Chad,TCD,2017,11.91
Chad,TCD,2018,10.38
Chad,TCD,2019,10.2
Chad,TCD,2020,10.13
Chile,CHL,2000,880.9
Chile,CHL,2001,770.3
Chile,CHL,2002,591.9
Chile,CHL,2003,744.5
Chile,CHL,2004,572.5
Chile,CHL,2005,469.19998
Chile,CHL,2006,435.1
Chile,CHL,2007,270.2
Chile,CHL,2008,304.0
Chile,CHL,2009,262.09998
Chile,CHL,2010,261.7
Chile,CHL,2011,275.31
Chile,CHL,2012,272.38
Chile,CHL,2013,241.88998
Chile,CHL,2014,236.43001
Chile,CHL,2015,67.63
Chile,CHL,2016,63.33
Chile,CHL,2017,66.2
Chile,CHL,2018,38.18
Chile,CHL,2019,32.21
Chile,CHL,2020,27.0
China,CHN,2000,90877.7
China,CHN,2001,66823.4
China,CHN,2002,47804.1
China,CHN,2003,56961.902
China,CHN,2004,35486.3
China,CHN,2005,31160.1
China,CHN,2006,30027.602
China,CHN,2007,25189.898
China,CHN,2008,17386.3
China,CHN,2009,20371.2
China,CHN,2010,21388.2
China,CHN,2011,21299.43
China,CHN,2012,21518.111
China,CHN,2013,15694.0205
China,CHN,2014,17204.93
China,CHN,2015,13758.01
China,CHN,2016,14496.89
China,CHN,2017,14680.061
China,CHN,2018,14658.32
China,CHN,2019,14346.51
China,CHN,2020,10803.95
Colombia,COL,2000,1155.8
Colombia,COL,2001,1275.9
Colombia,COL,2002,1002.2
Colombia,COL,2003,1168.7
Colombia,COL,2004,1023.89996
Colombia,COL,2005,709.30005
Colombia,COL,2006,821.60004
Colombia,COL,2007,469.90002
Colombia,COL,2008,414.8
Colombia,COL,2009,320.9
Colombia,COL,2010,241.5
Colombia,COL,2011,217.4
Colombia,COL,2012,285.5
Colombia,COL,2013,175.74
Colombia,COL,2014,153.23
Colombia,COL,2015,164.40001
Colombia,COL,2016,136.14
Colombia,COL,2017,148.52
Colombia,COL,2018,78.15
Colombia,COL,2019,80.28
Colombia,COL,2020,63.21
Comoros,COM,2000,2.8
Comoros,COM,2001,2.0
Comoros,COM,2002,1.9
Comoros,COM,2003,1.3000001
Comoros,COM,2004,1.2
Comoros,COM,2005,1.0
Comoros,COM,2006,0.90000004
Comoros,COM,2007,0.4
Comoros,COM,2008,0.1
Comoros,COM,2009,0.1
Comoros,COM,2010,0.1
Comoros,COM,2011,0.12
Comoros,COM,2012,0.11
Comoros,COM,2013,0.12
Comoros,COM,2014,0.14
Comoros,COM,2015,0.1
Comoros,COM,2016,0.09
Comoros,COM,2017,0.07
Comoros,COM,2018,0.06
Comoros,COM,2019,0.05
Comoros,COM,2020,0.05
Congo,COG,2000,29.1
Congo,COG,2001,15.8
Congo,COG,2002,11.2
Congo,COG,2003,13.1
Congo,COG,2004,11.2
Congo,COG,2005,10.7
Congo,COG,2006,10.9
Congo,COG,2007,9.7
Congo,COG,2008,10.299999
Congo,COG,2009,9.88
Congo,COG,2010,10.6
Congo,COG,2011,10.56
Congo,COG,2012,9.87
Congo,COG,2013,9.35
Congo,COG,2014,8.72
Congo,COG,2015,8.15
Congo,COG,2016,7.93
Congo,COG,2017,7.66
Congo,COG,2018,7.23
Congo,COG,2019,6.89
Congo,COG,2020,6.39
Cook Islands,COK,2000,0.0
Cook Islands,COK,2003,0.0
Cook Islands,COK,2004,0.0
Cook Islands,COK,2005,0.0
Cook Islands,COK,2006,0.0
Cook Islands,COK,2007,0.0
Cook Islands,COK,2008,0.0
Cook Islands,COK,2009,0.0
Cook Islands,COK,2010,0.1
Cook Islands,COK,2011,0.06
Cook Islands,COK,2012,0.04
Cook Islands,COK,2013,0.02
Cook Islands,COK,2014,0.0
Cook Islands,COK,2015,0.0
Cook Islands,COK,2016,0.0
Cook Islands,COK,2017,0.01
Cook Islands,COK,2018,0.0
Cook Islands,COK,2019,0.0
Cook Islands,COK,2020,0.0
Costa Rica,CRI,2000,504.5
Costa Rica,CRI,2001,542.2
Costa Rica,CRI,2002,425.4
Costa Rica,CRI,2003,492.19998
Costa Rica,CRI,2004,409.1
Costa Rica,CRI,2005,364.4
Costa Rica,CRI,2006,317.2
Costa Rica,CRI,2007,281.8
Costa Rica,CRI,2008,237.0
Costa Rica,CRI,2009,211.5
Costa Rica,CRI,2010,180.9
Costa Rica,CRI,2011,127.85
Costa Rica,CRI,2012,106.3
Costa Rica,CRI,2013,12.6
Costa Rica,CRI,2014,12.53
Costa Rica,CRI,2015,10.96
Costa Rica,CRI,2016,10.89
Costa Rica,CRI,2017,10.1
Costa Rica,CRI,2018,8.82
Costa Rica,CRI,2019,6.29
Costa Rica,CRI,2020,4.04
Cote d'Ivoire,CIV,2000,225.4
Cote d'Ivoire,CIV,2001,173.4
Cote d'Ivoire,CIV,2002,121.2
Cote d'Ivoire,CIV,2003,104.6
Cote d'Ivoire,CIV,2004,122.3
Cote d'Ivoire,CIV,2005,116.2
Cote d'Ivoire,CIV,2006,135.0
Cote d'Ivoire,CIV,2007,103.3
Cote d'Ivoire,CIV,2008,77.3
Cote d'Ivoire,CIV,2009,73.7
Cote d'Ivoire,CIV,2010,65.9
Cote d'Ivoire,CIV,2011,59.32
Cote d'Ivoire,CIV,2012,56.65
Cote d'Ivoire,CIV,2013,54.2
Cote d'Ivoire,CIV,2014,55.89
Cote d'Ivoire,CIV,2015,51.29
Cote d'Ivoire,CIV,2016,49.08
Cote d'Ivoire,CIV,2017,47.06
Cote d'Ivoire,CIV,2018,45.05
Cote d'Ivoire,CIV,2019,41.36
Cote d'Ivoire,CIV,2020,38.5
Cuba,CUB,2000,571.7
Cuba,CUB,2001,530.6
Cuba,CUB,2002,518.0
Cuba,CUB,2003,508.4
Cuba,CUB,2004,471.80002
Cuba,CUB,2005,241.0
Cuba,CUB,2006,266.1
Cuba,CUB,2007,103.5
Cuba,CUB,2008,87.700005
Cuba,CUB,2009,11.7
Cuba,CUB,2010,22.1
Cuba,CUB,2011,14.26
Cuba,CUB,2012,15.2
Cuba,CUB,2013,12.19
Cuba,CUB,2014,13.14
Cuba,CUB,2015,12.87
Cuba,CUB,2016,12.1
Cuba,CUB,2017,9.56
Cuba,CUB,2018,9.75
Cuba,CUB,2019,6.15
Cuba,CUB,2020,1.31
Democratic Republic of Congo,COD,2000,454.6
Democratic Republic of Congo,COD,2001,1151.2001
Democratic Republic of Congo,COD,2002,1081.3
Democratic Republic of Congo,COD,2003,607.60004
Democratic Republic of Congo,COD,2004,364.30002
Democratic Republic of Congo,COD,2005,312.6
Democratic Republic of Congo,COD,2006,228.2
Democratic Republic of Congo,COD,2007,90.5
Democratic Republic of Congo,COD,2008,50.5
Democratic Republic of Congo,COD,2009,59.82
Democratic Republic of Congo,COD,2010,76.6
Democratic Republic of Congo,COD,2011,56.93
Democratic Republic of Congo,COD,2012,47.85
Democratic Republic of Congo,COD,2013,35.94
Democratic Republic of Congo,COD,2014,16.5
Democratic Republic of Congo,COD,2015,15.4
Democratic Republic of Congo,COD,2016,9.35
Democratic Republic of Congo,COD,2017,6.11
Democratic Republic of Congo,COD,2018,6.11
Democratic Republic of Congo,COD,2019,4.68
Democratic Republic of Congo,COD,2020,2.09
Djibouti,DJI,2000,21.2
Djibouti,DJI,2001,18.5
Djibouti,DJI,2002,16.3
Djibouti,DJI,2003,12.6
Djibouti,DJI,2004,9.3
Djibouti,DJI,2005,7.7
Djibouti,DJI,2006,3.6999998
Djibouti,DJI,2007,2.8000002
Djibouti,DJI,2008,1.5
Djibouti,DJI,2009,1.2
Djibouti,DJI,2010,0.7
Djibouti,DJI,2011,0.66
Djibouti,DJI,2012,0.64
Djibouti,DJI,2013,0.62
Djibouti,DJI,2014,0.57
Djibouti,DJI,2015,0.56
Djibouti,DJI,2016,0.54
Djibouti,DJI,2017,0.51
Djibouti,DJI,2018,0.48
Djibouti,DJI,2019,0.45
Djibouti,DJI,2020,0.38
Dominica,DMA,2000,2.3
Dominica,DMA,2001,1.7
Dominica,DMA,2002,3.1
Dominica,DMA,2003,1.5
Dominica,DMA,2004,1.1
Dominica,DMA,2005,1.9
Dominica,DMA,2006,0.6
Dominica,DMA,2007,0.0
Dominica,DMA,2008,0.0
Dominica,DMA,2009,0.4
Dominica,DMA,2010,0.4
Dominica,DMA,2011,0.16
Dominica,DMA,2012,0.01
Dominica,DMA,2013,0.09
Dominica,DMA,2014,0.17
Dominica,DMA,2015,0.13
Dominica,DMA,2016,0.13
Dominica,DMA,2017,0.13
Dominica,DMA,2018,0.16
Dominica,DMA,2019,0.13
Dominica,DMA,2020,0.01
Dominican Republic,DOM,2000,623.9
Dominican Republic,DOM,2001,650.8
Dominican Republic,DOM,2002,406.9
Dominican Republic,DOM,2003,322.8
Dominican Republic,DOM,2004,372.8
Dominican Republic,DOM,2005,262.1
Dominican Republic,DOM,2006,232.79999
Dominican Republic,DOM,2007,74.4
Dominican Republic,DOM,2008,53.9
Dominican Republic,DOM,2009,76.8
Dominican Republic,DOM,2010,54.7
Dominican Republic,DOM,2011,50.61
Dominican Republic,DOM,2012,40.87
Dominican Republic,DOM,2013,34.78
Dominican Republic,DOM,2014,36.9
Dominican Republic,DOM,2015,43.39
Dominican Republic,DOM,2016,42.23
Dominican Republic,DOM,2017,44.41
Dominican Republic,DOM,2018,33.1
Dominican Republic,DOM,2019,38.06
Dominican Republic,DOM,2020,22.550001
East Timor,TLS,2000,21.6
East Timor,TLS,2007,2.7
East Timor,TLS,2009,0.9
East Timor,TLS,2010,0.5
East Timor,TLS,2011,0.15
East Timor,TLS,2012,0.21
East Timor,TLS,2013,0.29
East Timor,TLS,2014,0.31
East Timor,TLS,2015,0.41
East Timor,TLS,2016,0.09
East Timor,TLS,2017,0.3
East Timor,TLS,2018,0.18
East Timor,TLS,2019,0.3
East Timor,TLS,2020,0.17
Ecuador,ECU,2000,354.9
Ecuador,ECU,2001,579.1
Ecuador,ECU,2002,273.4
Ecuador,ECU,2003,259.9
Ecuador,ECU,2004,167.4
Ecuador,ECU,2005,286.3
Ecuador,ECU,2006,114.0
Ecuador,ECU,2007,150.70001
Ecuador,ECU,2008,79.8
Ecuador,ECU,2009,87.24
Ecuador,ECU,2010,62.039997
Ecuador,ECU,2011,32.28
Ecuador,ECU,2012,33.76
Ecuador,ECU,2013,22.03
Ecuador,ECU,2014,21.48
Ecuador,ECU,2015,20.1
Ecuador,ECU,2016,18.26
Ecuador,ECU,2017,18.13
Ecuador,ECU,2018,14.48
Ecuador,ECU,2019,12.41
Ecuador,ECU,2020,13.48
Egypt,EGY,2000,2746.3
Egypt,EGY,2001,2704.3
Egypt,EGY,2002,1944.1
Egypt,EGY,2003,1662.7
Egypt,EGY,2004,1644.2
Egypt,EGY,2005,1348.6
Egypt,EGY,2006,1091.6
Egypt,EGY,2007,860.80005
Egypt,EGY,2008,726.19995
Egypt,EGY,2009,789.5
Egypt,EGY,2010,705.6
Egypt,EGY,2011,488.77997
Egypt,EGY,2012,630.18005
Egypt,EGY,2013,335.08002
Egypt,EGY,2014,313.09
Egypt,EGY,2015,343.12
Egypt,EGY,2016,346.53
Egypt,EGY,2017,346.46
Egypt,EGY,2018,287.45
Egypt,EGY,2019,288.3
Egypt,EGY,2020,249.95
El Salvador,SLV,2000,107.7
El Salvador,SLV,2001,121.200005
El Salvador,SLV,2002,108.1
El Salvador,SLV,2003,105.2
El Salvador,SLV,2004,81.1
El Salvador,SLV,2005,138.7
El Salvador,SLV,2006,84.9
El Salvador,SLV,2007,51.4
El Salvador,SLV,2008,25.4
El Salvador,SLV,2009,11.9
El Salvador,SLV,2010,11.5
El Salvador,SLV,2011,9.55
El Salvador,SLV,2012,9.32
El Salvador,SLV,2013,8.08
El Salvador,SLV,2014,8.54
El Salvador,SLV,2015,5.82
El Salvador,SLV,2016,6.41
El Salvador,SLV,2017,6.42
El Salvador,SLV,2018,4.29
El Salvador,SLV,2019,3.44
El Salvador,SLV,2020,2.74
Equatorial Guinea,GNQ,2000,49.4
Equatorial Guinea,GNQ,2001,44.1
Equatorial Guinea,GNQ,2002,27.9
Equatorial Guinea,GNQ,2003,19.9
Equatorial Guinea,GNQ,2004,14.4
Equatorial Guinea,GNQ,2005,14.3
Equatorial Guinea,GNQ,2006,10.1
Equatorial Guinea,GNQ,2007,10.6
Equatorial Guinea,GNQ,2008,8.1
Equatorial Guinea,GNQ,2009,6.22
Equatorial Guinea,GNQ,2010,6.4
Equatorial Guinea,GNQ,2011,5.67
Equatorial Guinea,GNQ,2012,2.67
Equatorial Guinea,GNQ,2013,2.5
Equatorial Guinea,GNQ,2014,2.27
Equatorial Guinea,GNQ,2015,1.98
Equatorial Guinea,GNQ,2016,1.45
Equatorial Guinea,GNQ,2017,0.01
Equatorial Guinea,GNQ,2018,1.2
Equatorial Guinea,GNQ,2019,0.87
Equatorial Guinea,GNQ,2020,1.03
Eritrea,ERI,2000,51.399998
Eritrea,ERI,2005,31.300001
Eritrea,ERI,2006,5.1
Eritrea,ERI,2007,4.0
Eritrea,ERI,2008,3.8
Eritrea,ERI,2009,3.1499999
Eritrea,ERI,2010,1.12
Eritrea,ERI,2011,0.96
Eritrea,ERI,2012,1.01
Eritrea,ERI,2013,1.02
Eritrea,ERI,2014,1.0
Eritrea,ERI,2015,0.97
Eritrea,ERI,2016,0.94
Eritrea,ERI,2017,0.9
Eritrea,ERI,2018,0.81
Eritrea,ERI,2019,0.76
Eritrea,ERI,2020,0.62
Eswatini,SWZ,2000,1.6
Eswatini,SWZ,2001,2.1
Eswatini,SWZ,2002,2.4
Eswatini,SWZ,2003,2.2
Eswatini,SWZ,2004,3.5
Eswatini,SWZ,2005,6.0
Eswatini,SWZ,2006,1.2
Eswatini,SWZ,2007,5.6
Eswatini,SWZ,2008,8.6
Eswatini,SWZ,2009,1.88
Eswatini,SWZ,2010,1.57
Eswatini,SWZ,2011,0.96
Eswatini,SWZ,2012,1.3
Eswatini,SWZ,2013,1.18
Eswatini,SWZ,2014,1.47
Eswatini,SWZ,2015,1.02
Eswatini,SWZ,2016,1.17
Eswatini,SWZ,2017,0.75
Eswatini,SWZ,2018,0.47
Eswatini,SWZ,2019,0.32
Eswatini,SWZ,2020,0.41
Ethiopia,ETH,2000,58.0
Ethiopia,ETH,2001,54.7
Ethiopia,ETH,2002,86.6
Ethiopia,ETH,2003,39.7
Ethiopia,ETH,2004,23.7
Ethiopia,ETH,2005,22.0
Ethiopia,ETH,2006,13.1
Ethiopia,ETH,2007,5.0
Ethiopia,ETH,2008,4.3
Ethiopia,ETH,2009,2.1
Ethiopia,ETH,2010,11.0
Ethiopia,ETH,2011,11.28
Ethiopia,ETH,2012,10.8
Ethiopia,ETH,2013,5.46
Ethiopia,ETH,2014,4.25
Ethiopia,ETH,2015,4.69
Ethiopia,ETH,2016,4.59
Ethiopia,ETH,2017,4.18
Ethiopia,ETH,2018,3.96
Ethiopia,ETH,2019,3.53
Ethiopia,ETH,2020,3.41
Fiji,FJI,2000,2.5
Fiji,FJI,2001,2.5
Fiji,FJI,2002,5.3
Fiji,FJI,2003,1.6
Fiji,FJI,2004,5.5
Fiji,FJI,2005,6.0
Fiji,FJI,2006,5.3999996
Fiji,FJI,2007,4.5
Fiji,FJI,2008,4.7999997
Fiji,FJI,2009,5.0
Fiji,FJI,2010,6.46
Fiji,FJI,2011,14.46
Fiji,FJI,2012,14.47
Fiji,FJI,2013,7.67
Fiji,FJI,2014,6.7
Fiji,FJI,2015,3.87
Fiji,FJI,2016,4.1
Fiji,FJI,2017,3.72
Fiji,FJI,2018,4.14
Fiji,FJI,2019,4.62
Fiji,FJI,2020,2.12
Gabon,GAB,2000,16.2
Gabon,GAB,2001,8.4
Gabon,GAB,2002,6.9
Gabon,GAB,2003,6.9
Gabon,GAB,2004,6.2
Gabon,GAB,2005,3.6
Gabon,GAB,2006,4.5
Gabon,GAB,2007,4.1
Gabon,GAB,2008,5.2
Gabon,GAB,2009,29.7
Gabon,GAB,2010,30.6
Gabon,GAB,2011,45.95
Gabon,GAB,2012,30.25
Gabon,GAB,2013,28.6
Gabon,GAB,2014,26.4
Gabon,GAB,2015,19.25
Gabon,GAB,2016,20.9
Gabon,GAB,2017,19.8
Gabon,GAB,2018,20.08
Gabon,GAB,2019,18.15
Gabon,GAB,2020,15.4
Gambia,GMB,2000,6.2
Gambia,GMB,2001,5.9
Gambia,GMB,2002,4.8999996
Gambia,GMB,2003,5.2999997
Gambia,GMB,2004,0.2
Gambia,GMB,2005,0.9
Gambia,GMB,2006,1.1
Gambia,GMB,2007,0.70000005
Gambia,GMB,2008,0.5
Gambia,GMB,2009,1.6
Gambia,GMB,2010,1.5
Gambia,GMB,2011,0.98
Gambia,GMB,2012,1.91
Gambia,GMB,2013,0.86
Gambia,GMB,2014,0.77
Gambia,GMB,2015,0.75
Gambia,GMB,2016,0.5
Gambia,GMB,2017,0.44
Gambia,GMB,2018,0.22
Gambia,GMB,2019,0.17
Gambia,GMB,2020,0.21
Georgia,GEO,2000,65.9
Georgia,GEO,2001,68.1
Georgia,GEO,2002,64.3
Georgia,GEO,2003,61.1
Georgia,GEO,2004,55.8
Georgia,GEO,2005,34.4
Georgia,GEO,2006,14.6
Georgia,GEO,2007,6.3
Georgia,GEO,2008,5.9
Georgia,GEO,2009,4.6
Georgia,GEO,2010,5.9
Georgia,GEO,2011,4.31
Georgia,GEO,2012,2.66
Georgia,GEO,2013,1.38
Georgia,GEO,2014,0.100000024
Georgia,GEO,2015,1.68
Georgia,GEO,2016,1.39
Georgia,GEO,2017,2.1
Georgia,GEO,2018,1.89
Georgia,GEO,2019,2.4
Georgia,GEO,2020,0.85
Ghana,GHA,2000,56.7
Ghana,GHA,2001,41.1
Ghana,GHA,2002,24.0
Ghana,GHA,2003,37.7
Ghana,GHA,2004,47.5
Ghana,GHA,2005,25.2
Ghana,GHA,2006,34.2
Ghana,GHA,2007,23.6
Ghana,GHA,2008,21.6
Ghana,GHA,2009,80.700005
Ghana,GHA,2010,37.2
Ghana,GHA,2011,30.71
Ghana,GHA,2012,27.19
Ghana,GHA,2013,25.39
Ghana,GHA,2014,23.34
Ghana,GHA,2015,20.41
Ghana,GHA,2016,18.54
Ghana,GHA,2017,19.52
Ghana,GHA,2018,17.84
Ghana,GHA,2019,17.14
Ghana,GHA,2020,15.97
Grenada,GRD,2000,3.1000001
Grenada,GRD,2001,1.3
Grenada,GRD,2002,2.3
Grenada,GRD,2003,2.3
Grenada,GRD,2004,2.4
Grenada,GRD,2005,0.70000005
Grenada,GRD,2006,0.3
Grenada,GRD,2007,0.2
Grenada,GRD,2008,0.5
Grenada,GRD,2009,0.8
Grenada,GRD,2010,0.8
Grenada,GRD,2011,0.18
Grenada,GRD,2012,0.26
Grenada,GRD,2013,0.33
Grenada,GRD,2014,0.36
Grenada,GRD,2015,0.22
Grenada,GRD,2016,0.2
Grenada,GRD,2017,0.22
Grenada,GRD,2018,0.21
Grenada,GRD,2019,0.18
Grenada,GRD,2020,0.18
Guatemala,GTM,2000,891.1
Guatemala,GTM,2001,1055.3999
Guatemala,GTM,2002,952.5
Guatemala,GTM,2003,677.0
Guatemala,GTM,2004,556.10004
Guatemala,GTM,2005,586.89996
Guatemala,GTM,2006,355.8
Guatemala,GTM,2007,302.9
Guatemala,GTM,2008,184.4
Guatemala,GTM,2009,249.29999
Guatemala,GTM,2010,256.2
Guatemala,GTM,2011,221.0
Guatemala,GTM,2012,148.48001
Guatemala,GTM,2013,249.84
Guatemala,GTM,2014,229.84001
Guatemala,GTM,2015,4.5
Guatemala,GTM,2016,5.6
Guatemala,GTM,2017,3.36
Guatemala,GTM,2018,4.04
Guatemala,GTM,2019,3.36
Guatemala,GTM,2020,4.0
Guinea,GIN,2000,49.9
Guinea,GIN,2001,48.4
Guinea,GIN,2002,45.0
Guinea,GIN,2003,42.1
Guinea,GIN,2004,32.4
Guinea,GIN,2005,26.099998
Guinea,GIN,2006,22.9
Guinea,GIN,2007,22.1
Guinea,GIN,2008,22.0
Guinea,GIN,2009,21.8
Guinea,GIN,2010,23.4
Guinea,GIN,2011,24.53
Guinea,GIN,2012,22.2
Guinea,GIN,2013,7.08
Guinea,GIN,2014,6.89
Guinea,GIN,2015,5.65
Guinea,GIN,2016,4.7
Guinea,GIN,2017,2.54
Guinea,GIN,2018,2.2
Guinea,GIN,2019,1.93
Guinea,GIN,2020,1.65
Guinea-Bissau,GNB,2000,26.0
Guinea-Bissau,GNB,2001,26.9
Guinea-Bissau,GNB,2002,27.2
Guinea-Bissau,GNB,2003,31.4
Guinea-Bissau,GNB,2004,27.2
Guinea-Bissau,GNB,2005,14.6
Guinea-Bissau,GNB,2006,15.200001
Guinea-Bissau,GNB,2007,5.2
Guinea-Bissau,GNB,2008,3.9
Guinea-Bissau,GNB,2009,6.65
Guinea-Bissau,GNB,2010,2.9
Guinea-Bissau,GNB,2011,2.86
Guinea-Bissau,GNB,2012,2.7
Guinea-Bissau,GNB,2013,2.31
Guinea-Bissau,GNB,2014,2.81
Guinea-Bissau,GNB,2015,2.48
Guinea-Bissau,GNB,2016,2.31
Guinea-Bissau,GNB,2017,1.98
Guinea-Bissau,GNB,2018,1.54
Guinea-Bissau,GNB,2019,1.27
Guinea-Bissau,GNB,2020,1.1
Guyana,GUY,2000,26.4
Guyana,GUY,2001,21.199999
Guyana,GUY,2002,15.6
Guyana,GUY,2003,11.599999
Guyana,GUY,2004,12.9
Guyana,GUY,2005,26.0
Guyana,GUY,2006,9.2
Guyana,GUY,2007,0.6
Guyana,GUY,2008,1.7
Guyana,GUY,2009,1.1
Guyana,GUY,2010,2.4
Guyana,GUY,2011,2.41
Guyana,GUY,2012,1.36
Guyana,GUY,2013,0.96
Guyana,GUY,2014,0.8
Guyana,GUY,2015,1.34
Guyana,GUY,2016,1.58
Guyana,GUY,2017,1.33
Guyana,GUY,2018,1.08
Guyana,GUY,2019,0.99
Guyana,GUY,2020,0.9
Haiti,HTI,2000,185.7
Haiti,HTI,2001,186.0
Haiti,HTI,2002,197.7
Haiti,HTI,2003,121.0
Haiti,HTI,2004,140.6
Haiti,HTI,2005,85.5
Haiti,HTI,2006,54.800003
Haiti,HTI,2007,9.4
Haiti,HTI,2008,3.6999998
Haiti,HTI,2009,3.85
Haiti,HTI,2010,3.41
Haiti,HTI,2011,4.24
Haiti,HTI,2012,5.15
Haiti,HTI,2013,1.95
Haiti,HTI,2014,2.65
Haiti,HTI,2015,3.25
Haiti,HTI,2016,2.99
Haiti,HTI,2017,2.24
Haiti,HTI,2018,2.32
Haiti,HTI,2019,2.65
Haiti,HTI,2020,1.57
Honduras,HND,2000,556.30005
Honduras,HND,2001,639.3
Honduras,HND,2002,555.7
Honduras,HND,2003,591.5
Honduras,HND,2004,519.5
Honduras,HND,2005,448.2
Honduras,HND,2006,391.5
Honduras,HND,2007,305.09998
Honduras,HND,2008,216.2
Honduras,HND,2009,153.90001
Honduras,HND,2010,161.6
Honduras,HND,2011,109.36
Honduras,HND,2012,80.91
Honduras,HND,2013,14.64
Honduras,HND,2014,12.22
Honduras,HND,2015,10.85
Honduras,HND,2016,11.0
Honduras,HND,2017,10.88
Honduras,HND,2018,8.89
Honduras,HND,2019,9.9
Honduras,HND,2020,7.17
Iceland,ISL,2000,6.7
Iceland,ISL,2001,7.1
Iceland,ISL,2002,2.6
Iceland,ISL,2003,2.7
Iceland,ISL,2004,2.0
Iceland,ISL,2005,1.7
Iceland,ISL,2006,2.4
Iceland,ISL,2007,2.2
Iceland,ISL,2008,2.2
Iceland,ISL,2009,1.8
Iceland,ISL,2010,0.0
Iceland,ISL,2011,0.0
Iceland,ISL,2012,0.0
Iceland,ISL,2013,0.0
Iceland,ISL,2014,0.0
Iceland,ISL,2015,0.0
Iceland,ISL,2016,0.0
Iceland,ISL,2017,0.0
Iceland,ISL,2018,0.0
Iceland,ISL,2019,0.0
Iceland,ISL,2020,0.0
India,IND,2000,18695.6
India,IND,2001,14369.8
India,IND,2002,15026.9
India,IND,2003,13819.8
India,IND,2004,10149.8
India,IND,2005,4326.3
India,IND,2006,5280.3
India,IND,2007,2971.0
India,IND,2008,2904.9
India,IND,2009,976.99994
India,IND,2010,1933.7
India,IND,2011,1484.57
India,IND,2012,1638.45
India,IND,2013,956.14
India,IND,2014,906.57
India,IND,2015,958.24
India,IND,2016,1014.18
India,IND,2017,806.49
India,IND,2018,895.19
India,IND,2019,939.16
India,IND,2020,297.49
Indonesia,IDN,2000,5451.2
Indonesia,IDN,2001,5229.5
Indonesia,IDN,2002,5787.4
Indonesia,IDN,2003,5119.8
Indonesia,IDN,2004,4256.7
Indonesia,IDN,2005,2725.7
Indonesia,IDN,2006,553.7
Indonesia,IDN,2007,500.1
Indonesia,IDN,2008,299.9
Indonesia,IDN,2009,374.8
Indonesia,IDN,2010,433.0
Indonesia,IDN,2011,337.5
Indonesia,IDN,2012,329.38
Indonesia,IDN,2013,310.52
Indonesia,IDN,2014,257.98
Indonesia,IDN,2015,152.67
Indonesia,IDN,2016,244.66
Indonesia,IDN,2017,239.79
Indonesia,IDN,2018,235.56
Indonesia,IDN,2019,215.74
Indonesia,IDN,2020,188.41
Iran,IRN,2000,5693.3
Iran,IRN,2001,5804.4
Iran,IRN,2002,8572.9
Iran,IRN,2003,6753.6
Iran,IRN,2004,6188.5996
Iran,IRN,2005,2448.6
Iran,IRN,2006,1143.8
Iran,IRN,2007,745.6
Iran,IRN,2008,508.6
Iran,IRN,2009,466.3
Iran,IRN,2010,421.3
Iran,IRN,2011,377.58002
Iran,IRN,2012,376.81
Iran,IRN,2013,357.84
Iran,IRN,2014,342.14
Iran,IRN,2015,309.28
Iran,IRN,2016,272.98
Iran,IRN,2017,229.28
Iran,IRN,2018,162.96
Iran,IRN,2019,63.79
Iran,IRN,2020,163.67
Iraq,IRQ,2000,26.400002
Iraq,IRQ,2006,1580.6
Iraq,IRQ,2007,1836.2999
Iraq,IRQ,2008,1752.3999
Iraq,IRQ,2009,593.1
Iraq,IRQ,2010,105.8
Iraq,IRQ,2011,110.44
Iraq,IRQ,2012,112.2
Iraq,IRQ,2013,101.75
Iraq,IRQ,2014,96.83
Iraq,IRQ,2015,93.39
Iraq,IRQ,2016,93.23
Iraq,IRQ,2017,91.52
Iraq,IRQ,2018,92.68
Iraq,IRQ,2019,93.39
Iraq,IRQ,2020,66.39
Israel,ISR,2000,1696.5
Israel,ISR,2001,1147.7001
Israel,ISR,2002,1241.3
Israel,ISR,2003,710.60004
Israel,ISR,2004,742.39996
Israel,ISR,2005,556.7
Israel,ISR,2006,585.0
Israel,ISR,2007,503.30002
Israel,ISR,2008,475.4
Israel,ISR,2009,745.0
Israel,ISR,2010,91.1
Israel,ISR,2011,-474.56998
Israel,ISR,2012,715.79004
Israel,ISR,2013,94.46
Israel,ISR,2014,-139.34
Israel,ISR,2015,-82.39
Israel,ISR,2016,266.1
Israel,ISR,2017,98.920006
Israel,ISR,2018,-86.270004
Israel,ISR,2019,-5.49
Israel,ISR,2020,-38.07
Jamaica,JAM,2000,69.5
Jamaica,JAM,2001,61.399998
Jamaica,JAM,2002,39.2
Jamaica,JAM,2003,23.1
Jamaica,JAM,2004,23.3
Jamaica,JAM,2005,6.2
Jamaica,JAM,2006,2.5
Jamaica,JAM,2007,2.9
Jamaica,JAM,2008,8.5
Jamaica,JAM,2009,19.5
Jamaica,JAM,2010,15.7
Jamaica,JAM,2011,5.74
Jamaica,JAM,2012,7.4
Jamaica,JAM,2013,3.63
Jamaica,JAM,2014,5.0299997
Jamaica,JAM,2015,7.62
Jamaica,JAM,2016,8.92
Jamaica,JAM,2017,8.24
Jamaica,JAM,2018,9.97
Jamaica,JAM,2019,2.86
Jamaica,JAM,2020,4.97
Japan,JPN,2000,5989.2
Japan,JPN,2001,5261.1
Japan,JPN,2002,2466.7998
Japan,JPN,2003,3559.5
Japan,JPN,2004,1959.4
Japan,JPN,2005,1067.9
Japan,JPN,2006,1051.9
Japan,JPN,2007,1030.0
Japan,JPN,2008,1050.0
Japan,JPN,2009,699.5
Japan,JPN,2010,225.4
Japan,JPN,2011,262.83002
Japan,JPN,2012,80.84
Japan,JPN,2013,39.59
Japan,JPN,2014,16.649994
Japan,JPN,2015,-45.840004
Japan,JPN,2016,-49.99
Japan,JPN,2017,-43.1
Japan,JPN,2018,-39.1
Japan,JPN,2019,-45.560005
Japan,JPN,2020,9.2
Jordan,JOR,2000,746.7
Jordan,JOR,2001,607.7
Jordan,JOR,2002,267.0
Jordan,JOR,2003,228.6
Jordan,JOR,2004,196.9
Jordan,JOR,2005,201.2
Jordan,JOR,2006,150.3
Jordan,JOR,2007,119.5
Jordan,JOR,2008,92.4
Jordan,JOR,2009,97.700005
Jordan,JOR,2010,114.2
Jordan,JOR,2011,120.509995
Jordan,JOR,2012,143.15
Jordan,JOR,2013,63.0
Jordan,JOR,2014,62.120003
Jordan,JOR,2015,73.99
Jordan,JOR,2016,41.94
Jordan,JOR,2017,23.59
Jordan,JOR,2018,25.74
Jordan,JOR,2019,23.38
Jordan,JOR,2020,29.15
Kazakhstan,KAZ,2000,597.9
Kazakhstan,KAZ,2001,346.2
Kazakhstan,KAZ,2002,146.9
Kazakhstan,KAZ,2003,64.0
Kazakhstan,KAZ,2004,45.5
Kazakhstan,KAZ,2005,40.0
Kazakhstan,KAZ,2006,79.899994
Kazakhstan,KAZ,2007,120.9
Kazakhstan,KAZ,2008,128.8
Kazakhstan,KAZ,2009,130.2
Kazakhstan,KAZ,2010,110.0
Kazakhstan,KAZ,2011,96.75
Kazakhstan,KAZ,2012,22.76
Kazakhstan,KAZ,2013,104.62
Kazakhstan,KAZ,2014,30.8
Kazakhstan,KAZ,2015,12.11
Kazakhstan,KAZ,2016,4.96
Kazakhstan,KAZ,2017,6.82
Kazakhstan,KAZ,2018,7.15
Kazakhstan,KAZ,2019,3.06
Kazakhstan,KAZ,2020,0.67
Kenya,KEN,2000,381.4
Kenya,KEN,2001,343.4
Kenya,KEN,2002,322.0
Kenya,KEN,2003,268.40002
Kenya,KEN,2004,200.0
Kenya,KEN,2005,267.5
Kenya,KEN,2006,134.8
Kenya,KEN,2007,88.8
Kenya,KEN,2008,75.7
Kenya,KEN,2009,58.3
Kenya,KEN,2010,56.199997
Kenya,KEN,2011,52.62
Kenya,KEN,2012,42.35
Kenya,KEN,2013,29.14
Kenya,KEN,2014,24.8
Kenya,KEN,2015,20.6
Kenya,KEN,2016,15.07
Kenya,KEN,2017,5.66
Kenya,KEN,2018,4.49
Kenya,KEN,2019,6.36
Kenya,KEN,2020,6.44
Kiribati,KIR,2000,0.0
Kiribati,KIR,2001,0.0
Kiribati,KIR,2002,0.0
Kiribati,KIR,2003,0.0
Kiribati,KIR,2004,0.0
Kiribati,KIR,2005,0.0
Kiribati,KIR,2006,0.0
Kiribati,KIR,2007,0.1
Kiribati,KIR,2008,0.2
Kiribati,KIR,2009,0.0
Kiribati,KIR,2010,0.1
Kiribati,KIR,2011,0.01
Kiribati,KIR,2012,0.03
Kiribati,KIR,2013,0.03
Kiribati,KIR,2014,0.0
Kiribati,KIR,2015,0.03
Kiribati,KIR,2016,0.02
Kiribati,KIR,2017,0.02
Kiribati,KIR,2018,0.01
Kiribati,KIR,2019,0.02
Kiribati,KIR,2020,0.0
Kuwait,KWT,2000,595.1
Kuwait,KWT,2001,518.7
Kuwait,KWT,2002,515.7
Kuwait,KWT,2003,450.59998
Kuwait,KWT,2004,485.8
Kuwait,KWT,2005,373.9
Kuwait,KWT,2006,393.09998
Kuwait,KWT,2007,427.9
Kuwait,KWT,2008,408.5
Kuwait,KWT,2009,426.1
Kuwait,KWT,2010,439.1
Kuwait,KWT,2011,397.75
Kuwait,KWT,2012,420.15
Kuwait,KWT,2013,414.67
Kuwait,KWT,2014,336.17
Kuwait,KWT,2015,338.98
Kuwait,KWT,2016,297.86
Kuwait,KWT,2017,295.94
Kuwait,KWT,2018,254.18
Kuwait,KWT,2019,253.63
Kuwait,KWT,2020,253.82
Kyrgyzstan,KGZ,2000,53.8
Kyrgyzstan,KGZ,2001,67.0
Kyrgyzstan,KGZ,2002,50.2
Kyrgyzstan,KGZ,2003,47.3
Kyrgyzstan,KGZ,2004,36.5
Kyrgyzstan,KGZ,2005,16.4
Kyrgyzstan,KGZ,2006,8.8
Kyrgyzstan,KGZ,2007,5.7999997
Kyrgyzstan,KGZ,2008,12.4
Kyrgyzstan,KGZ,2009,7.7
Kyrgyzstan,KGZ,2010,4.3
Kyrgyzstan,KGZ,2011,2.96
Kyrgyzstan,KGZ,2012,2.91
Kyrgyzstan,KGZ,2013,3.99
Kyrgyzstan,KGZ,2014,2.4
Kyrgyzstan,KGZ,2015,1.58
Kyrgyzstan,KGZ,2016,1.73
Kyrgyzstan,KGZ,2017,1.37
Kyrgyzstan,KGZ,2018,1.33
Kyrgyzstan,KGZ,2019,0.71
Kyrgyzstan,KGZ,2020,0.0
Laos,LAO,2000,45.199997
Laos,LAO,2001,42.0
Laos,LAO,2002,42.899998
Laos,LAO,2003,35.899998
Laos,LAO,2004,23.1
Laos,LAO,2005,21.3
Laos,LAO,2006,19.4
Laos,LAO,2007,8.0
Laos,LAO,2008,3.6
Laos,LAO,2009,3.0
Laos,LAO,2010,2.5
Laos,LAO,2011,2.66
Laos,LAO,2012,2.75
Laos,LAO,2013,1.6
Laos,LAO,2014,2.28
Laos,LAO,2015,2.07
Laos,LAO,2016,2.03
Laos,LAO,2017,0.59
Laos,LAO,2018,0.86
Laos,LAO,2019,1.29
Laos,LAO,2020,1.42
Lebanon,LBN,2000,777.5
Lebanon,LBN,2001,770.1
Lebanon,LBN,2002,710.80005
Lebanon,LBN,2003,685.0
Lebanon,LBN,2004,432.0
Lebanon,LBN,2005,354.59998
Lebanon,LBN,2006,290.0
Lebanon,LBN,2007,112.4
Lebanon,LBN,2008,58.199997
Lebanon,LBN,2009,58.4
Lebanon,LBN,2010,88.6
Lebanon,LBN,2011,92.26
Lebanon,LBN,2012,94.67
Lebanon,LBN,2013,72.61
Lebanon,LBN,2014,69.69
Lebanon,LBN,2015,65.86
Lebanon,LBN,2016,58.86
Lebanon,LBN,2017,55.15
Lebanon,LBN,2018,51.62
Lebanon,LBN,2019,43.82
Lebanon,LBN,2020,35.1
Lesotho,LSO,2000,2.4
Lesotho,LSO,2001,4.1
Lesotho,LSO,2002,4.6
Lesotho,LSO,2003,3.3
Lesotho,LSO,2004,2.1
Lesotho,LSO,2005,1.1
Lesotho,LSO,2006,1.9
Lesotho,LSO,2007,2.0
Lesotho,LSO,2008,3.3
Lesotho,LSO,2009,3.8
Lesotho,LSO,2010,3.1
Lesotho,LSO,2011,2.5
Lesotho,LSO,2012,2.24
Lesotho,LSO,2013,1.96
Lesotho,LSO,2014,1.14
Lesotho,LSO,2015,0.75
Lesotho,LSO,2016,0.71
Lesotho,LSO,2017,0.7
Lesotho,LSO,2018,0.63
Lesotho,LSO,2019,0.56
Lesotho,LSO,2020,0.46
Liberia,LBR,2000,42.8
Liberia,LBR,2001,26.199999
Liberia,LBR,2002,54.0
Liberia,LBR,2003,27.8
Liberia,LBR,2004,15.5
Liberia,LBR,2005,5.8
Liberia,LBR,2006,6.2
Liberia,LBR,2007,3.6999998
Liberia,LBR,2008,3.4
Liberia,LBR,2009,5.0
Liberia,LBR,2010,5.5
Liberia,LBR,2011,5.41
Liberia,LBR,2012,4.82
Liberia,LBR,2013,4.51
Liberia,LBR,2014,3.74
Liberia,LBR,2015,3.13
Liberia,LBR,2016,2.84
Liberia,LBR,2017,2.31
Liberia,LBR,2018,1.78
Liberia,LBR,2019,0.78
Liberia,LBR,2020,1.58
Libya,LBY,2000,1596.5
Libya,LBY,2001,1596.5
Libya,LBY,2002,1596.5
Libya,LBY,2003,1511.6
Libya,LBY,2004,1281.5
Libya,LBY,2005,1088.0
Libya,LBY,2006,520.7
Libya,LBY,2007,142.8
Libya,LBY,2008,111.600006
Libya,LBY,2009,127.5
Libya,LBY,2010,139.26
Libya,LBY,2011,131.89
Libya,LBY,2012,144.1
Libya,LBY,2013,144.0
Libya,LBY,2014,122.4
Libya,LBY,2015,119.81
Libya,LBY,2016,118.36
Libya,LBY,2017,117.68
Libya,LBY,2018,76.75
Libya,LBY,2019,76.65
Libya,LBY,2020,75.0
Liechtenstein,LIE,2000,0.1
Liechtenstein,LIE,2001,0.1
Liechtenstein,LIE,2002,0.1
Liechtenstein,LIE,2003,0.1
Liechtenstein,LIE,2004,-0.1
Liechtenstein,LIE,2005,0.0
Liechtenstein,LIE,2006,0.0
Liechtenstein,LIE,2007,0.0
Liechtenstein,LIE,2008,0.0
Liechtenstein,LIE,2009,0.0
Liechtenstein,LIE,2010,0.0
Liechtenstein,LIE,2011,0.0
Liechtenstein,LIE,2012,0.0
Liechtenstein,LIE,2013,0.0
Liechtenstein,LIE,2014,0.0
Liechtenstein,LIE,2015,0.0
Liechtenstein,LIE,2016,0.0
Liechtenstein,LIE,2017,0.0
Liechtenstein,LIE,2018,0.0
Liechtenstein,LIE,2019,0.0
Liechtenstein,LIE,2020,0.0
Madagascar,MDG,2000,14.2
Madagascar,MDG,2001,11.299999
Madagascar,MDG,2002,8.8
Madagascar,MDG,2003,7.8999996
Madagascar,MDG,2004,9.7
Madagascar,MDG,2005,9.6
Madagascar,MDG,2006,4.0
Madagascar,MDG,2007,4.2
Madagascar,MDG,2008,3.0
Madagascar,MDG,2009,16.49
Madagascar,MDG,2010,16.8
Madagascar,MDG,2011,16.5
Madagascar,MDG,2012,15.95
Madagascar,MDG,2013,15.95
Madagascar,MDG,2014,15.29
Madagascar,MDG,2015,14.03
Madagascar,MDG,2016,11.83
Madagascar,MDG,2017,10.73
Madagascar,MDG,2018,10.4
Madagascar,MDG,2019,9.63
Madagascar,MDG,2020,5.5
Malawi,MWI,2000,101.7
Malawi,MWI,2001,88.0
Malawi,MWI,2002,75.4
Malawi,MWI,2003,60.9
Malawi,MWI,2004,12.099999
Malawi,MWI,2005,7.1
Malawi,MWI,2006,6.6
Malawi,MWI,2007,5.1
Malawi,MWI,2008,6.7
Malawi,MWI,2009,8.6
Malawi,MWI,2010,13.0
Malawi,MWI,2011,12.71
Malawi,MWI,2012,12.54
Malawi,MWI,2013,10.18
Malawi,MWI,2014,9.35
Malawi,MWI,2015,8.91
Malawi,MWI,2016,8.23
Malawi,MWI,2017,7.08
Malawi,MWI,2018,5.57
Malawi,MWI,2019,4.94
Malawi,MWI,2020,3.33
Malaysia,MYS,2000,2435.0
Malaysia,MYS,2001,2385.3
Malaysia,MYS,2002,1966.3
Malaysia,MYS,2003,1516.6
Malaysia,MYS,2004,1483.6
Malaysia,MYS,2005,1042.4
Malaysia,MYS,2006,964.30005
Malaysia,MYS,2007,664.2
Malaysia,MYS,2008,571.2
Malaysia,MYS,2009,604.5
Malaysia,MYS,2010,542.8
Malaysia,MYS,2011,485.8
Malaysia,MYS,2012,737.60004
Malaysia,MYS,2013,449.93
Malaysia,MYS,2014,470.3
Malaysia,MYS,2015,418.5
Malaysia,MYS,2016,318.62
Malaysia,MYS,2017,235.78
Malaysia,MYS,2018,248.34
Malaysia,MYS,2019,214.2
Malaysia,MYS,2020,228.41
Maldives,MDV,2000,4.6
Maldives,MDV,2001,15.7
Maldives,MDV,2002,4.0
Maldives,MDV,2003,2.0
Maldives,MDV,2004,2.2
Maldives,MDV,2005,2.7
Maldives,MDV,2006,5.3999996
Maldives,MDV,2007,4.4
Maldives,MDV,2008,3.7
Maldives,MDV,2009,5.1
Maldives,MDV,2010,4.0
Maldives,MDV,2011,3.67
Maldives,MDV,2012,3.69
Maldives,MDV,2013,3.19
Maldives,MDV,2014,3.32
Maldives,MDV,2015,2.45
Maldives,MDV,2016,2.4
Maldives,MDV,2017,2.4
Maldives,MDV,2018,1.21
Maldives,MDV,2019,1.21
Maldives,MDV,2020,0.09
Mali,MLI,2000,30.2
Mali,MLI,2001,28.3
Mali,MLI,2002,30.1
Mali,MLI,2003,31.6
Mali,MLI,2004,31.7
Mali,MLI,2005,33.1
Mali,MLI,2006,26.0
Mali,MLI,2007,21.6
Mali,MLI,2008,14.5
Mali,MLI,2009,14.4
Mali,MLI,2010,15.5
Mali,MLI,2011,17.6
Mali,MLI,2012,16.61
Mali,MLI,2013,10.29
Mali,MLI,2014,10.18
Mali,MLI,2015,10.12
Mali,MLI,2016,9.63
Mali,MLI,2017,9.08
Mali,MLI,2018,9.08
Mali,MLI,2019,7.54
Mali,MLI,2020,7.54
Marshall Islands,MHL,2000,0.6
Marshall Islands,MHL,2001,0.3
Marshall Islands,MHL,2002,0.3
Marshall Islands,MHL,2003,0.5
Marshall Islands,MHL,2004,0.1
Marshall Islands,MHL,2005,0.0
Marshall Islands,MHL,2006,0.1
Marshall Islands,MHL,2007,0.2
Marshall Islands,MHL,2008,0.2
Marshall Islands,MHL,2009,0.2
Marshall Islands,MHL,2010,0.2
Marshall Islands,MHL,2011,0.24
Marshall Islands,MHL,2012,0.21
Marshall Islands,MHL,2013,0.12
Marshall Islands,MHL,2014,0.08
Marshall Islands,MHL,2015,0.08
Marshall Islands,MHL,2016,0.0
Marshall Islands,MHL,2017,0.0
Marshall Islands,MHL,2018,0.0
Marshall Islands,MHL,2019,0.0
Marshall Islands,MHL,2020,0.0
Mauritania,MRT,2000,15.599999
Mauritania,MRT,2001,16.6
Mauritania,MRT,2002,16.5
Mauritania,MRT,2003,14.3
Mauritania,MRT,2004,8.4
Mauritania,MRT,2005,7.3
Mauritania,MRT,2006,4.2
Mauritania,MRT,2007,2.6999998
Mauritania,MRT,2008,6.5
Mauritania,MRT,2009,20.4
Mauritania,MRT,2010,20.5
Mauritania,MRT,2011,17.6
Mauritania,MRT,2012,20.35
Mauritania,MRT,2013,20.35
Mauritania,MRT,2014,20.08
Mauritania,MRT,2015,18.43
Mauritania,MRT,2016,18.15
Mauritania,MRT,2017,15.8
Mauritania,MRT,2018,15.05
Mauritania,MRT,2019,13.91
Mauritania,MRT,2020,13.19
Mauritius,MUS,2000,27.6
Mauritius,MUS,2001,20.4
Mauritius,MUS,2002,14.4
Mauritius,MUS,2003,16.3
Mauritius,MUS,2004,15.7
Mauritius,MUS,2005,9.099999
Mauritius,MUS,2006,8.6
Mauritius,MUS,2007,8.6
Mauritius,MUS,2008,6.9
Mauritius,MUS,2009,10.7
Mauritius,MUS,2010,5.3
Mauritius,MUS,2011,8.82
Mauritius,MUS,2012,7.14
Mauritius,MUS,2013,5.44
Mauritius,MUS,2014,7.93
Mauritius,MUS,2015,6.79
Mauritius,MUS,2016,6.04
Mauritius,MUS,2017,5.84
Mauritius,MUS,2018,6.84
Mauritius,MUS,2019,4.75
Mauritius,MUS,2020,2.03
Mexico,MEX,2000,6055.7
Mexico,MEX,2001,4666.8
Mexico,MEX,2002,3954.7
Mexico,MEX,2003,3783.2998
Mexico,MEX,2004,5619.3
Mexico,MEX,2005,3816.7002
Mexico,MEX,2006,1617.9
Mexico,MEX,2007,1917.8999
Mexico,MEX,2008,1985.4
Mexico,MEX,2009,1769.6001
Mexico,MEX,2010,1598.8999
Mexico,MEX,2011,1563.6001
Mexico,MEX,2012,1428.58
Mexico,MEX,2013,1118.45
Mexico,MEX,2014,733.82
Mexico,MEX,2015,671.47003
Mexico,MEX,2016,557.56
Mexico,MEX,2017,414.32
Mexico,MEX,2018,321.17
Mexico,MEX,2019,234.63
Mexico,MEX,2020,156.57
Micronesia (country),FSM,2000,1.0
Micronesia (country),FSM,2001,1.4000001
Micronesia (country),FSM,2002,2.2
Micronesia (country),FSM,2003,2.0
Micronesia (country),FSM,2004,1.9
Micronesia (country),FSM,2005,0.5
Micronesia (country),FSM,2006,0.1
Micronesia (country),FSM,2007,0.5
Micronesia (country),FSM,2008,0.2
Micronesia (country),FSM,2009,0.1
Micronesia (country),FSM,2010,0.2
Micronesia (country),FSM,2011,0.06
Micronesia (country),FSM,2012,0.06
Micronesia (country),FSM,2013,0.03
Micronesia (country),FSM,2014,0.09
Micronesia (country),FSM,2015,0.0
Micronesia (country),FSM,2016,0.04
Micronesia (country),FSM,2017,0.0
Micronesia (country),FSM,2018,0.0
Micronesia (country),FSM,2019,0.1
Micronesia (country),FSM,2020,0.0
Moldova,MDA,2000,31.7
Moldova,MDA,2001,23.5
Moldova,MDA,2002,29.6
Moldova,MDA,2003,18.9
Moldova,MDA,2004,21.5
Moldova,MDA,2005,15.299999
Moldova,MDA,2006,12.7
Moldova,MDA,2007,11.299999
Moldova,MDA,2008,2.8
Moldova,MDA,2009,1.2
Moldova,MDA,2010,0.7
Moldova,MDA,2011,1.31
Moldova,MDA,2012,1.88
Moldova,MDA,2013,0.99
Moldova,MDA,2014,0.76
Moldova,MDA,2015,0.82
Moldova,MDA,2016,0.0
Moldova,MDA,2017,0.0
Moldova,MDA,2018,0.31
Moldova,MDA,2019,0.53
Moldova,MDA,2020,0.56
Monaco,MCO,2000,0.1
Monaco,MCO,2001,0.1
Monaco,MCO,2002,0.1
Monaco,MCO,2003,1.5
Monaco,MCO,2004,0.2
Monaco,MCO,2005,0.1
Monaco,MCO,2006,0.1
Monaco,MCO,2007,0.1
Monaco,MCO,2008,0.1
Monaco,MCO,2009,0.1
Monaco,MCO,2010,0.0
Monaco,MCO,2011,0.01
Monaco,MCO,2012,0.01
Monaco,MCO,2013,0.01
Monaco,MCO,2014,0.0
Monaco,MCO,2015,0.0
Monaco,MCO,2016,0.0
Monaco,MCO,2017,0.0
Monaco,MCO,2018,0.0
Monaco,MCO,2019,0.0
Monaco,MCO,2020,0.0
Mongolia,MNG,2000,11.4
Mongolia,MNG,2001,9.900001
Mongolia,MNG,2002,7.3
Mongolia,MNG,2003,6.2
Mongolia,MNG,2004,4.5
Mongolia,MNG,2005,4.3
Mongolia,MNG,2006,3.3000002
Mongolia,MNG,2007,2.6
Mongolia,MNG,2008,2.6000001
Mongolia,MNG,2009,1.9000001
Mongolia,MNG,2010,1.5
Mongolia,MNG,2011,1.16
Mongolia,MNG,2012,2.87
Mongolia,MNG,2013,0.94
Mongolia,MNG,2014,0.38
Mongolia,MNG,2015,0.64
Mongolia,MNG,2016,0.45
Mongolia,MNG,2017,0.59
Mongolia,MNG,2018,0.69
Mongolia,MNG,2019,0.74
Mongolia,MNG,2020,0.02
Montenegro,MNE,2000,1.1
Montenegro,MNE,2006,15.400001
Montenegro,MNE,2007,4.2
Montenegro,MNE,2008,0.5
Montenegro,MNE,2009,0.9
Montenegro,MNE,2010,0.6
Montenegro,MNE,2011,0.72
Montenegro,MNE,2012,0.94
Montenegro,MNE,2013,0.75
Montenegro,MNE,2014,0.72
Montenegro,MNE,2015,0.67
Montenegro,MNE,2016,0.62
Montenegro,MNE,2017,0.19
Montenegro,MNE,2018,0.17
Montenegro,MNE,2019,0.05
Montenegro,MNE,2020,0.13
Morocco,MAR,2000,1456.5
Morocco,MAR,2001,2078.0
Morocco,MAR,2002,1070.0
Morocco,MAR,2003,1177.5
Morocco,MAR,2004,1060.9
Morocco,MAR,2005,595.39996
Morocco,MAR,2006,473.69998
Morocco,MAR,2007,321.09998
Morocco,MAR,2008,212.7
Morocco,MAR,2009,168.29001
Morocco,MAR,2010,123.700005
Morocco,MAR,2011,120.61
Morocco,MAR,2012,81.2
Morocco,MAR,2013,39.19
Morocco,MAR,2014,38.26
Morocco,MAR,2015,16.88
Morocco,MAR,2016,26.88
Morocco,MAR,2017,32.64
Morocco,MAR,2018,23.24
Morocco,MAR,2019,27.49
Morocco,MAR,2020,25.26
Mozambique,MOZ,2000,18.8
Mozambique,MOZ,2001,17.3
Mozambique,MOZ,2002,14.4
Mozambique,MOZ,2003,3.1
Mozambique,MOZ,2004,3.0
Mozambique,MOZ,2005,7.2999997
Mozambique,MOZ,2006,9.0
Mozambique,MOZ,2007,9.2
Mozambique,MOZ,2008,10.0
Mozambique,MOZ,2009,9.88
Mozambique,MOZ,2010,9.599999
Mozambique,MOZ,2011,8.4
Mozambique,MOZ,2012,8.17
Mozambique,MOZ,2013,8.25
Mozambique,MOZ,2014,7.15
Mozambique,MOZ,2015,7.15
Mozambique,MOZ,2016,7.04
Mozambique,MOZ,2017,5.03
Mozambique,MOZ,2018,4.02
Mozambique,MOZ,2019,3.58
Mozambique,MOZ,2020,2.21
Myanmar,MMR,2000,26.599998
Myanmar,MMR,2001,39.4
Myanmar,MMR,2002,45.7
Myanmar,MMR,2003,53.699997
Myanmar,MMR,2004,33.0
Myanmar,MMR,2005,15.0
Myanmar,MMR,2006,1.3
Myanmar,MMR,2007,2.4
Myanmar,MMR,2008,2.0
Myanmar,MMR,2009,4.1
Myanmar,MMR,2010,4.5
Myanmar,MMR,2011,5.75
Myanmar,MMR,2012,9.66
Myanmar,MMR,2013,3.02
Myanmar,MMR,2014,1.98
Myanmar,MMR,2015,1.48
Myanmar,MMR,2016,3.34
Myanmar,MMR,2017,3.59
Myanmar,MMR,2018,3.37
Myanmar,MMR,2019,3.5
Myanmar,MMR,2020,2.04
Namibia,NAM,2000,23.9
Namibia,NAM,2001,24.6
Namibia,NAM,2002,20.0
Namibia,NAM,2003,17.2
Namibia,NAM,2004,7.7
Namibia,NAM,2005,0.0
Namibia,NAM,2006,0.0
Namibia,NAM,2007,11.8
Namibia,NAM,2008,5.8
Namibia,NAM,2009,6.0
Namibia,NAM,2010,10.7
Namibia,NAM,2011,9.95
Namibia,NAM,2012,4.76
Namibia,NAM,2013,7.02
Namibia,NAM,2014,3.64
Namibia,NAM,2015,5.36
Namibia,NAM,2016,3.76
Namibia,NAM,2017,2.68
Namibia,NAM,2018,1.71
Namibia,NAM,2019,0.77
Namibia,NAM,2020,0.74
Nauru,NRU,2000,0.4
Nauru,NRU,2001,0.4
Nauru,NRU,2002,0.0
Nauru,NRU,2003,0.0
Nauru,NRU,2004,0.0
Nauru,NRU,2005,0.0
Nauru,NRU,2006,0.0
Nauru,NRU,2007,0.0
Nauru,NRU,2008,0.0
Nauru,NRU,2009,0.0
Nauru,NRU,2010,0.0
Nauru,NRU,2011,0.01
Nauru,NRU,2012,0.01
Nauru,NRU,2013,0.0
Nauru,NRU,2014,0.0
Nauru,NRU,2015,0.02
Nauru,NRU,2016,0.01
Nauru,NRU,2017,0.0
Nauru,NRU,2018,0.0
Nauru,NRU,2019,0.0
Nauru,NRU,2020,0.0
Nepal,NPL,2000,99.200005
Nepal,NPL,2001,2.6
Nepal,NPL,2002,2.6
Nepal,NPL,2003,0.9
Nepal,NPL,2004,0.9
Nepal,NPL,2005,0.1
Nepal,NPL,2006,1.2
Nepal,NPL,2007,1.2
Nepal,NPL,2008,1.4
Nepal,NPL,2009,1.2
Nepal,NPL,2010,1.2
Nepal,NPL,2011,1.2
Nepal,NPL,2012,0.74
Nepal,NPL,2013,0.66
Nepal,NPL,2014,0.83
Nepal,NPL,2015,0.11
Nepal,NPL,2016,0.84
Nepal,NPL,2017,0.64
Nepal,NPL,2018,0.83
Nepal,NPL,2019,0.64
Nepal,NPL,2020,0.41
New Zealand,NZL,2000,19.2
New Zealand,NZL,2001,32.4
New Zealand,NZL,2002,42.8
New Zealand,NZL,2003,35.3
New Zealand,NZL,2004,32.6
New Zealand,NZL,2005,48.6
New Zealand,NZL,2006,40.199997
New Zealand,NZL,2007,33.300003
New Zealand,NZL,2008,17.8
New Zealand,NZL,2009,17.5
New Zealand,NZL,2010,11.6
New Zealand,NZL,2011,11.5
New Zealand,NZL,2012,9.47
New Zealand,NZL,2013,10.3
New Zealand,NZL,2014,8.65
New Zealand,NZL,2015,1.1
New Zealand,NZL,2016,0.0
New Zealand,NZL,2017,0.01
New Zealand,NZL,2018,0.0
New Zealand,NZL,2019,0.0
New Zealand,NZL,2020,0.0
Nicaragua,NIC,2000,44.4
Nicaragua,NIC,2001,37.2
Nicaragua,NIC,2002,64.9
Nicaragua,NIC,2003,32.2
Nicaragua,NIC,2004,50.600002
Nicaragua,NIC,2005,39.4
Nicaragua,NIC,2006,28.5
Nicaragua,NIC,2007,6.5
Nicaragua,NIC,2008,3.9
Nicaragua,NIC,2009,8.6
Nicaragua,NIC,2010,7.5
Nicaragua,NIC,2011,5.41
Nicaragua,NIC,2012,11.87
Nicaragua,NIC,2013,3.56
Nicaragua,NIC,2014,5.4
Nicaragua,NIC,2015,5.7
Nicaragua,NIC,2016,4.89
Nicaragua,NIC,2017,4.22
Nicaragua,NIC,2018,0.99
Nicaragua,NIC,2019,2.97
Nicaragua,NIC,2020,2.74
Niger,NER,2000,40.9
Niger,NER,2001,44.7
Niger,NER,2002,42.4
Niger,NER,2003,39.7
Niger,NER,2004,38.5
Niger,NER,2005,29.5
Niger,NER,2006,30.0
Niger,NER,2007,20.400002
Niger,NER,2008,18.9
Niger,NER,2009,17.65
Niger,NER,2010,16.0
Niger,NER,2011,15.92
Niger,NER,2012,15.33
Niger,NER,2013,14.61
Niger,NER,2014,14.32
Niger,NER,2015,13.02
Niger,NER,2016,12.13
Niger,NER,2017,11.85
Niger,NER,2018,11.53
Niger,NER,2019,10.61
Niger,NER,2020,10.02
Nigeria,NGA,2000,4810.9004
Nigeria,NGA,2001,4310.3
Nigeria,NGA,2002,3933.3
Nigeria,NGA,2003,3119.7998
Nigeria,NGA,2004,2533.6
Nigeria,NGA,2005,497.6
Nigeria,NGA,2006,489.8
Nigeria,NGA,2007,113.5
Nigeria,NGA,2008,312.7
Nigeria,NGA,2009,336.49002
Nigeria,NGA,2010,368.37
Nigeria,NGA,2011,402.32
Nigeria,NGA,2012,453.4
Nigeria,NGA,2013,334.46
Nigeria,NGA,2014,304.11
Nigeria,NGA,2015,247.7
Nigeria,NGA,2016,234.74
Nigeria,NGA,2017,265.82
Nigeria,NGA,2018,279.76
Nigeria,NGA,2019,239.14
Nigeria,NGA,2020,166.69
Niue,NIU,2000,0.0
Niue,NIU,2003,0.0
Niue,NIU,2004,0.0
Niue,NIU,2005,0.0
Niue,NIU,2006,0.0
Niue,NIU,2007,0.0
Niue,NIU,2008,0.0
Niue,NIU,2009,0.0
Niue,NIU,2010,0.0
Niue,NIU,2011,0.0
Niue,NIU,2012,0.0
Niue,NIU,2013,0.0
Niue,NIU,2014,0.0
Niue,NIU,2015,0.0
Niue,NIU,2016,0.0
Niue,NIU,2017,0.0
Niue,NIU,2018,0.0
Niue,NIU,2019,0.0
Niue,NIU,2020,0.0
North Korea,PRK,2000,1131.7
North Korea,PRK,2001,2409.7998
North Korea,PRK,2002,2335.2
North Korea,PRK,2003,2188.4
North Korea,PRK,2004,2225.7998
North Korea,PRK,2005,309.3
North Korea,PRK,2006,52.1
North Korea,PRK,2007,138.2
North Korea,PRK,2008,91.2
North Korea,PRK,2009,89.0
North Korea,PRK,2010,94.1
North Korea,PRK,2011,90.04
North Korea,PRK,2012,88.96
North Korea,PRK,2013,90.56
North Korea,PRK,2014,79.37
North Korea,PRK,2015,70.02
North Korea,PRK,2016,69.91
North Korea,PRK,2017,69.19
North Korea,PRK,2018,70.13
North Korea,PRK,2019,72.27
North Korea,PRK,2020,63.75
North Macedonia,MKD,2000,77.9
North Macedonia,MKD,2001,77.0
North Macedonia,MKD,2002,43.199997
North Macedonia,MKD,2003,55.3
North Macedonia,MKD,2004,13.6
North Macedonia,MKD,2005,13.7
North Macedonia,MKD,2006,9.1
North Macedonia,MKD,2007,1.2
North Macedonia,MKD,2008,2.0
North Macedonia,MKD,2009,2.29
North Macedonia,MKD,2010,1.3
North Macedonia,MKD,2011,0.9
North Macedonia,MKD,2012,0.74
North Macedonia,MKD,2013,0.72
North Macedonia,MKD,2014,0.57
North Macedonia,MKD,2015,0.18
North Macedonia,MKD,2016,0.27
North Macedonia,MKD,2017,0.0
North Macedonia,MKD,2018,0.26
North Macedonia,MKD,2019,0.64
North Macedonia,MKD,2020,0.37
Norway,NOR,2000,18.3
Norway,NOR,2001,0.29999843
Norway,NOR,2002,-42.8
Norway,NOR,2003,-55.8
Norway,NOR,2004,-84.299995
Norway,NOR,2005,-7.0999994
Norway,NOR,2006,-207.5
Norway,NOR,2007,-46.699997
Norway,NOR,2008,15.6
Norway,NOR,2009,-5.1000004
Norway,NOR,2010,1.6
Norway,NOR,2011,-0.16
Norway,NOR,2012,0.0
Norway,NOR,2013,0.0
Norway,NOR,2014,0.0
Norway,NOR,2015,0.0
Norway,NOR,2016,0.0
Norway,NOR,2017,0.0
Norway,NOR,2018,0.0
Norway,NOR,2019,0.0
Norway,NOR,2020,0.0
Oman,OMN,2000,315.0
Oman,OMN,2001,229.50002
Oman,OMN,2002,201.5
Oman,OMN,2003,152.20001
Oman,OMN,2004,118.7
Oman,OMN,2005,74.1
Oman,OMN,2006,58.0
Oman,OMN,2007,29.6
Oman,OMN,2008,33.2
Oman,OMN,2009,32.1
Oman,OMN,2010,32.2
Oman,OMN,2011,34.82
Oman,OMN,2012,54.95
Oman,OMN,2013,28.87
Oman,OMN,2014,20.37
Oman,OMN,2015,22.3
Oman,OMN,2016,20.11
Oman,OMN,2017,17.43
Oman,OMN,2018,19.17
Oman,OMN,2019,17.9
Oman,OMN,2020,15.96
Pakistan,PAK,2000,2599.4001
Pakistan,PAK,2001,2412.7
Pakistan,PAK,2002,2347.2
Pakistan,PAK,2003,1786.2999
Pakistan,PAK,2004,1578.6
Pakistan,PAK,2005,606.8
Pakistan,PAK,2006,733.3
Pakistan,PAK,2007,354.0
Pakistan,PAK,2008,356.9
Pakistan,PAK,2009,246.01
Pakistan,PAK,2010,255.7
Pakistan,PAK,2011,276.05
Pakistan,PAK,2012,326.23
Pakistan,PAK,2013,247.02
Pakistan,PAK,2014,239.79
Pakistan,PAK,2015,203.13
Pakistan,PAK,2016,216.0
Pakistan,PAK,2017,206.82
Pakistan,PAK,2018,190.19
Pakistan,PAK,2019,208.75
Pakistan,PAK,2020,122.21
Palau,PLW,2000,70.7
Palau,PLW,2001,70.7
Palau,PLW,2002,0.2
Palau,PLW,2003,1.1
Palau,PLW,2004,1.0
Palau,PLW,2005,0.2
Palau,PLW,2006,0.1
Palau,PLW,2007,0.1
Palau,PLW,2008,0.1
Palau,PLW,2009,0.1
Palau,PLW,2010,0.2
Palau,PLW,2011,0.17
Palau,PLW,2012,0.17
Palau,PLW,2013,0.12
Palau,PLW,2014,0.12
Palau,PLW,2015,0.11
Palau,PLW,2016,0.12
Palau,PLW,2017,0.1
Palau,PLW,2018,0.07
Palau,PLW,2019,0.01
Palau,PLW,2020,0.02
Palestine,PSE,2019,31.9
Palestine,PSE,2020,30.8
Panama,PAN,2000,261.0
Panama,PAN,2001,192.7
Panama,PAN,2002,204.7
Panama,PAN,2003,184.7
Panama,PAN,2004,152.5
Panama,PAN,2005,113.3
Panama,PAN,2006,64.8
Panama,PAN,2007,43.5
Panama,PAN,2008,40.2
Panama,PAN,2009,25.0
Panama,PAN,2010,24.6
Panama,PAN,2011,23.89
Panama,PAN,2012,32.77
Panama,PAN,2013,21.37
Panama,PAN,2014,19.22
Panama,PAN,2015,17.53
Panama,PAN,2016,18.35
Panama,PAN,2017,16.53
Panama,PAN,2018,16.34
Panama,PAN,2019,14.36
Panama,PAN,2020,11.3
Papua New Guinea,PNG,2000,52.0
Papua New Guinea,PNG,2001,19.3
Papua New Guinea,PNG,2002,39.699997
Papua New Guinea,PNG,2003,26.300001
Papua New Guinea,PNG,2004,21.0
Papua New Guinea,PNG,2005,18.800001
Papua New Guinea,PNG,2006,7.1
Papua New Guinea,PNG,2007,9.5
Papua New Guinea,PNG,2008,1.4999999
Papua New Guinea,PNG,2009,3.2
Papua New Guinea,PNG,2010,3.3
Papua New Guinea,PNG,2011,1.69
Papua New Guinea,PNG,2012,3.06
Papua New Guinea,PNG,2013,3.02
Papua New Guinea,PNG,2014,2.87
Papua New Guinea,PNG,2015,2.32
Papua New Guinea,PNG,2016,2.15
Papua New Guinea,PNG,2017,2.09
Papua New Guinea,PNG,2018,1.87
Papua New Guinea,PNG,2019,1.28
Papua New Guinea,PNG,2020,1.07
Paraguay,PRY,2000,175.5
Paraguay,PRY,2001,138.5
Paraguay,PRY,2002,105.5
Paraguay,PRY,2003,101.100006
Paraguay,PRY,2004,145.09999
Paraguay,PRY,2005,266.9
Paraguay,PRY,2006,111.700005
Paraguay,PRY,2007,27.1
Paraguay,PRY,2008,39.0
Paraguay,PRY,2009,25.900002
Paraguay,PRY,2010,20.9
Paraguay,PRY,2011,16.82
Paraguay,PRY,2012,29.33
Paraguay,PRY,2013,16.46
Paraguay,PRY,2014,17.83
Paraguay,PRY,2015,15.99
Paraguay,PRY,2016,12.95
Paraguay,PRY,2017,12.74
Paraguay,PRY,2018,13.02
Paraguay,PRY,2019,14.59
Paraguay,PRY,2020,10.91
Peru,PER,2000,385.6
Peru,PER,2001,189.9
Peru,PER,2002,203.6
Peru,PER,2003,191.09999
Peru,PER,2004,160.59999
Peru,PER,2005,149.4
Peru,PER,2006,99.5
Peru,PER,2007,20.6
Peru,PER,2008,28.0
Peru,PER,2009,27.3
Peru,PER,2010,26.45
Peru,PER,2011,32.5
Peru,PER,2012,26.98
Peru,PER,2013,25.81
Peru,PER,2014,22.01
Peru,PER,2015,22.82
Peru,PER,2016,22.21
Peru,PER,2017,22.32
Peru,PER,2018,19.84
Peru,PER,2019,16.44
Peru,PER,2020,12.32
Philippines,PHL,2000,3064.3
Philippines,PHL,2001,2214.4
Philippines,PHL,2002,1795.1
Philippines,PHL,2003,1622.5
Philippines,PHL,2004,1570.6001
Philippines,PHL,2005,1232.9
Philippines,PHL,2006,808.60004
Philippines,PHL,2007,325.7
Philippines,PHL,2008,397.4
Philippines,PHL,2009,371.68
Philippines,PHL,2010,160.98
Philippines,PHL,2011,164.89
Philippines,PHL,2012,195.65
Philippines,PHL,2013,136.69
Philippines,PHL,2014,149.42
Philippines,PHL,2015,123.26
Philippines,PHL,2016,115.4
Philippines,PHL,2017,112.29
Philippines,PHL,2018,105.91
Philippines,PHL,2019,103.75
Philippines,PHL,2020,50.62
Qatar,QAT,2000,126.0
Qatar,QAT,2001,120.9
Qatar,QAT,2002,105.399994
Qatar,QAT,2003,115.9
Qatar,QAT,2004,76.4
Qatar,QAT,2005,52.0
Qatar,QAT,2006,46.4
Qatar,QAT,2007,36.5
Qatar,QAT,2008,43.8
Qatar,QAT,2009,79.7
Qatar,QAT,2010,94.1
Qatar,QAT,2011,96.61
Qatar,QAT,2012,93.57
Qatar,QAT,2013,80.7
Qatar,QAT,2014,84.95
Qatar,QAT,2015,65.89
Qatar,QAT,2016,65.4
Qatar,QAT,2017,68.54
Qatar,QAT,2018,68.82
Qatar,QAT,2019,69.52
Qatar,QAT,2020,56.43
Russia,RUS,2000,25744.102
Russia,RUS,2001,761.5
Russia,RUS,2002,892.3
Russia,RUS,2003,938.4
Russia,RUS,2004,1105.2
Russia,RUS,2005,776.1
Russia,RUS,2006,1189.5
Russia,RUS,2007,1391.3
Russia,RUS,2008,1457.6
Russia,RUS,2009,1203.5
Russia,RUS,2010,1041.8
Russia,RUS,2011,1134.69
Russia,RUS,2012,958.93
Russia,RUS,2013,836.46
Russia,RUS,2014,684.42004
Russia,RUS,2015,441.13
Russia,RUS,2016,59.089996
Russia,RUS,2017,283.01
Russia,RUS,2018,288.18002
Russia,RUS,2019,286.69
Russia,RUS,2020,-4328.66
Rwanda,RWA,2000,30.4
Rwanda,RWA,2001,30.4
Rwanda,RWA,2002,30.4
Rwanda,RWA,2003,30.4
Rwanda,RWA,2004,27.4
Rwanda,RWA,2005,15.3
Rwanda,RWA,2006,15.1
Rwanda,RWA,2007,7.3999996
Rwanda,RWA,2008,4.8
Rwanda,RWA,2009,3.8
Rwanda,RWA,2010,4.4
Rwanda,RWA,2011,5.48
Rwanda,RWA,2012,3.66
Rwanda,RWA,2013,3.78
Rwanda,RWA,2014,3.28
Rwanda,RWA,2015,3.61
Rwanda,RWA,2016,2.76
Rwanda,RWA,2017,2.46
Rwanda,RWA,2018,2.1
Rwanda,RWA,2019,1.89
Rwanda,RWA,2020,1.71
Saint Kitts and Nevis,KNA,2000,7.8
Saint Kitts and Nevis,KNA,2001,7.6
Saint Kitts and Nevis,KNA,2002,6.3
Saint Kitts and Nevis,KNA,2003,3.2
Saint Kitts and Nevis,KNA,2004,3.8999999
Saint Kitts and Nevis,KNA,2005,1.8
Saint Kitts and Nevis,KNA,2006,1.1
Saint Kitts and Nevis,KNA,2007,0.6
Saint Kitts and Nevis,KNA,2008,0.4
Saint Kitts and Nevis,KNA,2009,0.4
Saint Kitts and Nevis,KNA,2010,0.6
Saint Kitts and Nevis,KNA,2011,0.49
Saint Kitts and Nevis,KNA,2012,0.38
Saint Kitts and Nevis,KNA,2013,0.32
Saint Kitts and Nevis,KNA,2014,0.47
Saint Kitts and Nevis,KNA,2015,0.36
Saint Kitts and Nevis,KNA,2016,0.26
Saint Kitts and Nevis,KNA,2017,0.21
Saint Kitts and Nevis,KNA,2018,0.11
Saint Kitts and Nevis,KNA,2019,0.04
Saint Kitts and Nevis,KNA,2020,0.03
Saint Lucia,LCA,2000,5.0
Saint Lucia,LCA,2001,4.4
Saint Lucia,LCA,2002,7.7
Saint Lucia,LCA,2003,2.5
Saint Lucia,LCA,2004,0.90000004
Saint Lucia,LCA,2005,1.5
Saint Lucia,LCA,2006,0.90000004
Saint Lucia,LCA,2007,0.0
Saint Lucia,LCA,2008,0.1
Saint Lucia,LCA,2009,1.37
Saint Lucia,LCA,2010,0.81
Saint Lucia,LCA,2011,1.07
Saint Lucia,LCA,2012,0.75
Saint Lucia,LCA,2013,0.57
Saint Lucia,LCA,2014,0.83
Saint Lucia,LCA,2015,0.47
Saint Lucia,LCA,2016,0.65
Saint Lucia,LCA,2017,0.64
Saint Lucia,LCA,2018,0.62
Saint Lucia,LCA,2019,0.31
Saint Lucia,LCA,2020,0.03
Saint Vincent and the Grenadines,VCT,2000,6.0
Saint Vincent and the Grenadines,VCT,2001,6.9
Saint Vincent and the Grenadines,VCT,2002,6.4
Saint Vincent and the Grenadines,VCT,2003,3.3999999
Saint Vincent and the Grenadines,VCT,2004,2.8999999
Saint Vincent and the Grenadines,VCT,2005,1.5
Saint Vincent and the Grenadines,VCT,2006,1.6
Saint Vincent and the Grenadines,VCT,2007,0.2
Saint Vincent and the Grenadines,VCT,2008,0.1
Saint Vincent and the Grenadines,VCT,2009,0.4
Saint Vincent and the Grenadines,VCT,2010,0.2
Saint Vincent and the Grenadines,VCT,2011,0.3
Saint Vincent and the Grenadines,VCT,2012,0.28
Saint Vincent and the Grenadines,VCT,2013,0.18
Saint Vincent and the Grenadines,VCT,2014,0.09
Saint Vincent and the Grenadines,VCT,2015,0.04
Saint Vincent and the Grenadines,VCT,2016,0.03
Saint Vincent and the Grenadines,VCT,2017,0.03
Saint Vincent and the Grenadines,VCT,2018,0.02
Saint Vincent and the Grenadines,VCT,2019,0.02
Saint Vincent and the Grenadines,VCT,2020,0.01
Samoa,WSM,2000,0.70000005
Samoa,WSM,2001,2.3
Samoa,WSM,2002,2.6000001
Samoa,WSM,2003,0.2
Samoa,WSM,2004,0.4
Samoa,WSM,2005,0.2
Samoa,WSM,2006,0.2
Samoa,WSM,2007,0.2
Samoa,WSM,2008,0.1
Samoa,WSM,2009,0.2
Samoa,WSM,2010,0.3
Samoa,WSM,2011,0.29
Samoa,WSM,2012,0.13
Samoa,WSM,2013,0.11
Samoa,WSM,2014,0.08
Samoa,WSM,2015,0.07
Samoa,WSM,2016,0.06
Samoa,WSM,2017,0.07
Samoa,WSM,2018,0.01
Samoa,WSM,2019,0.01
Samoa,WSM,2020,0.04
San Marino,SMR,2009,0.0
San Marino,SMR,2010,0.0
San Marino,SMR,2011,0.0
San Marino,SMR,2012,0.0
San Marino,SMR,2013,0.0
San Marino,SMR,2014,0.0
San Marino,SMR,2015,0.0
San Marino,SMR,2016,0.0
San Marino,SMR,2017,0.0
San Marino,SMR,2018,0.0
San Marino,SMR,2019,0.0
San Marino,SMR,2020,0.0
Sao Tome and Principe,STP,2000,4.0
Sao Tome and Principe,STP,2001,4.2
Sao Tome and Principe,STP,2002,4.4
Sao Tome and Principe,STP,2003,4.7
Sao Tome and Principe,STP,2004,4.1
Sao Tome and Principe,STP,2005,2.3
Sao Tome and Principe,STP,2006,1.7
Sao Tome and Principe,STP,2007,0.5
Sao Tome and Principe,STP,2008,0.3
Sao Tome and Principe,STP,2009,4.1
Sao Tome and Principe,STP,2010,0.2
Sao Tome and Principe,STP,2011,0.14
Sao Tome and Principe,STP,2012,0.13
Sao Tome and Principe,STP,2013,0.1
Sao Tome and Principe,STP,2014,0.09
Sao Tome and Principe,STP,2015,0.09
Sao Tome and Principe,STP,2016,0.08
Sao Tome and Principe,STP,2017,0.08
Sao Tome and Principe,STP,2018,0.07
Sao Tome and Principe,STP,2019,0.07
Sao Tome and Principe,STP,2020,0.06
Saudi Arabia,SAU,2000,1942.5
Saudi Arabia,SAU,2001,2055.1
Saudi Arabia,SAU,2002,1926.4
Saudi Arabia,SAU,2003,1476.0
Saudi Arabia,SAU,2004,1604.4
Saudi Arabia,SAU,2005,1145.4
Saudi Arabia,SAU,2006,1612.6
Saudi Arabia,SAU,2007,1615.7999
Saudi Arabia,SAU,2008,1643.6
Saudi Arabia,SAU,2009,1648.9
Saudi Arabia,SAU,2010,1611.4
Saudi Arabia,SAU,2011,1780.16
Saudi Arabia,SAU,2012,1943.2899
Saudi Arabia,SAU,2013,1440.33
Saudi Arabia,SAU,2014,1383.23
Saudi Arabia,SAU,2015,1305.45
Saudi Arabia,SAU,2016,1078.08
Saudi Arabia,SAU,2017,1060.21
Saudi Arabia,SAU,2018,953.15
Saudi Arabia,SAU,2019,953.15
Saudi Arabia,SAU,2020,880.5
Senegal,SEN,2000,138.0
Senegal,SEN,2001,120.0
Senegal,SEN,2002,94.8
Senegal,SEN,2003,74.9
Senegal,SEN,2004,65.9
Senegal,SEN,2005,57.6
Senegal,SEN,2006,54.7
Senegal,SEN,2007,46.6
Senegal,SEN,2008,42.9
Senegal,SEN,2009,39.8
Senegal,SEN,2010,37.5
Senegal,SEN,2011,36.14
Senegal,SEN,2012,36.14
Senegal,SEN,2013,7.7
Senegal,SEN,2014,20.74
Senegal,SEN,2015,20.63
Senegal,SEN,2016,18.7
Senegal,SEN,2017,17.6
Senegal,SEN,2018,15.13
Senegal,SEN,2019,14.25
Senegal,SEN,2020,13.2
Serbia,SRB,2000,357.40002
Serbia,SRB,2001,317.69998
Serbia,SRB,2002,384.90002
Serbia,SRB,2003,418.3
Serbia,SRB,2004,297.4
Serbia,SRB,2005,76.5
Serbia,SRB,2006,244.3
Serbia,SRB,2007,63.8
Serbia,SRB,2008,87.99999
Serbia,SRB,2009,29.7
Serbia,SRB,2010,7.8
Serbia,SRB,2011,12.54
Serbia,SRB,2012,10.95
Serbia,SRB,2013,8.06
Serbia,SRB,2014,8.03
Serbia,SRB,2015,6.92
Serbia,SRB,2016,6.4
Serbia,SRB,2017,6.66
Serbia,SRB,2018,6.61
Serbia,SRB,2019,6.37
Serbia,SRB,2020,5.26
Seychelles,SYC,2000,0.90000004
Seychelles,SYC,2001,0.8
Seychelles,SYC,2002,166.1
Seychelles,SYC,2003,1.1
Seychelles,SYC,2004,0.5
Seychelles,SYC,2005,0.4
Seychelles,SYC,2006,0.6
Seychelles,SYC,2007,2.3
Seychelles,SYC,2008,0.6
Seychelles,SYC,2009,1.4
Seychelles,SYC,2010,1.3
Seychelles,SYC,2011,0.93
Seychelles,SYC,2012,1.01
Seychelles,SYC,2013,0.55
Seychelles,SYC,2014,0.43
Seychelles,SYC,2015,0.33
Seychelles,SYC,2016,0.34
Seychelles,SYC,2017,0.33
Seychelles,SYC,2018,0.07
Seychelles,SYC,2019,0.0
Seychelles,SYC,2020,0.0
Sierra Leone,SLE,2000,90.299995
Sierra Leone,SLE,2001,105.7
Sierra Leone,SLE,2002,84.4
Sierra Leone,SLE,2003,84.1
Sierra Leone,SLE,2004,87.4
Sierra Leone,SLE,2005,27.2
Sierra Leone,SLE,2006,19.6
Sierra Leone,SLE,2007,12.0
Sierra Leone,SLE,2008,5.7999997
Sierra Leone,SLE,2009,7.7
Sierra Leone,SLE,2010,1.8
Sierra Leone,SLE,2011,1.87
Sierra Leone,SLE,2012,2.59
Sierra Leone,SLE,2013,0.84
Sierra Leone,SLE,2014,1.47
Sierra Leone,SLE,2015,0.99
Sierra Leone,SLE,2016,0.61
Sierra Leone,SLE,2017,0.57
Sierra Leone,SLE,2018,0.57
Sierra Leone,SLE,2019,0.56
Sierra Leone,SLE,2020,0.56
Singapore,SGP,2000,171.3
Singapore,SGP,2001,157.5
Singapore,SGP,2002,146.69998
Singapore,SGP,2003,181.2
Singapore,SGP,2004,215.8
Singapore,SGP,2005,150.7
Singapore,SGP,2006,331.1
Singapore,SGP,2007,162.6
Singapore,SGP,2008,168.7
Singapore,SGP,2009,226.9
Singapore,SGP,2010,207.0
Singapore,SGP,2011,111.560005
Singapore,SGP,2012,169.27
Singapore,SGP,2013,116.700005
Singapore,SGP,2014,111.09
Singapore,SGP,2015,74.46
Singapore,SGP,2016,90.77
Singapore,SGP,2017,61.019997
Singapore,SGP,2018,93.46
Singapore,SGP,2019,58.02
Singapore,SGP,2020,76.11
Solomon Islands,SLB,2000,0.8
Solomon Islands,SLB,2001,1.1
Solomon Islands,SLB,2002,5.7
Solomon Islands,SLB,2003,1.0
Solomon Islands,SLB,2004,1.5
Solomon Islands,SLB,2005,1.1
Solomon Islands,SLB,2006,2.4
Solomon Islands,SLB,2007,0.9
Solomon Islands,SLB,2008,1.2
Solomon Islands,SLB,2009,1.6
Solomon Islands,SLB,2010,2.3
Solomon Islands,SLB,2011,2.04
Solomon Islands,SLB,2012,1.62
Solomon Islands,SLB,2013,0.17
Solomon Islands,SLB,2014,0.26
Solomon Islands,SLB,2015,0.07
Solomon Islands,SLB,2016,0.12
Solomon Islands,SLB,2017,0.23
Solomon Islands,SLB,2018,0.2
Solomon Islands,SLB,2019,0.08
Solomon Islands,SLB,2020,0.08
Somalia,SOM,2000,87.7
Somalia,SOM,2001,111.200005
Somalia,SOM,2002,124.1
Somalia,SOM,2003,135.09999
Somalia,SOM,2004,122.1
Somalia,SOM,2005,111.899994
Somalia,SOM,2006,107.299995
Somalia,SOM,2007,97.0
Somalia,SOM,2008,24.7
Somalia,SOM,2009,50.5
Somalia,SOM,2010,45.3
Somalia,SOM,2011,45.2
Somalia,SOM,2012,17.63
Somalia,SOM,2013,16.46
Somalia,SOM,2014,16.42
Somalia,SOM,2015,15.92
Somalia,SOM,2016,15.45
Somalia,SOM,2017,15.4
Somalia,SOM,2018,15.26
Somalia,SOM,2019,13.04
Somalia,SOM,2020,10.55
South Africa,ZAF,2000,815.3
South Africa,ZAF,2001,723.6
South Africa,ZAF,2002,848.8
South Africa,ZAF,2003,929.60004
South Africa,ZAF,2004,872.10004
South Africa,ZAF,2005,716.1
South Africa,ZAF,2006,552.6
South Africa,ZAF,2007,576.4
South Africa,ZAF,2008,778.0
South Africa,ZAF,2009,730.1
South Africa,ZAF,2010,773.2
South Africa,ZAF,2011,658.55
South Africa,ZAF,2012,570.84
South Africa,ZAF,2013,426.44
South Africa,ZAF,2014,338.38
South Africa,ZAF,2015,207.58
South Africa,ZAF,2016,183.04999
South Africa,ZAF,2017,155.16
South Africa,ZAF,2018,140.62
South Africa,ZAF,2019,136.13
South Africa,ZAF,2020,106.38
South Korea,KOR,2000,13746.1
South Korea,KOR,2001,10382.3
South Korea,KOR,2002,11745.9
South Korea,KOR,2003,9447.0
South Korea,KOR,2004,7472.3003
South Korea,KOR,2005,5337.0
South Korea,KOR,2006,6464.1
South Korea,KOR,2007,4557.2
South Korea,KOR,2008,4052.4
South Korea,KOR,2009,4272.3
South Korea,KOR,2010,2113.9
South Korea,KOR,2011,2119.3398
South Korea,KOR,2012,2088.17
South Korea,KOR,2013,1893.13
South Korea,KOR,2014,1798.08
South Korea,KOR,2015,1678.39
South Korea,KOR,2016,1528.42
South Korea,KOR,2017,1499.18
South Korea,KOR,2018,1407.84
South Korea,KOR,2019,1310.63
South Korea,KOR,2020,1229.25
South Sudan,SSD,2009,4.1
South Sudan,SSD,2010,4.1
South Sudan,SSD,2012,4.8399997
South Sudan,SSD,2013,2.51
South Sudan,SSD,2014,3.24
South Sudan,SSD,2015,3.36
South Sudan,SSD,2016,1.45
South Sudan,SSD,2017,1.43
South Sudan,SSD,2018,1.4
South Sudan,SSD,2019,1.38
South Sudan,SSD,2020,1.03
Sri Lanka,LKA,2000,252.0
Sri Lanka,LKA,2001,227.5
Sri Lanka,LKA,2002,227.4
Sri Lanka,LKA,2003,212.79999
Sri Lanka,LKA,2004,198.79999
Sri Lanka,LKA,2005,163.6
Sri Lanka,LKA,2006,117.700005
Sri Lanka,LKA,2007,77.6
Sri Lanka,LKA,2008,10.3
Sri Lanka,LKA,2009,13.5
Sri Lanka,LKA,2010,14.5
Sri Lanka,LKA,2011,16.33
Sri Lanka,LKA,2012,18.02
Sri Lanka,LKA,2013,13.37
Sri Lanka,LKA,2014,12.89
Sri Lanka,LKA,2015,10.31
Sri Lanka,LKA,2016,12.73
Sri Lanka,LKA,2017,9.04
Sri Lanka,LKA,2018,9.84
Sri Lanka,LKA,2019,9.91
Sri Lanka,LKA,2020,8.57
Sudan,SDN,2000,296.7
Sudan,SDN,2001,271.2
Sudan,SDN,2002,258.2
Sudan,SDN,2003,218.90001
Sudan,SDN,2004,242.7
Sudan,SDN,2005,227.2
Sudan,SDN,2006,163.9
Sudan,SDN,2007,106.4
Sudan,SDN,2008,92.8
Sudan,SDN,2009,73.4
Sudan,SDN,2010,56.2
Sudan,SDN,2011,56.2
Sudan,SDN,2012,60.11
Sudan,SDN,2013,51.940002
Sudan,SDN,2014,53.4
Sudan,SDN,2015,46.79
Sudan,SDN,2016,42.07
Sudan,SDN,2017,36.61
Sudan,SDN,2018,36.63
Sudan,SDN,2019,30.32
Sudan,SDN,2020,10.59
Suriname,SUR,2000,49.0
Suriname,SUR,2001,51.0
Suriname,SUR,2002,51.0
Suriname,SUR,2003,12.400001
Suriname,SUR,2004,9.599999
Suriname,SUR,2005,8.5
Suriname,SUR,2006,1.4
Suriname,SUR,2007,2.6999998
Suriname,SUR,2008,0.7
Suriname,SUR,2009,2.7
Suriname,SUR,2010,1.3
Suriname,SUR,2011,4.01
Suriname,SUR,2012,1.51
Suriname,SUR,2013,1.24
Suriname,SUR,2014,1.49
Suriname,SUR,2015,1.4
Suriname,SUR,2016,0.99
Suriname,SUR,2017,1.15
Suriname,SUR,2018,0.75
Suriname,SUR,2019,0.58
Suriname,SUR,2020,0.28
Switzerland,CHE,2000,30.199999
Switzerland,CHE,2001,27.2
Switzerland,CHE,2002,26.2
Switzerland,CHE,2003,16.199999
Switzerland,CHE,2004,2.1000004
Switzerland,CHE,2005,-16.1
Switzerland,CHE,2006,10.6
Switzerland,CHE,2007,9.500001
Switzerland,CHE,2008,10.0
Switzerland,CHE,2009,12.0
Switzerland,CHE,2010,1.6
Switzerland,CHE,2011,1.3499999
Switzerland,CHE,2012,0.90000004
Switzerland,CHE,2013,1.4
Switzerland,CHE,2014,0.58
Switzerland,CHE,2015,0.1
Switzerland,CHE,2016,-0.1
Switzerland,CHE,2017,0.7
Switzerland,CHE,2018,0.2
Switzerland,CHE,2019,0.1
Switzerland,CHE,2020,0.0
Syria,SYR,2000,1712.5
Syria,SYR,2001,1988.8999
Syria,SYR,2002,1754.1
Syria,SYR,2003,1654.1
Syria,SYR,2004,1302.2
Syria,SYR,2005,1100.3
Syria,SYR,2006,710.80005
Syria,SYR,2007,372.3
Syria,SYR,2008,289.8
Syria,SYR,2009,230.7
Syria,SYR,2010,167.5
Syria,SYR,2011,176.57
Syria,SYR,2012,83.18
Syria,SYR,2013,28.03
Syria,SYR,2014,20.99
Syria,SYR,2015,46.74
Syria,SYR,2016,56.93
Syria,SYR,2017,98.41
Syria,SYR,2018,70.3
Syria,SYR,2019,71.05
Syria,SYR,2020,82.03
Tajikistan,TJK,2000,28.7
Tajikistan,TJK,2001,29.4
Tajikistan,TJK,2002,12.6
Tajikistan,TJK,2003,5.8999996
Tajikistan,TJK,2004,3.1
Tajikistan,TJK,2005,3.5
Tajikistan,TJK,2006,3.6
Tajikistan,TJK,2007,3.8
Tajikistan,TJK,2008,3.9
Tajikistan,TJK,2009,2.6
Tajikistan,TJK,2010,2.8
Tajikistan,TJK,2011,2.9
Tajikistan,TJK,2012,3.03
Tajikistan,TJK,2013,2.28
Tajikistan,TJK,2014,2.01
Tajikistan,TJK,2015,1.66
Tajikistan,TJK,2016,1.5
Tajikistan,TJK,2017,1.1
Tajikistan,TJK,2018,0.68
Tajikistan,TJK,2019,0.33
Tajikistan,TJK,2020,0.09
Tanzania,TZA,2000,215.5
Tanzania,TZA,2001,131.2
Tanzania,TZA,2002,71.5
Tanzania,TZA,2003,148.2
Tanzania,TZA,2004,98.8
Tanzania,TZA,2005,104.3
Tanzania,TZA,2006,59.8
Tanzania,TZA,2007,34.2
Tanzania,TZA,2008,22.3
Tanzania,TZA,2009,11.7
Tanzania,TZA,2010,2.0
Tanzania,TZA,2011,9.97
Tanzania,TZA,2012,9.45
Tanzania,TZA,2013,1.64
Tanzania,TZA,2014,1.3
Tanzania,TZA,2015,1.18
Tanzania,TZA,2016,1.15
Tanzania,TZA,2017,1.15
Tanzania,TZA,2018,1.14
Tanzania,TZA,2019,1.14
Tanzania,TZA,2020,1.03
Thailand,THA,2000,5104.6
Thailand,THA,2001,5204.7
Thailand,THA,2002,3612.5
Thailand,THA,2003,3152.0999
Thailand,THA,2004,2528.5
Thailand,THA,2005,2317.3
Thailand,THA,2006,1464.4
Thailand,THA,2007,1380.6
Thailand,THA,2008,1197.5
Thailand,THA,2009,1011.99994
Thailand,THA,2010,1088.8
Thailand,THA,2011,832.04004
Thailand,THA,2012,1171.64
Thailand,THA,2013,863.32
Thailand,THA,2014,864.45
Thailand,THA,2015,773.5
Thailand,THA,2016,589.1
Thailand,THA,2017,404.59
Thailand,THA,2018,353.15
Thailand,THA,2019,363.34
Thailand,THA,2020,350.11
Togo,TGO,2000,41.0
Togo,TGO,2001,37.9
Togo,TGO,2002,35.3
Togo,TGO,2003,37.7
Togo,TGO,2004,30.1
Togo,TGO,2005,21.7
Togo,TGO,2006,12.700001
Togo,TGO,2007,9.9
Togo,TGO,2008,9.4
Togo,TGO,2009,20.3
Togo,TGO,2010,20.6
Togo,TGO,2011,19.14
Togo,TGO,2012,19.8
Togo,TGO,2013,18.98
Togo,TGO,2014,17.88
Togo,TGO,2015,16.61
Togo,TGO,2016,15.4
Togo,TGO,2017,14.96
Togo,TGO,2018,14.19
Togo,TGO,2019,14.06
Togo,TGO,2020,10.88
Tonga,TON,2000,0.5
Tonga,TON,2001,0.8
Tonga,TON,2002,1.0
Tonga,TON,2003,0.3
Tonga,TON,2004,0.1
Tonga,TON,2005,0.0
Tonga,TON,2006,0.0
Tonga,TON,2007,0.1
Tonga,TON,2008,0.2
Tonga,TON,2009,0.1
Tonga,TON,2010,0.1
Tonga,TON,2011,0.07
Tonga,TON,2012,0.05
Tonga,TON,2013,0.04
Tonga,TON,2014,0.02
Tonga,TON,2015,0.0
Tonga,TON,2016,0.0
Tonga,TON,2017,0.01
Tonga,TON,2018,0.0
Tonga,TON,2019,0.0
Tonga,TON,2020,0.0
Trinidad and Tobago,TTO,2000,109.100006
Trinidad and Tobago,TTO,2001,90.7
Trinidad and Tobago,TTO,2002,93.9
Trinidad and Tobago,TTO,2003,74.4
Trinidad and Tobago,TTO,2004,54.9
Trinidad and Tobago,TTO,2005,52.1
Trinidad and Tobago,TTO,2006,73.0
Trinidad and Tobago,TTO,2007,45.800003
Trinidad and Tobago,TTO,2008,56.800003
Trinidad and Tobago,TTO,2009,38.5
Trinidad and Tobago,TTO,2010,54.100002
Trinidad and Tobago,TTO,2011,34.34
Trinidad and Tobago,TTO,2012,88.9
Trinidad and Tobago,TTO,2013,39.5
Trinidad and Tobago,TTO,2014,26.55
Trinidad and Tobago,TTO,2015,12.64
Trinidad and Tobago,TTO,2016,20.8
Trinidad and Tobago,TTO,2017,12.22
Trinidad and Tobago,TTO,2018,15.65
Trinidad and Tobago,TTO,2019,20.85
Trinidad and Tobago,TTO,2020,14.5
Tunisia,TUN,2000,625.6
Tunisia,TUN,2001,656.1
Tunisia,TUN,2002,552.5
Tunisia,TUN,2003,440.1
Tunisia,TUN,2004,355.5
Tunisia,TUN,2005,284.5
Tunisia,TUN,2006,100.5
Tunisia,TUN,2007,55.6
Tunisia,TUN,2008,59.2
Tunisia,TUN,2009,67.5
Tunisia,TUN,2010,43.6
Tunisia,TUN,2011,40.5
Tunisia,TUN,2012,39.289997
Tunisia,TUN,2013,38.71
Tunisia,TUN,2014,41.1
Tunisia,TUN,2015,35.57
Tunisia,TUN,2016,25.51
Tunisia,TUN,2017,28.49
Tunisia,TUN,2018,25.91
Tunisia,TUN,2019,25.36
Tunisia,TUN,2020,23.24
Turkey,TUR,2000,1592.0
Turkey,TUR,2001,1154.9
Turkey,TUR,2002,1336.4
Turkey,TUR,2003,1058.2
Turkey,TUR,2004,882.8
Turkey,TUR,2005,793.10004
Turkey,TUR,2006,900.7999
Turkey,TUR,2007,937.2
Turkey,TUR,2008,762.5
Turkey,TUR,2009,609.9
Turkey,TUR,2010,493.03
Turkey,TUR,2011,427.23
Turkey,TUR,2012,318.18
Turkey,TUR,2013,147.02
Turkey,TUR,2014,123.82
Turkey,TUR,2015,17.95
Turkey,TUR,2016,26.95
Turkey,TUR,2017,18.33
Turkey,TUR,2018,10.57
Turkey,TUR,2019,8.54
Turkey,TUR,2020,1.82
Turkmenistan,TKM,2000,23.6
Turkmenistan,TKM,2001,62.100002
Turkmenistan,TKM,2002,10.9
Turkmenistan,TKM,2003,63.600002
Turkmenistan,TKM,2004,59.2
Turkmenistan,TKM,2005,27.3
Turkmenistan,TKM,2006,22.4
Turkmenistan,TKM,2007,8.3
Turkmenistan,TKM,2008,10.1
Turkmenistan,TKM,2009,13.1
Turkmenistan,TKM,2010,9.6
Turkmenistan,TKM,2011,5.83
Turkmenistan,TKM,2012,7.73
Turkmenistan,TKM,2013,4.16
Turkmenistan,TKM,2014,2.7
Turkmenistan,TKM,2015,4.23
Turkmenistan,TKM,2016,5.13
Turkmenistan,TKM,2017,2.57
Turkmenistan,TKM,2018,5.77
Turkmenistan,TKM,2019,4.36
Turkmenistan,TKM,2020,3.77
Tuvalu,TUV,2000,0.0
Tuvalu,TUV,2001,0.0
Tuvalu,TUV,2002,0.0
Tuvalu,TUV,2003,0.0
Tuvalu,TUV,2004,0.0
Tuvalu,TUV,2005,0.0
Tuvalu,TUV,2006,0.0
Tuvalu,TUV,2007,0.0
Tuvalu,TUV,2008,0.0
Tuvalu,TUV,2009,0.1
Tuvalu,TUV,2010,0.1
Tuvalu,TUV,2011,0.01
Tuvalu,TUV,2012,0.02
Tuvalu,TUV,2013,0.0
Tuvalu,TUV,2014,0.0
Tuvalu,TUV,2015,0.02
Tuvalu,TUV,2016,0.01
Tuvalu,TUV,2017,0.01
Tuvalu,TUV,2018,0.0
Tuvalu,TUV,2019,0.0
Tuvalu,TUV,2020,0.0
Uganda,UGA,2000,30.599998
Uganda,UGA,2001,37.7
Uganda,UGA,2002,44.899998
Uganda,UGA,2003,28.6
Uganda,UGA,2004,24.3
Uganda,UGA,2005,6.5
Uganda,UGA,2006,0.0
Uganda,UGA,2007,0.0
Uganda,UGA,2008,0.0
Uganda,UGA,2009,0.0
Uganda,UGA,2010,0.3
Uganda,UGA,2011,0.12
Uganda,UGA,2012,0.05
Uganda,UGA,2013,0.0
Uganda,UGA,2014,0.0
Uganda,UGA,2015,0.0
Uganda,UGA,2016,0.0
Uganda,UGA,2017,0.0
Uganda,UGA,2018,0.08
Uganda,UGA,2019,0.07
Uganda,UGA,2020,0.06
Ukraine,UKR,2000,864.4
Ukraine,UKR,2001,1099.6
Ukraine,UKR,2002,145.5
Ukraine,UKR,2003,158.20001
Ukraine,UKR,2004,164.3
Ukraine,UKR,2005,133.5
Ukraine,UKR,2006,97.3
Ukraine,UKR,2007,93.5
Ukraine,UKR,2008,75.0
Ukraine,UKR,2009,63.5
Ukraine,UKR,2010,86.9
Ukraine,UKR,2011,93.29
Ukraine,UKR,2012,93.29
Ukraine,UKR,2013,59.4
Ukraine,UKR,2014,49.06
Ukraine,UKR,2015,5.1
Ukraine,UKR,2016,16.11
Ukraine,UKR,2017,13.3
Ukraine,UKR,2018,15.83
Ukraine,UKR,2019,11.49
Ukraine,UKR,2020,0.0
United Arab Emirates,ARE,2000,625.80005
United Arab Emirates,ARE,2001,637.5
United Arab Emirates,ARE,2002,624.19995
United Arab Emirates,ARE,2003,612.0
United Arab Emirates,ARE,2004,645.3
United Arab Emirates,ARE,2005,659.4
United Arab Emirates,ARE,2006,541.1
United Arab Emirates,ARE,2007,512.8
United Arab Emirates,ARE,2008,560.69995
United Arab Emirates,ARE,2009,559.5
United Arab Emirates,ARE,2010,583.6
United Arab Emirates,ARE,2011,641.8
United Arab Emirates,ARE,2012,692.62
United Arab Emirates,ARE,2013,539.4
United Arab Emirates,ARE,2014,539.4
United Arab Emirates,ARE,2015,473.97
United Arab Emirates,ARE,2016,473.97
United Arab Emirates,ARE,2017,473.94
United Arab Emirates,ARE,2018,475.1
United Arab Emirates,ARE,2019,475.34
United Arab Emirates,ARE,2020,353.59
United States,USA,2000,3983.3994
United States,USA,2001,22129.3
United States,USA,2002,16213.0
United States,USA,2003,12418.899
United States,USA,2004,13807.6
United States,USA,2005,10859.699
United States,USA,2006,10850.0
United States,USA,2007,8516.5
United States,USA,2008,6229.6
United States,USA,2009,4283.3
United States,USA,2010,2329.5
United States,USA,2011,1627.68
United States,USA,2012,-69.40005
United States,USA,2013,713.28
United States,USA,2014,836.66003
United States,USA,2015,274.07
United States,USA,2016,-7.7499905
United States,USA,2017,-532.22003
United States,USA,2018,-2310.5
United States,USA,2019,-2248.07
United States,USA,2020,-1801.2
Uruguay,URY,2000,141.3
Uruguay,URY,2001,152.0
Uruguay,URY,2002,100.9
Uruguay,URY,2003,129.40001
Uruguay,URY,2004,115.3
Uruguay,URY,2005,119.1
Uruguay,URY,2006,106.1
Uruguay,URY,2007,55.699997
Uruguay,URY,2008,53.9
Uruguay,URY,2009,36.8
Uruguay,URY,2010,30.6
Uruguay,URY,2011,23.62
Uruguay,URY,2012,34.05
Uruguay,URY,2013,15.47
Uruguay,URY,2014,17.8
Uruguay,URY,2015,15.78
Uruguay,URY,2016,16.43
Uruguay,URY,2017,16.69
Uruguay,URY,2018,9.04
Uruguay,URY,2019,14.08
Uruguay,URY,2020,11.15
Uzbekistan,UZB,2000,44.2
Uzbekistan,UZB,2001,18.1
Uzbekistan,UZB,2002,0.8
Uzbekistan,UZB,2003,2.3
Uzbekistan,UZB,2004,1.8
Uzbekistan,UZB,2005,3.5
Uzbekistan,UZB,2006,3.8
Uzbekistan,UZB,2007,0.1
Uzbekistan,UZB,2008,2.3
Uzbekistan,UZB,2009,1.8
Uzbekistan,UZB,2010,0.9
Uzbekistan,UZB,2011,4.14
Uzbekistan,UZB,2012,2.44
Uzbekistan,UZB,2013,4.58
Uzbekistan,UZB,2014,9.86
Uzbekistan,UZB,2015,7.23
Uzbekistan,UZB,2016,4.68
Uzbekistan,UZB,2017,0.87
Uzbekistan,UZB,2018,2.53
Uzbekistan,UZB,2019,1.58
Uzbekistan,UZB,2020,0.0
Vanuatu,VUT,2000,0.0
Vanuatu,VUT,2001,0.0
Vanuatu,VUT,2002,0.0
Vanuatu,VUT,2003,0.0
Vanuatu,VUT,2004,0.0
Vanuatu,VUT,2005,0.0
Vanuatu,VUT,2006,0.1
Vanuatu,VUT,2007,0.6
Vanuatu,VUT,2008,1.0
Vanuatu,VUT,2009,0.1
Vanuatu,VUT,2010,0.5
Vanuatu,VUT,2011,0.08
Vanuatu,VUT,2012,0.06
Vanuatu,VUT,2013,0.06
Vanuatu,VUT,2014,0.04
Vanuatu,VUT,2015,0.02
Vanuatu,VUT,2016,0.0
Vanuatu,VUT,2017,0.01
Vanuatu,VUT,2018,0.0
Vanuatu,VUT,2019,0.03
Vanuatu,VUT,2020,0.0
Vatican,VAT,2008,0.1
Vatican,VAT,2009,0.0
Vatican,VAT,2010,0.0
Vatican,VAT,2011,0.0
Vatican,VAT,2012,0.0
Vatican,VAT,2013,0.0
Vatican,VAT,2014,0.0
Vatican,VAT,2015,0.0
Vatican,VAT,2016,0.0
Vatican,VAT,2017,0.0
Vatican,VAT,2018,0.0
Vatican,VAT,2019,0.0
Vatican,VAT,2020,0.0
Venezuela,VEN,2000,2986.7998
Venezuela,VEN,2001,2788.5999
Venezuela,VEN,2002,1653.0
Venezuela,VEN,2003,1390.7
Venezuela,VEN,2004,3174.2002
Venezuela,VEN,2005,1946.0
Venezuela,VEN,2006,2626.4
Venezuela,VEN,2007,146.0
Venezuela,VEN,2008,133.5
Venezuela,VEN,2009,165.3
Venezuela,VEN,2010,197.7
Venezuela,VEN,2011,165.07
Venezuela,VEN,2012,246.14
Venezuela,VEN,2013,134.77
Venezuela,VEN,2014,104.63
Venezuela,VEN,2015,45.72
Venezuela,VEN,2016,26.59
Venezuela,VEN,2017,17.1
Venezuela,VEN,2018,1.88
Venezuela,VEN,2019,0.04
Venezuela,VEN,2020,0.0
Vietnam,VNM,2000,369.4
Vietnam,VNM,2001,353.7
Vietnam,VNM,2002,447.4
Vietnam,VNM,2003,404.6
Vietnam,VNM,2004,419.3
Vietnam,VNM,2005,458.7
Vietnam,VNM,2006,401.09998
Vietnam,VNM,2007,298.2
Vietnam,VNM,2008,277.5
Vietnam,VNM,2009,289.3
Vietnam,VNM,2010,311.7
Vietnam,VNM,2011,292.87
Vietnam,VNM,2012,269.93
Vietnam,VNM,2013,252.85
Vietnam,VNM,2014,236.72
Vietnam,VNM,2015,192.7
Vietnam,VNM,2016,195.75
Vietnam,VNM,2017,197.38
Vietnam,VNM,2018,195.6
Vietnam,VNM,2019,197.55
Vietnam,VNM,2020,142.18
World,OWID_WRL,2000,263260.4
World,OWID_WRL,2001,207971.0
World,OWID_WRL,2002,162774.9
World,OWID_WRL,2003,170650.1
World,OWID_WRL,2004,126478.7
World,OWID_WRL,2005,92681.305
World,OWID_WRL,2006,86535.4
World,OWID_WRL,2007,61600.203
World,OWID_WRL,2008,43788.4
World,OWID_WRL,2009,49165.59
World,OWID_WRL,2010,43687.367
World,OWID_WRL,2011,40134.008
World,OWID_WRL,2012,43871.37
World,OWID_WRL,2013,29199.03
World,OWID_WRL,2014,30776.371
World,OWID_WRL,2015,23017.941
World,OWID_WRL,2016,21480.172
World,OWID_WRL,2017,20539.73
World,OWID_WRL,2018,20658.031
World,OWID_WRL,2019,21217.9
World,OWID_WRL,2020,9493.87
Yemen,YEM,2000,1253.4
Yemen,YEM,2001,1236.2
Yemen,YEM,2002,1135.8
Yemen,YEM,2003,873.6
Yemen,YEM,2004,856.80005
Yemen,YEM,2005,818.3
Yemen,YEM,2006,535.3
Yemen,YEM,2007,427.5
Yemen,YEM,2008,431.0
Yemen,YEM,2009,314.6
Yemen,YEM,2010,178.19
Yemen,YEM,2011,89.979996
Yemen,YEM,2012,112.94
Yemen,YEM,2013,127.16
Yemen,YEM,2014,101.85
Yemen,YEM,2015,100.03
Yemen,YEM,2016,92.29
Yemen,YEM,2017,94.39
Yemen,YEM,2018,95.56
Yemen,YEM,2019,97.88
Yemen,YEM,2020,99.11
Zambia,ZMB,2000,53.199997
Zambia,ZMB,2001,26.8
Zambia,ZMB,2002,24.0
Zambia,ZMB,2003,22.9
Zambia,ZMB,2004,22.2
Zambia,ZMB,2005,20.5
Zambia,ZMB,2006,13.299999
Zambia,ZMB,2007,10.799999
Zambia,ZMB,2008,6.8999996
Zambia,ZMB,2009,3.9
Zambia,ZMB,2010,11.2
Zambia,ZMB,2011,9.23
Zambia,ZMB,2012,8.8
Zambia,ZMB,2013,4.99
Zambia,ZMB,2014,4.4
Zambia,ZMB,2015,3.03
Zambia,ZMB,2016,2.75
Zambia,ZMB,2017,2.48
Zambia,ZMB,2018,2.2
Zambia,ZMB,2019,2.2
Zambia,ZMB,2020,2.2
Zimbabwe,ZWE,2000,524.9
Zimbabwe,ZWE,2001,836.7
Zimbabwe,ZWE,2002,345.80002
Zimbabwe,ZWE,2003,227.4
Zimbabwe,ZWE,2004,303.4
Zimbabwe,ZWE,2005,212.29999
Zimbabwe,ZWE,2006,229.40001
Zimbabwe,ZWE,2007,92.3
Zimbabwe,ZWE,2008,37.300003
Zimbabwe,ZWE,2009,40.800003
Zimbabwe,ZWE,2010,29.3
Zimbabwe,ZWE,2011,22.22
Zimbabwe,ZWE,2012,16.2
Zimbabwe,ZWE,2013,15.76
Zimbabwe,ZWE,2014,13.32
Zimbabwe,ZWE,2015,14.16
Zimbabwe,ZWE,2016,9.49
Zimbabwe,ZWE,2017,10.65
Zimbabwe,ZWE,2018,10.07
Zimbabwe,ZWE,2019,9.85
Zimbabwe,ZWE,2020,6.28
