Entity,Code,Year,Historical and more recent literacy estimates
Afghanistan,AFG,2011,31.44885
Afghanistan,AFG,2015,38.16804
Albania,ALB,2001,98.71298
Albania,ALB,2008,95.93864
Albania,ALB,2011,96.8453
Albania,ALB,2012,97.24697
Albania,ALB,2015,97.5539
Algeria,DZA,2002,69.8735
Algeria,DZA,2006,72.64868
Algeria,DZA,2008,75.13605
Algeria,DZA,2015,79.6084
Algeria,DZA,2018,81.40784
Andorra,AND,2011,100.0
Angola,AGO,2001,67.40542
Angola,AGO,2014,66.03011
Angola,AGO,2015,71.16416
Antigua and Barbuda,ATG,2001,98.95
Antigua and Barbuda,ATG,2014,98.95
Argentina,ARG,2001,97.19331
Argentina,ARG,2014,98.03402
Argentina,ARG,2015,98.08997
Armenia,ARM,2001,99.40016
Armenia,ARM,2011,99.74441
Armenia,ARM,2015,99.76842
Armenia,ARM,2016,99.74441
Armenia,ARM,2017,99.73607
Armenia,ARM,2020,99.78861
Aruba,ABW,2000,97.29125
Aruba,ABW,2010,96.82264
Aruba,ABW,2015,97.5242
Aruba,ABW,2020,97.99
Australia,AUS,2003,99.0
Austria,AUT,2011,98.0
Azerbaijan,AZE,2007,99.59319
Azerbaijan,AZE,2009,99.75984
Azerbaijan,AZE,2010,99.77114
Azerbaijan,AZE,2011,99.77863
Azerbaijan,AZE,2012,99.77577
Azerbaijan,AZE,2013,99.78936
Azerbaijan,AZE,2014,99.78899
Azerbaijan,AZE,2015,99.78806
Azerbaijan,AZE,2016,99.79006
Azerbaijan,AZE,2017,99.79123
Azerbaijan,AZE,2019,99.79598
Bahamas,BHS,2003,95.6
Bahrain,BHR,2001,86.54874
Bahrain,BHR,2010,94.55679
Bahrain,BHR,2011,92.3
Bahrain,BHR,2015,95.71726
Bangladesh,BGD,2001,47.4855
Bangladesh,BGD,2007,46.6636
Bangladesh,BGD,2011,58.76918
Bangladesh,BGD,2012,57.86075
Bangladesh,BGD,2013,61.01554
Bangladesh,BGD,2014,61.0933
Bangladesh,BGD,2015,65.13733
Bangladesh,BGD,2016,72.75872
Bangladesh,BGD,2017,72.89297
Bangladesh,BGD,2018,73.9122
Bangladesh,BGD,2019,74.68446
Bangladesh,BGD,2020,74.9089
Barbados,BRB,2002,99.7
Belarus,BLR,2009,99.61706
Belarus,BLR,2015,99.72204
Belarus,BLR,2019,99.874
Belgium,BEL,2003,99.0
Belize,BLZ,2001,80.9
Belize,BLZ,2015,82.77682
Benin,BEN,2002,34.65785
Benin,BEN,2006,28.70211
Benin,BEN,2012,32.94882
Benin,BEN,2015,38.44714
Bermuda,BMU,2005,98.0
Bhutan,BTN,2005,52.81469
Bhutan,BTN,2012,55.31756
Bhutan,BTN,2015,63.90682
Bhutan,BTN,2017,66.56115
Bolivia,BOL,2001,86.72367
Bolivia,BOL,2007,90.74347
Bolivia,BOL,2008,90.69811
Bolivia,BOL,2009,91.16783
Bolivia,BOL,2011,92.22615
Bolivia,BOL,2012,94.46057
Bolivia,BOL,2015,92.45508
Bolivia,BOL,2020,93.85256
Bosnia and Herzegovina,BIH,2000,96.6631
Bosnia and Herzegovina,BIH,2011,98.14204
Bosnia and Herzegovina,BIH,2013,96.99177
Bosnia and Herzegovina,BIH,2014,98.37765
Bosnia and Herzegovina,BIH,2015,98.48576
Botswana,BWA,2003,81.18871
Botswana,BWA,2013,86.82318
Botswana,BWA,2014,87.70751
Botswana,BWA,2015,88.22441
Brazil,BRA,2000,86.36788
Brazil,BRA,2004,88.61624
Brazil,BRA,2006,89.61523
Brazil,BRA,2007,90.00937
Brazil,BRA,2008,90.03662
Brazil,BRA,2009,90.29821
Brazil,BRA,2010,90.37918
Brazil,BRA,2011,91.41124
Brazil,BRA,2012,91.33785
Brazil,BRA,2013,91.48424
Brazil,BRA,2014,91.72943
Brazil,BRA,2015,92.0479
Brazil,BRA,2016,92.80844
Brazil,BRA,2017,93.07582
Brazil,BRA,2018,93.2275
Brunei,BRN,2001,92.67113
Brunei,BRN,2011,96.08556
Brunei,BRN,2015,96.65653
Brunei,BRN,2018,97.21411
Bulgaria,BGR,2001,98.20356
Bulgaria,BGR,2011,98.35245
Bulgaria,BGR,2015,98.38858
Burkina Faso,BFA,2003,21.82292
Burkina Faso,BFA,2005,23.5222
Burkina Faso,BFA,2006,22.47258
Burkina Faso,BFA,2007,28.29366
Burkina Faso,BFA,2014,34.5994
Burkina Faso,BFA,2015,37.7467
Burkina Faso,BFA,2018,39.34585
Burkina Faso,BFA,2019,29.66328
Burundi,BDI,2000,59.30362
Burundi,BDI,2008,48.08406
Burundi,BDI,2014,61.51349
Burundi,BDI,2015,85.49609
Burundi,BDI,2017,68.37533
Cambodia,KHM,2004,73.60995
Cambodia,KHM,2008,76.87129
Cambodia,KHM,2009,76.13796
Cambodia,KHM,2014,78.05509
Cambodia,KHM,2015,80.52649
Cameroon,CMR,2000,68.40916
Cameroon,CMR,2007,70.67994
Cameroon,CMR,2010,71.29051
Cameroon,CMR,2015,74.98558
Cameroon,CMR,2018,77.07104
Cameroon,CMR,2020,78.23
Canada,CAN,2003,99.0
Cape Verde,CPV,2000,76.11044
Cape Verde,CPV,2004,80.01972
Cape Verde,CPV,2012,85.32779
Cape Verde,CPV,2015,86.79029
Cayman Islands,CYM,2007,98.86782
Cayman Islands,CYM,2017,98.86782
Central African Republic,CAF,2000,50.64517
Central African Republic,CAF,2010,36.75261
Central African Republic,CAF,2015,36.75261
Central African Republic,CAF,2018,37.39582
Central African Republic,CAF,2020,37.49
Chad,TCD,2000,25.65421
Chad,TCD,2004,28.38143
Chad,TCD,2014,39.04967
Chad,TCD,2015,26.00299
Chad,TCD,2016,22.31155
Chile,CHL,2002,95.71662
Chile,CHL,2008,98.64901
Chile,CHL,2009,98.55368
Chile,CHL,2011,96.70301
Chile,CHL,2013,96.26706
Chile,CHL,2015,96.87413
Chile,CHL,2017,96.40228
China,CHN,2000,90.92021
China,CHN,2010,95.12448
China,CHN,2015,96.35745
China,CHN,2020,97.15
Colombia,COL,2004,92.80378
Colombia,COL,2005,92.84866
Colombia,COL,2006,92.29968
Colombia,COL,2007,92.65179
Colombia,COL,2008,93.37818
Colombia,COL,2009,93.24469
Colombia,COL,2010,93.37233
Colombia,COL,2011,93.58053
Colombia,COL,2014,94.18625
Colombia,COL,2015,94.24505
Colombia,COL,2016,94.65385
Colombia,COL,2018,95.09251
Colombia,COL,2019,95.24927
Colombia,COL,2020,95.63633
Comoros,COM,2000,68.48923
Comoros,COM,2012,49.19614
Comoros,COM,2014,77.57327
Comoros,COM,2015,78.13739
Congo,COG,2005,76.11479
Congo,COG,2011,79.31117
Congo,COG,2015,79.31117
Cook Islands,COK,2011,95.0
Costa Rica,CRI,2000,94.86819
Costa Rica,CRI,2011,97.40658
Costa Rica,CRI,2015,97.64725
Cote d'Ivoire,CIV,2000,48.74076
Cote d'Ivoire,CIV,2012,40.98163
Cote d'Ivoire,CIV,2014,43.90842
Cote d'Ivoire,CIV,2015,43.26532
Cote d'Ivoire,CIV,2019,89.89342
Croatia,HRV,2001,98.14668
Croatia,HRV,2011,99.12536
Croatia,HRV,2015,99.27259
Cuba,CUB,2002,99.79907
Cuba,CUB,2012,99.67311
Cuba,CUB,2015,99.71072
Cyprus,CYP,2001,96.80363
Cyprus,CYP,2011,98.67843
Cyprus,CYP,2015,99.05978
Czechia,CZE,2011,99.0
Democratic Republic of Congo,COD,2001,67.17299
Democratic Republic of Congo,COD,2007,61.20555
Democratic Republic of Congo,COD,2012,75.01719
Democratic Republic of Congo,COD,2015,77.22167
Democratic Republic of Congo,COD,2016,77.04268
Denmark,DNK,2003,99.0
Djibouti,DJI,2003,67.9
Dominica,DMA,2003,94.0
Dominican Republic,DOM,2002,86.99647
Dominican Republic,DOM,2007,88.24446
Dominican Republic,DOM,2010,89.53873
Dominican Republic,DOM,2011,90.10638
Dominican Republic,DOM,2012,90.15518
Dominican Republic,DOM,2013,90.85815
Dominican Republic,DOM,2014,91.76376
Dominican Republic,DOM,2015,91.99121
Dominican Republic,DOM,2016,93.77846
East Timor,TLS,2001,37.6
East Timor,TLS,2007,50.6
East Timor,TLS,2010,58.30898
East Timor,TLS,2015,64.06614
East Timor,TLS,2020,69.9
Ecuador,ECU,2001,90.98403
Ecuador,ECU,2007,92.09679
Ecuador,ECU,2008,92.39005
Ecuador,ECU,2009,92.24976
Ecuador,ECU,2010,91.85404
Ecuador,ECU,2011,91.5869
Ecuador,ECU,2012,92.06473
Ecuador,ECU,2013,93.29463
Ecuador,ECU,2014,94.22264
Ecuador,ECU,2015,94.45566
Ecuador,ECU,2016,94.35023
Ecuador,ECU,2017,92.82979
Ecuador,ECU,2020,93.6261
Egypt,EGY,2005,67.33187
Egypt,EGY,2006,66.36991
Egypt,EGY,2010,72.04785
Egypt,EGY,2012,73.86559
Egypt,EGY,2013,72.4425
Egypt,EGY,2015,75.84262
Egypt,EGY,2017,71.16825
El Salvador,SLV,2004,80.77836
El Salvador,SLV,2006,83.55946
El Salvador,SLV,2007,82.02863
El Salvador,SLV,2008,83.9513
El Salvador,SLV,2009,84.10289
El Salvador,SLV,2010,84.49272
El Salvador,SLV,2011,85.49399
El Salvador,SLV,2013,86.76758
El Salvador,SLV,2015,87.96985
El Salvador,SLV,2016,88.14177
El Salvador,SLV,2017,88.48271
El Salvador,SLV,2018,89.0086
El Salvador,SLV,2019,89.13792
El Salvador,SLV,2020,89.98453
Equatorial Guinea,GNQ,2000,88.3083
Equatorial Guinea,GNQ,2010,94.37054
Equatorial Guinea,GNQ,2014,94.95674
Equatorial Guinea,GNQ,2015,95.19566
Eritrea,ERI,2002,52.51395
Eritrea,ERI,2008,64.66297
Eritrea,ERI,2014,72.79049
Eritrea,ERI,2015,73.84525
Eritrea,ERI,2018,76.57052
Estonia,EST,2000,99.7672
Estonia,EST,2011,99.88579
Estonia,EST,2015,99.82351
Eswatini,SWZ,2000,81.6607
Eswatini,SWZ,2010,83.09829
Eswatini,SWZ,2015,87.47019
Eswatini,SWZ,2020,89.28
Ethiopia,ETH,2004,35.9
Ethiopia,ETH,2005,29.82034
Ethiopia,ETH,2007,38.99598
Ethiopia,ETH,2015,49.03152
Ethiopia,ETH,2017,51.77118
Fiji,FJI,2003,93.7
Finland,FIN,2000,100.0
France,FRA,2003,99.0
Gabon,GAB,2004,81.84552
Gabon,GAB,2012,82.2838
Gabon,GAB,2015,83.23788
Gambia,GMB,2000,36.81773
Gambia,GMB,2013,41.95005
Gambia,GMB,2014,54.38756
Gambia,GMB,2015,50.77797
Georgia,GEO,2002,99.65235
Georgia,GEO,2014,99.58619
Georgia,GEO,2015,99.75962
Georgia,GEO,2017,99.36426
Germany,DEU,2003,99.0
Ghana,GHA,2000,57.89747
Ghana,GHA,2010,71.49707
Ghana,GHA,2015,76.5759
Ghana,GHA,2020,80.38
Gibraltar,GIB,2011,80.0
Greece,GRC,2001,95.99436
Greece,GRC,2009,93.90511
Greece,GRC,2014,97.53238
Greece,GRC,2015,95.29287
Greenland,GRL,2001,100.0
Grenada,GRD,2003,96.0
Guam,GUM,2000,99.56
Guam,GUM,2015,99.78904
Guatemala,GTM,2002,69.10173
Guatemala,GTM,2012,78.26486
Guatemala,GTM,2013,77.03867
Guatemala,GTM,2014,81.2859
Guatemala,GTM,2015,79.07421
Guatemala,GTM,2018,80.81068
Guinea,GIN,2003,29.70402
Guinea,GIN,2010,25.30774
Guinea,GIN,2014,32.00384
Guinea,GIN,2015,30.47279
Guinea,GIN,2018,39.61768
Guinea-Bissau,GNB,2000,41.35777
Guinea-Bissau,GNB,2014,45.58116
Guinea-Bissau,GNB,2015,59.77285
Guyana,GUY,2009,84.99401
Guyana,GUY,2014,85.63973
Guyana,GUY,2015,87.53532
Haiti,HTI,2003,58.7439
Haiti,HTI,2006,48.68502
Haiti,HTI,2015,60.68935
Haiti,HTI,2016,61.69135
Honduras,HND,2001,80.01103
Honduras,HND,2007,83.58899
Honduras,HND,2010,84.75536
Honduras,HND,2011,85.1233
Honduras,HND,2012,85.35555
Honduras,HND,2013,85.46442
Honduras,HND,2014,87.19753
Honduras,HND,2015,87.90683
Honduras,HND,2016,88.98748
Honduras,HND,2018,87.20524
Honduras,HND,2019,88.50743
Hong Kong,HKG,2002,93.5
Hungary,HUN,2004,99.02922
Hungary,HUN,2014,99.05012
Hungary,HUN,2015,99.38088
Iceland,ISL,2003,99.0
India,IND,2001,61.01456
India,IND,2006,62.75447
India,IND,2011,69.30256
India,IND,2015,72.2253
Indonesia,IDN,2004,90.38479
Indonesia,IDN,2006,91.98227
Indonesia,IDN,2008,92.1923
Indonesia,IDN,2009,92.5817
Indonesia,IDN,2011,92.81191
Indonesia,IDN,2014,95.11622
Indonesia,IDN,2015,95.21793
Indonesia,IDN,2016,95.37697
Indonesia,IDN,2018,95.65856
Indonesia,IDN,2020,95.99901
Iran,IRN,2002,77.0
Iran,IRN,2005,82.4412
Iran,IRN,2006,82.33132
Iran,IRN,2008,82.9623
Iran,IRN,2012,83.62599
Iran,IRN,2013,84.6268
Iran,IRN,2014,84.70524
Iran,IRN,2015,87.17253
Iran,IRN,2016,85.54425
Iraq,IRQ,2000,74.0522
Iraq,IRQ,2012,77.2
Iraq,IRQ,2014,82.2
Iraq,IRQ,2015,79.72176
Iraq,IRQ,2016,83.3
Iraq,IRQ,2017,85.6
Ireland,IRL,2003,99.0
Israel,ISR,2004,97.1
Italy,ITA,2001,98.41662
Italy,ITA,2011,98.84828
Italy,ITA,2015,99.01579
Italy,ITA,2019,99.3491
Jamaica,JAM,2014,88.13225
Jamaica,JAM,2015,88.4999
Japan,JPN,2002,99.0
Jordan,JOR,2003,89.89232
Jordan,JOR,2005,91.13075
Jordan,JOR,2007,92.19958
Jordan,JOR,2010,92.55104
Jordan,JOR,2011,95.90445
Jordan,JOR,2012,97.89032
Jordan,JOR,2015,98.01435
Kazakhstan,KAZ,2009,99.73241
Kazakhstan,KAZ,2010,99.78163
Kazakhstan,KAZ,2015,99.78785
Kazakhstan,KAZ,2020,99.8
Kenya,KEN,2000,82.22908
Kenya,KEN,2007,72.15703
Kenya,KEN,2014,78.73304
Kenya,KEN,2015,78.0234
Kosovo,OWID_KOS,2007,91.9
Kuwait,KWT,2005,93.27446
Kuwait,KWT,2006,93.28212
Kuwait,KWT,2007,93.66419
Kuwait,KWT,2008,93.8983
Kuwait,KWT,2010,94.46901
Kuwait,KWT,2012,95.51317
Kuwait,KWT,2013,95.58582
Kuwait,KWT,2015,95.68545
Kuwait,KWT,2017,96.03595
Kuwait,KWT,2018,96.05647
Kuwait,KWT,2020,96.45754
Kyrgyzstan,KGZ,2009,99.24343
Kyrgyzstan,KGZ,2015,99.50132
Kyrgyzstan,KGZ,2019,99.6
Laos,LAO,2000,69.58312
Laos,LAO,2001,68.73439
Laos,LAO,2005,72.70226
Laos,LAO,2011,58.28794
Laos,LAO,2015,84.66104
Latvia,LVA,2000,99.74657
Latvia,LVA,2011,99.8959
Latvia,LVA,2015,99.89269
Lebanon,LBN,2007,89.61244
Lebanon,LBN,2009,91.18419
Lebanon,LBN,2015,94.0511
Lebanon,LBN,2019,95.3
Lesotho,LSO,2000,86.25443
Lesotho,LSO,2009,75.8002
Lesotho,LSO,2014,76.6352
Lesotho,LSO,2015,79.36093
Liberia,LBR,2004,43.10837
Liberia,LBR,2007,42.94108
Liberia,LBR,2015,47.60014
Liberia,LBR,2017,48.30136
Libya,LBY,2004,85.41682
Libya,LBY,2014,91.04144
Libya,LBY,2015,91.38887
Liechtenstein,LIE,2011,100.0
Lithuania,LTU,2001,99.64575
Lithuania,LTU,2011,99.8156
Lithuania,LTU,2015,99.82328
Luxembourg,LUX,2000,100.0
Macao,MAC,2001,91.29537
Macao,MAC,2006,93.49975
Macao,MAC,2011,95.64004
Macao,MAC,2015,96.2276
Macao,MAC,2016,96.53849
Madagascar,MDG,2000,70.68617
Madagascar,MDG,2005,58.93594
Madagascar,MDG,2009,64.48091
Madagascar,MDG,2012,71.57262
Madagascar,MDG,2015,64.6563
Madagascar,MDG,2018,76.67968
Malawi,MWI,2010,61.30972
Malawi,MWI,2014,65.14537
Malawi,MWI,2015,62.14354
Malaysia,MYS,2000,88.68776
Malaysia,MYS,2010,93.11789
Malaysia,MYS,2015,94.63699
Maldives,MDV,2000,96.3265
Maldives,MDV,2006,98.3979
Maldives,MDV,2014,98.61012
Maldives,MDV,2015,99.32102
Maldives,MDV,2016,97.73495
Mali,MLI,2003,24.0
Mali,MLI,2006,26.17655
Mali,MLI,2010,31.09975
Mali,MLI,2011,30.61867
Mali,MLI,2015,33.06889
Mali,MLI,2018,35.47377
Mali,MLI,2020,30.76141
Malta,MLT,2005,92.36309
Malta,MLT,2011,93.30736
Malta,MLT,2015,94.06661
Marshall Islands,MHL,2011,98.26508
Marshall Islands,MHL,2015,98.26508
Mauritania,MRT,2000,51.20768
Mauritania,MRT,2007,45.50378
Mauritania,MRT,2013,62.06875
Mauritania,MRT,2015,52.12356
Mauritius,MUS,2000,84.30309
Mauritius,MUS,2011,89.24984
Mauritius,MUS,2012,91.76601
Mauritius,MUS,2013,91.49003
Mauritius,MUS,2014,92.47476
Mauritius,MUS,2015,92.7076
Mauritius,MUS,2016,93.15784
Mexico,MEX,2000,90.53562
Mexico,MEX,2002,90.27465
Mexico,MEX,2004,90.95374
Mexico,MEX,2005,91.63027
Mexico,MEX,2006,91.73452
Mexico,MEX,2007,92.79517
Mexico,MEX,2008,92.9256
Mexico,MEX,2009,93.44188
Mexico,MEX,2010,93.06894
Mexico,MEX,2011,93.51998
Mexico,MEX,2012,94.2284
Mexico,MEX,2013,93.96285
Mexico,MEX,2014,94.55588
Mexico,MEX,2015,94.47228
Mexico,MEX,2016,94.85962
Mexico,MEX,2017,94.97278
Mexico,MEX,2018,95.37991
Mexico,MEX,2020,95.24785
Moldova,MDA,2000,96.6538
Moldova,MDA,2014,99.35989
Moldova,MDA,2015,99.24439
Monaco,MCO,2003,99.0
Mongolia,MNG,2000,97.76885
Mongolia,MNG,2010,98.257
Mongolia,MNG,2015,98.36764
Mongolia,MNG,2020,99.18327
Montenegro,MNE,2003,97.77346
Montenegro,MNE,2011,98.44221
Montenegro,MNE,2015,98.71995
Morocco,MAR,2004,52.30626
Morocco,MAR,2008,55.14792
Morocco,MAR,2009,56.08367
Morocco,MAR,2011,67.08416
Morocco,MAR,2012,69.42539
Morocco,MAR,2014,75.5862
Morocco,MAR,2015,71.71055
Mozambique,MOZ,2003,48.15884
Mozambique,MOZ,2009,50.58381
Mozambique,MOZ,2015,56.039
Mozambique,MOZ,2017,60.65543
Mozambique,MOZ,2020,59.77961
Myanmar,MMR,2000,89.94176
Myanmar,MMR,2014,92.92316
Myanmar,MMR,2015,93.09005
Myanmar,MMR,2016,75.5512
Myanmar,MMR,2019,89.06995
Namibia,NAM,2001,84.94426
Namibia,NAM,2007,76.48659
Namibia,NAM,2011,88.27463
Namibia,NAM,2015,90.8205
Nepal,NPL,2001,48.60897
Nepal,NPL,2011,59.62725
Nepal,NPL,2015,64.66364
Netherlands,NLD,2003,99.0
New Caledonia,NCL,2006,97.3
New Caledonia,NCL,2014,96.80667
New Caledonia,NCL,2015,96.93782
New Zealand,NZL,2003,99.0
Nicaragua,NIC,2000,66.0
Nicaragua,NIC,2001,76.67713
Nicaragua,NIC,2005,78.00298
Nicaragua,NIC,2015,82.61455
Niger,NER,2001,14.37604
Niger,NER,2005,28.67242
Niger,NER,2012,30.56039
Niger,NER,2015,19.1026
Nigeria,NGA,2003,54.77318
Nigeria,NGA,2006,70.19835
Nigeria,NGA,2008,51.07766
Nigeria,NGA,2015,59.56808
Nigeria,NGA,2018,62.01601
Niue,NIU,2011,95.0
North Korea,PRK,2008,99.99819
North Korea,PRK,2015,99.99924
North Korea,PRK,2018,99.99819
North Macedonia,MKD,2002,96.12893
North Macedonia,MKD,2012,97.6
North Macedonia,MKD,2014,97.75175
North Macedonia,MKD,2015,97.84376
Norway,NOR,2011,100.0
Oman,OMN,2003,81.36331
Oman,OMN,2008,86.62114
Oman,OMN,2010,86.939
Oman,OMN,2014,91.9812
Oman,OMN,2015,93.03861
Oman,OMN,2017,95.576
Oman,OMN,2018,95.65153
Pakistan,PAK,2005,49.87364
Pakistan,PAK,2006,54.15121
Pakistan,PAK,2007,52.13683
Pakistan,PAK,2008,55.52637
Pakistan,PAK,2009,54.89264
Pakistan,PAK,2010,55.37519
Pakistan,PAK,2011,54.73802
Pakistan,PAK,2012,56.76434
Pakistan,PAK,2013,55.59499
Pakistan,PAK,2014,56.97715
Pakistan,PAK,2015,56.44031
Pakistan,PAK,2017,59.13205
Pakistan,PAK,2018,57.01057
Pakistan,PAK,2019,57.99886
Palau,PLW,2004,96.9898
Palau,PLW,2013,99.50313
Palau,PLW,2015,96.59374
Palestine,PSE,2004,92.47751
Palestine,PSE,2006,93.45087
Palestine,PSE,2007,93.7617
Palestine,PSE,2008,94.00984
Palestine,PSE,2009,94.43018
Palestine,PSE,2010,94.71748
Palestine,PSE,2011,95.02582
Palestine,PSE,2012,95.67101
Palestine,PSE,2013,96.04603
Palestine,PSE,2014,96.21293
Palestine,PSE,2015,96.47712
Palestine,PSE,2016,96.71919
Palestine,PSE,2017,96.9244
Palestine,PSE,2018,97.21861
Palestine,PSE,2019,97.37826
Panama,PAN,2000,91.89962
Panama,PAN,2010,94.09412
Panama,PAN,2015,95.03823
Panama,PAN,2018,95.41181
Panama,PAN,2019,95.73608
Papua New Guinea,PNG,2000,57.34326
Papua New Guinea,PNG,2010,61.6
Papua New Guinea,PNG,2014,63.09609
Papua New Guinea,PNG,2015,63.43349
Paraguay,PRY,2007,94.55822
Paraguay,PRY,2008,93.29208
Paraguay,PRY,2009,93.75424
Paraguay,PRY,2010,93.87092
Paraguay,PRY,2012,94.19747
Paraguay,PRY,2013,95.05904
Paraguay,PRY,2014,95.03481
Paraguay,PRY,2015,95.55484
Paraguay,PRY,2016,94.65024
Paraguay,PRY,2018,94.0208
Paraguay,PRY,2019,93.21353
Paraguay,PRY,2020,94.54455
Peru,PER,2004,87.66985
Peru,PER,2005,87.90867
Peru,PER,2006,88.69934
Peru,PER,2007,89.59081
Peru,PER,2012,93.84173
Peru,PER,2014,93.70795
Peru,PER,2015,94.16234
Peru,PER,2016,94.17367
Peru,PER,2017,94.14961
Peru,PER,2018,94.40827
Peru,PER,2020,94.49793
Philippines,PHL,2000,92.60006
Philippines,PHL,2003,92.59069
Philippines,PHL,2008,95.4201
Philippines,PHL,2013,96.398
Philippines,PHL,2015,98.18255
Philippines,PHL,2019,96.27817
Poland,POL,2004,99.61794
Poland,POL,2014,99.77411
Poland,POL,2015,99.78742
Portugal,PRT,2011,94.47705
Portugal,PRT,2015,95.42811
Puerto Rico,PRI,2004,90.52934
Puerto Rico,PRI,2010,91.96523
Puerto Rico,PRI,2015,93.32942
Puerto Rico,PRI,2017,92.39
Qatar,QAT,2004,88.96239
Qatar,QAT,2007,93.08255
Qatar,QAT,2008,93.98973
Qatar,QAT,2009,94.72429
Qatar,QAT,2010,96.28374
Qatar,QAT,2011,96.40687
Qatar,QAT,2012,96.67859
Qatar,QAT,2013,97.47785
Qatar,QAT,2014,97.74669
Qatar,QAT,2015,97.75709
Romania,ROU,2002,97.29759
Romania,ROU,2011,98.60429
Romania,ROU,2015,98.75703
Russia,RUS,2002,99.44097
Russia,RUS,2010,99.68427
Russia,RUS,2015,99.71957
Rwanda,RWA,2000,64.8886
Rwanda,RWA,2010,65.85227
Rwanda,RWA,2012,68.33103
Rwanda,RWA,2014,70.80413
Rwanda,RWA,2015,71.2435
Rwanda,RWA,2018,73.21559
Saint Kitts and Nevis,KNA,2003,97.8
Saint Lucia,LCA,2001,90.1
Samoa,WSM,2004,98.54048
Samoa,WSM,2011,98.97326
Samoa,WSM,2015,99.01501
San Marino,SMR,2011,96.0
Sao Tome and Principe,STP,2001,84.90851
Sao Tome and Principe,STP,2008,69.53639
Sao Tome and Principe,STP,2012,90.1431
Sao Tome and Principe,STP,2015,91.74711
Saudi Arabia,SAU,2000,79.35094
Saudi Arabia,SAU,2004,82.85774
Saudi Arabia,SAU,2013,94.42634
Saudi Arabia,SAU,2015,94.84237
Saudi Arabia,SAU,2017,95.32863
Saudi Arabia,SAU,2020,97.58507
Senegal,SEN,2002,39.27525
Senegal,SEN,2006,41.89115
Senegal,SEN,2009,48.03678
Senegal,SEN,2011,51.81455
Senegal,SEN,2013,43.5345
Senegal,SEN,2015,55.62485
Senegal,SEN,2017,51.90042
Serbia,SRB,2003,96.39724
Serbia,SRB,2011,97.96241
Serbia,SRB,2015,98.00289
Serbia,SRB,2016,98.84151
Serbia,SRB,2019,99.48253
Seychelles,SYC,2002,91.83646
Seychelles,SYC,2010,93.95423
Seychelles,SYC,2015,95.32108
Seychelles,SYC,2020,96.2
Sierra Leone,SLE,2004,34.82679
Sierra Leone,SLE,2013,32.42617
Sierra Leone,SLE,2014,47.18624
Sierra Leone,SLE,2015,48.4319
Singapore,SGP,2000,92.5494
Singapore,SGP,2010,95.85733
Singapore,SGP,2011,96.18604
Singapore,SGP,2012,96.36979
Singapore,SGP,2013,96.54802
Singapore,SGP,2014,96.71669
Singapore,SGP,2015,96.82549
Singapore,SGP,2016,97.04956
Singapore,SGP,2017,97.20222
Singapore,SGP,2018,97.34486
Singapore,SGP,2019,97.47958
Singapore,SGP,2020,97.13185
Slovakia,SVK,2004,99.6
Slovenia,SVN,2001,99.6
Slovenia,SVN,2004,99.65179
Slovenia,SVN,2014,99.71005
Slovenia,SVN,2015,99.71476
Solomon Islands,SLB,2011,84.1
Somalia,SOM,2001,37.8
South Africa,ZAF,2007,88.71725
South Africa,ZAF,2009,92.89486
South Africa,ZAF,2010,92.87732
South Africa,ZAF,2011,93.10214
South Africa,ZAF,2012,93.72947
South Africa,ZAF,2014,94.1399
South Africa,ZAF,2015,94.36792
South Africa,ZAF,2017,87.04667
South Africa,ZAF,2019,95.02297
South Korea,KOR,2008,97.96594
South Korea,KOR,2018,98.8
South Sudan,SSD,2008,26.83128
South Sudan,SSD,2015,31.97625
South Sudan,SSD,2018,34.52276
Spain,ESP,2004,97.16512
Spain,ESP,2005,97.75069
Spain,ESP,2006,97.75214
Spain,ESP,2007,97.93884
Spain,ESP,2008,97.63061
Spain,ESP,2009,97.67927
Spain,ESP,2010,97.7489
Spain,ESP,2011,97.78375
Spain,ESP,2012,97.89454
Spain,ESP,2013,98.07913
Spain,ESP,2014,98.09372
Spain,ESP,2015,98.14326
Spain,ESP,2016,98.25051
Spain,ESP,2018,98.4365
Spain,ESP,2020,98.59446
Sri Lanka,LKA,2001,90.68275
Sri Lanka,LKA,2006,90.80883
Sri Lanka,LKA,2008,90.55795
Sri Lanka,LKA,2010,91.18136
Sri Lanka,LKA,2015,92.61417
Sri Lanka,LKA,2016,92.3869
Sri Lanka,LKA,2017,91.89575
Sri Lanka,LKA,2018,91.70982
Sri Lanka,LKA,2019,92.25296
Sri Lanka,LKA,2020,92.3823
Sudan,SDN,2000,61.34587
Sudan,SDN,2008,53.51738
Sudan,SDN,2015,58.60132
Sudan,SDN,2018,60.69718
Suriname,SUR,2004,89.59806
Suriname,SUR,2008,94.62094
Suriname,SUR,2010,94.67575
Suriname,SUR,2012,92.86866
Suriname,SUR,2015,95.53899
Sweden,SWE,2003,99.0
Switzerland,CHE,2003,99.0
Syria,SYR,2002,82.88825
Syria,SYR,2004,80.84452
Syria,SYR,2014,86.3
Syria,SYR,2015,86.30393
Taiwan,TWN,2003,96.1
Tajikistan,TJK,2000,99.45068
Tajikistan,TJK,2010,99.7
Tajikistan,TJK,2014,99.76841
Tajikistan,TJK,2015,99.78105
Tanzania,TZA,2002,69.4309
Tanzania,TZA,2010,67.8007
Tanzania,TZA,2012,78.10059
Tanzania,TZA,2015,77.88723
Thailand,THA,2000,92.64654
Thailand,THA,2005,93.50647
Thailand,THA,2010,96.43091
Thailand,THA,2013,93.70207
Thailand,THA,2015,92.86831
Thailand,THA,2018,93.76776
Togo,TGO,2000,53.1776
Togo,TGO,2006,56.88837
Togo,TGO,2009,57.09338
Togo,TGO,2011,60.40994
Togo,TGO,2015,63.74562
Togo,TGO,2019,66.53708
Tonga,TON,2006,99.01846
Tonga,TON,2011,99.38553
Tonga,TON,2015,99.39786
Trinidad and Tobago,TTO,2000,97.9
Trinidad and Tobago,TTO,2004,98.28851
Trinidad and Tobago,TTO,2014,98.91949
Trinidad and Tobago,TTO,2015,98.96958
Tunisia,TUN,2004,74.297
Tunisia,TUN,2007,77.1904
Tunisia,TUN,2008,77.71462
Tunisia,TUN,2010,79.13058
Tunisia,TUN,2011,79.65391
Tunisia,TUN,2012,80.21875
Tunisia,TUN,2014,79.03643
Tunisia,TUN,2015,81.05419
Turkey,TUR,2004,87.36549
Turkey,TUR,2005,88.22906
Turkey,TUR,2006,88.11939
Turkey,TUR,2007,88.6559
Turkey,TUR,2009,90.81672
Turkey,TUR,2010,92.6606
Turkey,TUR,2011,94.10609
Turkey,TUR,2012,94.91975
Turkey,TUR,2013,95.25666
Turkey,TUR,2014,95.43963
Turkey,TUR,2015,95.60142
Turkey,TUR,2016,96.16733
Turkey,TUR,2017,96.15053
Turkey,TUR,2019,96.74221
Turkmenistan,TKM,2005,99.4
Turkmenistan,TKM,2014,99.67285
Turkmenistan,TKM,2015,99.69293
Uganda,UGA,2002,68.14251
Uganda,UGA,2006,71.37314
Uganda,UGA,2010,73.21188
Uganda,UGA,2012,70.19822
Uganda,UGA,2015,73.80984
Uganda,UGA,2018,76.5275
Ukraine,UKR,2001,99.43041
Ukraine,UKR,2012,99.97435
Ukraine,UKR,2014,99.75347
Ukraine,UKR,2015,99.76411
United Arab Emirates,ARE,2005,90.03385
United Arab Emirates,ARE,2015,92.98637
United Arab Emirates,ARE,2019,97.78251
United Kingdom,GBR,2003,99.0
United States,USA,2003,99.0
Uruguay,URY,2006,97.78963
Uruguay,URY,2007,97.86389
Uruguay,URY,2008,98.16356
Uruguay,URY,2009,98.26723
Uruguay,URY,2010,98.07271
Uruguay,URY,2011,98.3359
Uruguay,URY,2012,98.39594
Uruguay,URY,2013,98.36387
Uruguay,URY,2014,98.43593
Uruguay,URY,2015,98.52387
Uruguay,URY,2016,98.56147
Uruguay,URY,2017,98.61572
Uruguay,URY,2018,98.70386
Uruguay,URY,2019,98.77035
Uzbekistan,UZB,2000,98.64258
Uzbekistan,UZB,2013,99.99486
Uzbekistan,UZB,2014,99.98055
Uzbekistan,UZB,2015,99.98383
Uzbekistan,UZB,2016,99.98657
Uzbekistan,UZB,2018,99.99289
Uzbekistan,UZB,2019,99.99995
Vanuatu,VUT,2004,78.4
Vanuatu,VUT,2014,84.7
Vanuatu,VUT,2015,85.05868
Vatican,VAT,2011,100.0
Venezuela,VEN,2001,92.97983
Venezuela,VEN,2007,95.15464
Venezuela,VEN,2009,95.51199
Venezuela,VEN,2011,94.77022
Venezuela,VEN,2015,96.60522
Venezuela,VEN,2016,97.12709
Vietnam,VNM,2000,90.15613
Vietnam,VNM,2009,93.52045
Vietnam,VNM,2015,94.51427
Vietnam,VNM,2019,95.75387
World,OWID_WRL,2000,80.87452
World,OWID_WRL,2001,81.20433
World,OWID_WRL,2002,81.57198
World,OWID_WRL,2003,82.06556
World,OWID_WRL,2004,82.43894
World,OWID_WRL,2005,82.37777
World,OWID_WRL,2006,82.46365
World,OWID_WRL,2007,82.92806
World,OWID_WRL,2008,83.25666
World,OWID_WRL,2009,83.5132
World,OWID_WRL,2010,84.16
World,OWID_WRL,2011,84.32265
World,OWID_WRL,2012,84.76106
World,OWID_WRL,2013,84.86014
World,OWID_WRL,2014,85.43371
World,OWID_WRL,2015,85.60183
World,OWID_WRL,2016,86.06116
World,OWID_WRL,2017,86.28823
World,OWID_WRL,2018,86.33905
World,OWID_WRL,2019,86.4896
World,OWID_WRL,2020,86.71151
Yemen,YEM,2004,54.1
Yemen,YEM,2014,68.78942
Yemen,YEM,2015,69.96195
Zambia,ZMB,2002,69.14922
Zambia,ZMB,2007,61.12709
Zambia,ZMB,2010,83.00767
Zambia,ZMB,2015,85.11726
Zambia,ZMB,2020,87.5
Zimbabwe,ZWE,2011,83.58271
Zimbabwe,ZWE,2014,88.69342
Zimbabwe,ZWE,2015,86.87348
