Entity,Code,Year,Mean income or consumption
Albania,ALB,2002,8.108229
Albania,ALB,2005,9.165975
Albania,ALB,2008,10.038169
Albania,ALB,2012,9.517231
Albania,ALB,2014,10.14131
Albania,ALB,2015,12.055373
Albania,ALB,2016,12.541093
Albania,ALB,2017,12.411219
Albania,ALB,2018,13.316507
Albania,ALB,2019,13.749831
Albania,ALB,2020,13.952189
Algeria,DZA,2011,9.225503
Angola,AGO,2000,7.3743653
Angola,AGO,2008,6.513752
Angola,AGO,2018,5.4821506
Armenia,ARM,2001,4.8466773
Armenia,ARM,2002,5.084001
Armenia,ARM,2003,5.225257
Armenia,ARM,2004,6.4784
Armenia,ARM,2005,7.1383777
Armenia,ARM,2006,6.8902817
Armenia,ARM,2007,7.6751237
Armenia,ARM,2008,7.844795
Armenia,ARM,2009,6.9723577
Armenia,ARM,2010,7.1184015
Armenia,ARM,2011,7.2667
Armenia,ARM,2012,7.5278435
Armenia,ARM,2013,7.810947
Armenia,ARM,2014,8.011235
Armenia,ARM,2015,8.588196
Armenia,ARM,2016,9.041172
Armenia,ARM,2017,8.796435
Armenia,ARM,2018,8.794251
Armenia,ARM,2019,7.906314
Armenia,ARM,2020,7.4731045
Australia,AUS,2001,43.19192
Australia,AUS,2003,44.54257
Australia,AUS,2004,48.479614
Australia,AUS,2008,61.296535
Australia,AUS,2010,61.075916
Australia,AUS,2014,65.29173
Australia,AUS,2016,63.784096
Australia,AUS,2018,64.60964
Austria,AUT,2000,51.975815
Austria,AUT,2003,55.16432
Austria,AUT,2004,58.215557
Austria,AUT,2005,55.63884
Austria,AUT,2006,56.96011
Austria,AUT,2007,59.32459
Austria,AUT,2008,60.31674
Austria,AUT,2009,62.461014
Austria,AUT,2010,63.092503
Austria,AUT,2011,61.909378
Austria,AUT,2012,60.4941
Austria,AUT,2013,63.458008
Austria,AUT,2014,62.47972
Austria,AUT,2015,62.24562
Austria,AUT,2016,65.065186
Austria,AUT,2017,64.19478
Austria,AUT,2018,64.86731
Austria,AUT,2019,66.16818
Austria,AUT,2020,66.339935
Azerbaijan,AZE,2001,6.4593534
Azerbaijan,AZE,2002,8.152217
Azerbaijan,AZE,2003,8.493119
Azerbaijan,AZE,2004,8.740162
Azerbaijan,AZE,2005,9.718767
Bangladesh,BGD,2000,3.4174178
Bangladesh,BGD,2005,3.8145173
Bangladesh,BGD,2010,4.082853
Bangladesh,BGD,2016,4.47471
Belarus,BLR,2000,4.6459813
Belarus,BLR,2001,5.7673903
Belarus,BLR,2002,6.3353014
Belarus,BLR,2003,6.5367026
Belarus,BLR,2004,7.34113
Belarus,BLR,2005,9.028547
Belarus,BLR,2006,10.4393
Belarus,BLR,2007,11.997122
Belarus,BLR,2008,12.46643
Belarus,BLR,2009,12.590504
Belarus,BLR,2010,14.204151
Belarus,BLR,2011,14.550512
Belarus,BLR,2012,16.294647
Belarus,BLR,2013,18.165651
Belarus,BLR,2014,18.918251
Belarus,BLR,2015,16.946398
Belarus,BLR,2016,16.280432
Belarus,BLR,2017,16.718977
Belarus,BLR,2018,18.15194
Belarus,BLR,2019,19.132462
Belarus,BLR,2020,19.265026
Belgium,BEL,2000,54.68478
Belgium,BEL,2003,49.018375
Belgium,BEL,2004,52.893368
Belgium,BEL,2005,52.832836
Belgium,BEL,2006,51.938232
Belgium,BEL,2007,53.447582
Belgium,BEL,2008,54.16454
Belgium,BEL,2009,54.725697
Belgium,BEL,2010,54.32176
Belgium,BEL,2011,52.998184
Belgium,BEL,2012,54.504013
Belgium,BEL,2013,54.39067
Belgium,BEL,2014,55.043015
Belgium,BEL,2015,55.694485
Belgium,BEL,2016,55.09243
Belgium,BEL,2017,55.70167
Belgium,BEL,2018,57.007874
Belgium,BEL,2019,58.986507
Belgium,BEL,2020,58.747814
Benin,BEN,2003,2.7582295
Benin,BEN,2011,2.9957623
Benin,BEN,2015,3.0038466
Benin,BEN,2018,4.658511
Bhutan,BTN,2003,5.9865766
Bhutan,BTN,2007,7.2404475
Bhutan,BTN,2012,9.905168
Bhutan,BTN,2017,10.762673
Bolivia,BOL,2000,11.0520115
Bolivia,BOL,2001,11.463397
Bolivia,BOL,2002,11.457341
Bolivia,BOL,2004,13.181912
Bolivia,BOL,2005,14.023064
Bolivia,BOL,2006,14.938176
Bolivia,BOL,2007,14.88119
Bolivia,BOL,2008,15.605117
Bolivia,BOL,2009,16.496235
Bolivia,BOL,2011,18.122355
Bolivia,BOL,2012,18.54862
Bolivia,BOL,2013,20.447641
Bolivia,BOL,2014,20.56035
Bolivia,BOL,2015,19.820759
Bolivia,BOL,2016,18.884657
Bolivia,BOL,2017,19.080784
Bolivia,BOL,2018,18.746983
Bolivia,BOL,2019,19.607672
Bolivia,BOL,2020,19.59431
Bosnia and Herzegovina,BIH,2001,13.474113
Bosnia and Herzegovina,BIH,2004,20.385946
Bosnia and Herzegovina,BIH,2007,22.214685
Bosnia and Herzegovina,BIH,2011,21.184618
Botswana,BWA,2002,9.558292
Botswana,BWA,2009,11.0097275
Botswana,BWA,2015,8.821087
Brazil,BRA,2001,13.87427
Brazil,BRA,2002,14.087754
Brazil,BRA,2003,13.399859
Brazil,BRA,2004,13.4673395
Brazil,BRA,2005,14.147952
Brazil,BRA,2006,15.197554
Brazil,BRA,2007,15.714912
Brazil,BRA,2008,16.558107
Brazil,BRA,2009,17.066105
Brazil,BRA,2011,18.371971
Brazil,BRA,2012,19.707026
Brazil,BRA,2013,20.54421
Brazil,BRA,2014,20.974777
Brazil,BRA,2015,20.347132
Brazil,BRA,2016,20.346375
Brazil,BRA,2017,20.329958
Brazil,BRA,2018,21.02363
Brazil,BRA,2019,21.11513
Brazil,BRA,2020,21.037209
Bulgaria,BGR,2001,10.723046
Bulgaria,BGR,2003,10.043354
Bulgaria,BGR,2006,11.189068
Bulgaria,BGR,2007,13.376852
Bulgaria,BGR,2008,17.413115
Bulgaria,BGR,2009,18.170862
Bulgaria,BGR,2010,17.400627
Bulgaria,BGR,2011,16.122835
Bulgaria,BGR,2012,16.949432
Bulgaria,BGR,2013,18.926699
Bulgaria,BGR,2014,20.17313
Bulgaria,BGR,2015,19.253794
Bulgaria,BGR,2016,23.008419
Bulgaria,BGR,2017,22.896029
Bulgaria,BGR,2018,26.54958
Bulgaria,BGR,2019,27.429432
Bulgaria,BGR,2020,30.879648
Burkina Faso,BFA,2003,2.8071191
Burkina Faso,BFA,2009,2.8374054
Burkina Faso,BFA,2014,3.2779927
Burkina Faso,BFA,2018,4.284381
Burundi,BDI,2006,2.0097106
Burundi,BDI,2013,2.2902756
Cameroon,CMR,2001,4.6777472
Cameroon,CMR,2007,4.4197073
Cameroon,CMR,2014,5.7528977
Canada,CAN,2000,50.680656
Canada,CAN,2001,52.60716
Canada,CAN,2002,53.05956
Canada,CAN,2003,53.136894
Canada,CAN,2004,54.325954
Canada,CAN,2005,55.64778
Canada,CAN,2006,57.229618
Canada,CAN,2007,59.492874
Canada,CAN,2008,60.542507
Canada,CAN,2009,60.82538
Canada,CAN,2010,60.810352
Canada,CAN,2011,61.146698
Canada,CAN,2012,61.781475
Canada,CAN,2013,62.970146
Canada,CAN,2014,63.24268
Canada,CAN,2015,63.739998
Canada,CAN,2016,63.1935
Canada,CAN,2017,65.49503
Canada,CAN,2018,65.73783
Canada,CAN,2019,65.73275
Cape Verde,CPV,2001,7.3960323
Cape Verde,CPV,2007,8.257052
Cape Verde,CPV,2015,9.503321
Central African Republic,CAF,2008,3.0385413
Chad,TCD,2003,2.5097342
Chad,TCD,2011,3.811284
Chad,TCD,2018,3.813032
Chile,CHL,2000,13.955496
Chile,CHL,2003,13.741859
Chile,CHL,2006,15.432316
Chile,CHL,2009,16.551552
Chile,CHL,2011,17.844309
Chile,CHL,2013,21.51965
Chile,CHL,2015,22.525043
Chile,CHL,2017,25.014723
Chile,CHL,2020,25.487513
China,CHN,2002,3.9111302
China,CHN,2005,5.0867834
China,CHN,2008,6.264327
China,CHN,2010,7.361189
China,CHN,2011,7.897014
China,CHN,2012,8.626949
China,CHN,2013,9.704089
China,CHN,2014,10.45436
China,CHN,2015,11.190932
China,CHN,2016,11.928446
China,CHN,2017,12.597817
China,CHN,2018,13.398591
China,CHN,2019,14.174434
China,CHN,2020,13.622097
Colombia,COL,2000,10.018681
Colombia,COL,2001,8.348313
Colombia,COL,2002,10.531292
Colombia,COL,2003,9.989583
Colombia,COL,2004,10.593353
Colombia,COL,2005,11.168692
Colombia,COL,2008,12.635402
Colombia,COL,2009,12.744092
Colombia,COL,2010,13.765084
Colombia,COL,2011,14.28252
Colombia,COL,2012,14.482073
Colombia,COL,2013,15.206055
Colombia,COL,2014,15.92209
Colombia,COL,2015,15.590024
Colombia,COL,2016,15.361946
Colombia,COL,2017,15.246944
Colombia,COL,2018,15.505637
Colombia,COL,2019,15.542431
Colombia,COL,2020,13.626631
Comoros,COM,2004,8.687198
Comoros,COM,2014,6.4239483
Congo,COG,2005,3.3899314
Congo,COG,2011,4.5914974
Costa Rica,CRI,2000,13.4951315
Costa Rica,CRI,2001,18.394955
Costa Rica,CRI,2002,18.694384
Costa Rica,CRI,2003,18.323336
Costa Rica,CRI,2004,17.128424
Costa Rica,CRI,2005,17.804161
Costa Rica,CRI,2006,18.531052
Costa Rica,CRI,2007,20.632092
Costa Rica,CRI,2008,20.777502
Costa Rica,CRI,2009,22.711514
Costa Rica,CRI,2010,23.181345
Costa Rica,CRI,2011,23.912104
Costa Rica,CRI,2012,24.698944
Costa Rica,CRI,2013,25.4574
Costa Rica,CRI,2014,24.876719
Costa Rica,CRI,2015,24.893183
Costa Rica,CRI,2016,25.845207
Costa Rica,CRI,2017,26.256916
Costa Rica,CRI,2018,25.644619
Costa Rica,CRI,2019,25.530893
Costa Rica,CRI,2020,22.147285
Cote d'Ivoire,CIV,2002,4.160559
Cote d'Ivoire,CIV,2008,3.9919024
Cote d'Ivoire,CIV,2015,3.929645
Cote d'Ivoire,CIV,2018,5.6598806
Croatia,HRV,2000,22.081154
Croatia,HRV,2001,20.841942
Croatia,HRV,2004,32.674103
Croatia,HRV,2008,32.30419
Croatia,HRV,2009,31.78586
Croatia,HRV,2010,26.60446
Croatia,HRV,2011,21.76985
Croatia,HRV,2012,20.69398
Croatia,HRV,2013,20.381931
Croatia,HRV,2014,21.509981
Croatia,HRV,2015,22.447786
Croatia,HRV,2016,24.24822
Croatia,HRV,2017,25.510685
Croatia,HRV,2018,27.394676
Croatia,HRV,2019,29.081573
Croatia,HRV,2020,30.291763
Cyprus,CYP,2004,44.923542
Cyprus,CYP,2005,47.965797
Cyprus,CYP,2006,52.688217
Cyprus,CYP,2007,52.78881
Cyprus,CYP,2008,52.38207
Cyprus,CYP,2009,51.811222
Cyprus,CYP,2010,52.62469
Cyprus,CYP,2011,52.382618
Cyprus,CYP,2012,49.471622
Cyprus,CYP,2013,47.481693
Cyprus,CYP,2014,44.252575
Cyprus,CYP,2015,45.0893
Cyprus,CYP,2016,46.596825
Cyprus,CYP,2017,47.56427
Cyprus,CYP,2018,51.212486
Cyprus,CYP,2019,51.574562
Cyprus,CYP,2020,52.928314
Czechia,CZE,2002,24.971949
Czechia,CZE,2004,26.875917
Czechia,CZE,2005,27.595201
Czechia,CZE,2006,29.117022
Czechia,CZE,2007,30.65649
Czechia,CZE,2008,31.41051
Czechia,CZE,2009,31.865326
Czechia,CZE,2010,31.808458
Czechia,CZE,2011,31.774588
Czechia,CZE,2012,31.239332
Czechia,CZE,2013,31.44628
Czechia,CZE,2014,32.180218
Czechia,CZE,2015,33.508007
Czechia,CZE,2016,34.751205
Czechia,CZE,2017,35.919323
Czechia,CZE,2018,37.61909
Czechia,CZE,2019,39.36649
Czechia,CZE,2020,40.036655
Democratic Republic of Congo,COD,2004,1.0010916
Democratic Republic of Congo,COD,2012,2.0246513
Denmark,DNK,2000,52.6258
Denmark,DNK,2003,51.409054
Denmark,DNK,2004,52.30966
Denmark,DNK,2005,52.912163
Denmark,DNK,2006,54.57902
Denmark,DNK,2007,55.58182
Denmark,DNK,2008,54.99869
Denmark,DNK,2009,55.802723
Denmark,DNK,2010,58.569775
Denmark,DNK,2011,57.63594
Denmark,DNK,2012,57.292477
Denmark,DNK,2013,58.687824
Denmark,DNK,2014,59.092346
Denmark,DNK,2015,59.663933
Denmark,DNK,2016,60.667915
Denmark,DNK,2017,62.136517
Denmark,DNK,2018,62.739765
Denmark,DNK,2019,62.736362
Denmark,DNK,2020,64.51866
Djibouti,DJI,2002,4.727462
Djibouti,DJI,2012,5.8090897
Djibouti,DJI,2013,5.188474
Djibouti,DJI,2017,5.4438024
Dominican Republic,DOM,2000,13.943539
Dominican Republic,DOM,2001,13.393599
Dominican Republic,DOM,2002,13.004036
Dominican Republic,DOM,2003,11.595251
Dominican Republic,DOM,2004,9.876797
Dominican Republic,DOM,2005,11.402681
Dominican Republic,DOM,2006,12.998945
Dominican Republic,DOM,2007,11.89717
Dominican Republic,DOM,2008,11.480385
Dominican Republic,DOM,2009,12.40651
Dominican Republic,DOM,2010,12.230481
Dominican Republic,DOM,2011,12.691668
Dominican Republic,DOM,2012,12.1348915
Dominican Republic,DOM,2013,12.818438
Dominican Republic,DOM,2014,13.289036
Dominican Republic,DOM,2015,14.589207
Dominican Republic,DOM,2016,15.629209
Dominican Republic,DOM,2017,14.788201
Dominican Republic,DOM,2018,16.232817
Dominican Republic,DOM,2019,16.469265
Dominican Republic,DOM,2020,14.529316
East Timor,TLS,2001,3.1812658
East Timor,TLS,2007,2.7968318
East Timor,TLS,2014,3.4258578
Ecuador,ECU,2000,6.542927
Ecuador,ECU,2003,9.734901
Ecuador,ECU,2004,9.58733
Ecuador,ECU,2005,11.362323
Ecuador,ECU,2006,12.50475
Ecuador,ECU,2007,13.178305
Ecuador,ECU,2008,12.5959
Ecuador,ECU,2009,12.136972
Ecuador,ECU,2010,13.432923
Ecuador,ECU,2011,13.8755
Ecuador,ECU,2012,14.783346
Ecuador,ECU,2013,15.29881
Ecuador,ECU,2014,15.4710245
Ecuador,ECU,2015,15.580119
Ecuador,ECU,2016,15.25878
Ecuador,ECU,2017,15.694721
Ecuador,ECU,2018,15.658378
Ecuador,ECU,2019,15.380205
Ecuador,ECU,2020,13.677037
Egypt,EGY,2004,5.864025
Egypt,EGY,2008,5.899007
Egypt,EGY,2010,6.5465035
Egypt,EGY,2012,6.689095
Egypt,EGY,2015,7.2488804
Egypt,EGY,2017,6.300635
Egypt,EGY,2019,6.7583957
El Salvador,SLV,2000,10.629056
El Salvador,SLV,2001,10.175318
El Salvador,SLV,2002,10.262623
El Salvador,SLV,2003,9.495242
El Salvador,SLV,2004,9.768703
El Salvador,SLV,2005,9.938346
El Salvador,SLV,2006,9.909669
El Salvador,SLV,2007,10.604968
El Salvador,SLV,2008,10.229619
El Salvador,SLV,2009,9.877291
El Salvador,SLV,2010,9.777039
El Salvador,SLV,2011,9.545156
El Salvador,SLV,2012,9.877429
El Salvador,SLV,2013,10.895258
El Salvador,SLV,2014,10.63308
El Salvador,SLV,2015,10.940506
El Salvador,SLV,2016,11.026738
El Salvador,SLV,2017,11.070996
El Salvador,SLV,2018,11.906972
El Salvador,SLV,2019,12.951726
Estonia,EST,2000,12.078439
Estonia,EST,2001,11.727027
Estonia,EST,2002,11.984227
Estonia,EST,2003,12.146917
Estonia,EST,2004,13.967663
Estonia,EST,2005,19.75359
Estonia,EST,2006,23.001495
Estonia,EST,2007,25.883123
Estonia,EST,2008,26.773018
Estonia,EST,2009,25.207632
Estonia,EST,2010,23.695606
Estonia,EST,2011,24.56063
Estonia,EST,2012,25.974396
Estonia,EST,2013,28.28964
Estonia,EST,2014,30.563866
Estonia,EST,2015,32.68025
Estonia,EST,2016,34.75534
Estonia,EST,2017,36.74732
Estonia,EST,2018,38.945698
Estonia,EST,2019,41.006695
Estonia,EST,2020,42.843025
Eswatini,SWZ,2000,3.5263317
Eswatini,SWZ,2009,3.7295449
Eswatini,SWZ,2016,5.6323137
Ethiopia,ETH,2004,3.122983
Ethiopia,ETH,2010,3.3834558
Ethiopia,ETH,2015,3.7389858
Fiji,FJI,2002,9.828248
Fiji,FJI,2008,10.984359
Fiji,FJI,2013,10.722516
Fiji,FJI,2019,7.907095
Finland,FIN,2000,43.182106
Finland,FIN,2003,45.78529
Finland,FIN,2004,47.995316
Finland,FIN,2005,49.62122
Finland,FIN,2006,50.39208
Finland,FIN,2007,52.258965
Finland,FIN,2008,52.854214
Finland,FIN,2009,53.891495
Finland,FIN,2010,54.70406
Finland,FIN,2011,55.016285
Finland,FIN,2012,55.148075
Finland,FIN,2013,54.93168
Finland,FIN,2014,54.647556
Finland,FIN,2015,55.147377
Finland,FIN,2016,55.773857
Finland,FIN,2017,56.938305
Finland,FIN,2018,57.83395
Finland,FIN,2019,58.84792
Finland,FIN,2020,58.823315
France,FRA,2000,48.412952
France,FRA,2001,49.683258
France,FRA,2002,50.920994
France,FRA,2003,47.27195
France,FRA,2004,48.041992
France,FRA,2005,47.45438
France,FRA,2006,46.813747
France,FRA,2007,56.864544
France,FRA,2008,57.36471
France,FRA,2009,57.855083
France,FRA,2010,58.104706
France,FRA,2011,58.40797
France,FRA,2012,57.900997
France,FRA,2013,57.339443
France,FRA,2014,57.99005
France,FRA,2015,58.73825
France,FRA,2016,58.948044
France,FRA,2017,58.61371
France,FRA,2018,59.58233
France,FRA,2019,56.188953
France,FRA,2020,57.39693
Gabon,GAB,2005,8.769626
Gabon,GAB,2017,12.336923
Gambia,GMB,2003,3.3053315
Gambia,GMB,2010,4.4213853
Gambia,GMB,2015,5.0999484
Gambia,GMB,2020,5.0846157
Georgia,GEO,2000,4.787829
Georgia,GEO,2001,4.5777016
Georgia,GEO,2002,5.840187
Georgia,GEO,2003,5.779569
Georgia,GEO,2004,5.979111
Georgia,GEO,2005,5.8997717
Georgia,GEO,2006,5.790452
Georgia,GEO,2007,5.7105002
Georgia,GEO,2008,6.1720233
Georgia,GEO,2009,6.1179247
Georgia,GEO,2010,6.0811257
Georgia,GEO,2011,6.3028097
Georgia,GEO,2012,6.764418
Georgia,GEO,2013,7.425474
Georgia,GEO,2014,7.756351
Georgia,GEO,2015,7.8262553
Georgia,GEO,2016,7.8907957
Georgia,GEO,2017,8.1343155
Georgia,GEO,2018,7.967622
Georgia,GEO,2019,7.974502
Georgia,GEO,2020,7.2556868
Germany,DEU,2000,55.479446
Germany,DEU,2001,55.530117
Germany,DEU,2002,56.485626
Germany,DEU,2003,56.06244
Germany,DEU,2004,56.658512
Germany,DEU,2005,56.769794
Germany,DEU,2006,57.200115
Germany,DEU,2007,57.989445
Germany,DEU,2008,57.79535
Germany,DEU,2009,57.861122
Germany,DEU,2010,58.09774
Germany,DEU,2011,58.468826
Germany,DEU,2012,58.35755
Germany,DEU,2013,59.01468
Germany,DEU,2014,58.675476
Germany,DEU,2015,60.74443
Germany,DEU,2016,62.03455
Germany,DEU,2017,62.168064
Germany,DEU,2018,64.828156
Germany,DEU,2019,65.8802
Ghana,GHA,2005,3.4013898
Ghana,GHA,2012,4.8423386
Ghana,GHA,2016,5.0892043
Greece,GRC,2000,31.3906
Greece,GRC,2003,36.23481
Greece,GRC,2004,38.18926
Greece,GRC,2005,38.6081
Greece,GRC,2006,38.96314
Greece,GRC,2007,40.096073
Greece,GRC,2008,40.74054
Greece,GRC,2009,41.358376
Greece,GRC,2010,35.855927
Greece,GRC,2011,29.75199
Greece,GRC,2012,25.82806
Greece,GRC,2013,24.668114
Greece,GRC,2014,24.581244
Greece,GRC,2015,24.9828
Greece,GRC,2016,25.508963
Greece,GRC,2017,25.891918
Greece,GRC,2018,26.78906
Greece,GRC,2019,28.479956
Greece,GRC,2020,28.807537
Guatemala,GTM,2000,11.818862
Guatemala,GTM,2006,12.075462
Guatemala,GTM,2014,9.400289
Guinea,GIN,2002,2.8825688
Guinea,GIN,2007,3.0338628
Guinea,GIN,2012,3.8603375
Guinea,GIN,2018,4.3981633
Guinea-Bissau,GNB,2002,2.5909805
Guinea-Bissau,GNB,2010,2.592875
Guinea-Bissau,GNB,2018,4.2062955
Haiti,HTI,2001,2.6675026
Haiti,HTI,2012,4.2382593
Honduras,HND,2001,10.103104
Honduras,HND,2002,8.853269
Honduras,HND,2003,8.334812
Honduras,HND,2004,8.615843
Honduras,HND,2005,9.401221
Honduras,HND,2006,10.25242
Honduras,HND,2007,11.104082
Honduras,HND,2008,11.464481
Honduras,HND,2009,11.26711
Honduras,HND,2010,11.177391
Honduras,HND,2011,10.746514
Honduras,HND,2012,9.609442
Honduras,HND,2013,9.594014
Honduras,HND,2014,9.804358
Honduras,HND,2015,9.720328
Honduras,HND,2016,10.207126
Honduras,HND,2017,10.05646
Honduras,HND,2018,10.030733
Honduras,HND,2019,10.123918
Hungary,HUN,2000,13.002371
Hungary,HUN,2001,14.841366
Hungary,HUN,2002,15.158975
Hungary,HUN,2003,16.935041
Hungary,HUN,2004,17.599497
Hungary,HUN,2005,17.959019
Hungary,HUN,2006,17.73748
Hungary,HUN,2007,18.160532
Hungary,HUN,2008,20.353628
Hungary,HUN,2009,19.391354
Hungary,HUN,2010,20.179857
Hungary,HUN,2011,20.404638
Hungary,HUN,2012,19.311699
Hungary,HUN,2013,19.983582
Hungary,HUN,2014,21.001366
Hungary,HUN,2015,22.04142
Hungary,HUN,2016,23.005304
Hungary,HUN,2017,24.18835
Hungary,HUN,2018,25.938368
Hungary,HUN,2019,28.268663
Hungary,HUN,2020,29.920025
Iceland,ISL,2003,47.62756
Iceland,ISL,2004,48.70927
Iceland,ISL,2005,50.812515
Iceland,ISL,2006,58.23717
Iceland,ISL,2007,61.51092
Iceland,ISL,2008,64.09673
Iceland,ISL,2009,53.803967
Iceland,ISL,2010,47.763638
Iceland,ISL,2011,47.73556
Iceland,ISL,2012,48.72995
Iceland,ISL,2013,49.79197
Iceland,ISL,2014,52.534687
Iceland,ISL,2015,56.094242
Iceland,ISL,2016,60.771545
Iceland,ISL,2017,62.975197
India,IND,2004,3.1682327
India,IND,2009,3.5127728
India,IND,2011,4.0718403
India,IND,2015,4.1701674
India,IND,2016,4.222621
India,IND,2017,4.6792083
India,IND,2018,4.951859
India,IND,2019,4.9689527
India,IND,2020,4.7160296
Indonesia,IDN,2000,2.7923222
Indonesia,IDN,2001,2.9460669
Indonesia,IDN,2002,3.6579816
Indonesia,IDN,2003,3.719512
Indonesia,IDN,2004,3.7046742
Indonesia,IDN,2005,3.8726082
Indonesia,IDN,2006,3.634954
Indonesia,IDN,2007,4.1069508
Indonesia,IDN,2008,4.1252694
Indonesia,IDN,2009,4.309458
Indonesia,IDN,2010,4.811745
Indonesia,IDN,2011,5.3871346
Indonesia,IDN,2012,5.543567
Indonesia,IDN,2013,5.8711524
Indonesia,IDN,2014,6.0430493
Indonesia,IDN,2015,6.364768
Indonesia,IDN,2016,6.6235375
Indonesia,IDN,2017,6.969378
Indonesia,IDN,2018,7.2769794
Indonesia,IDN,2019,7.3372326
Indonesia,IDN,2020,7.507234
Iran,IRN,2005,16.566088
Iran,IRN,2006,17.034643
Iran,IRN,2009,16.420551
Iran,IRN,2013,15.120353
Iran,IRN,2014,15.014485
Iran,IRN,2015,15.013964
Iran,IRN,2016,15.3219385
Iran,IRN,2017,16.525393
Iran,IRN,2018,15.967221
Iran,IRN,2019,14.452303
Iraq,IRQ,2006,10.675802
Iraq,IRQ,2012,11.300911
Ireland,IRL,2000,38.549557
Ireland,IRL,2002,42.435463
Ireland,IRL,2003,43.538357
Ireland,IRL,2004,45.210808
Ireland,IRL,2005,47.47799
Ireland,IRL,2006,50.628605
Ireland,IRL,2007,50.26803
Ireland,IRL,2008,46.431736
Ireland,IRL,2009,45.692474
Ireland,IRL,2010,43.925804
Ireland,IRL,2011,42.747643
Ireland,IRL,2012,43.072876
Ireland,IRL,2013,42.977867
Ireland,IRL,2014,45.091103
Ireland,IRL,2015,46.503025
Ireland,IRL,2016,49.683365
Ireland,IRL,2017,52.798004
Ireland,IRL,2018,54.0526
Ireland,IRL,2019,55.83371
Ireland,IRL,2020,58.019337
Israel,ISR,2001,28.62272
Israel,ISR,2002,25.673964
Israel,ISR,2003,26.536583
Israel,ISR,2004,27.618944
Israel,ISR,2005,28.89179
Israel,ISR,2006,29.44272
Israel,ISR,2007,30.88246
Israel,ISR,2008,31.696861
Israel,ISR,2009,31.740149
Israel,ISR,2010,32.49524
Israel,ISR,2011,32.35995
Israel,ISR,2012,34.30668
Israel,ISR,2013,35.631485
Israel,ISR,2014,36.190224
Israel,ISR,2015,37.301964
Israel,ISR,2016,37.80142
Israel,ISR,2017,39.4594
Israel,ISR,2018,40.9595
Italy,ITA,2000,38.770485
Italy,ITA,2003,47.617977
Italy,ITA,2004,48.988274
Italy,ITA,2005,48.229572
Italy,ITA,2006,49.160313
Italy,ITA,2007,49.464397
Italy,ITA,2008,48.747814
Italy,ITA,2009,49.28424
Italy,ITA,2010,48.38909
Italy,ITA,2011,47.667454
Italy,ITA,2012,45.516342
Italy,ITA,2013,44.99789
Italy,ITA,2014,44.807503
Italy,ITA,2015,45.92574
Italy,ITA,2016,47.02357
Italy,ITA,2017,47.845818
Italy,ITA,2018,48.04955
Italy,ITA,2019,49.89793
Italy,ITA,2020,49.76041
Jamaica,JAM,2002,15.250263
Jamaica,JAM,2004,15.205789
Japan,JPN,2008,42.96584
Japan,JPN,2010,51.814415
Japan,JPN,2013,49.759407
Jordan,JOR,2002,13.742805
Jordan,JOR,2006,15.085861
Jordan,JOR,2008,15.060466
Jordan,JOR,2010,16.92439
Kazakhstan,KAZ,2001,5.579558
Kazakhstan,KAZ,2002,5.8970246
Kazakhstan,KAZ,2003,6.340362
Kazakhstan,KAZ,2004,6.7158327
Kazakhstan,KAZ,2005,7.344752
Kazakhstan,KAZ,2006,8.211945
Kazakhstan,KAZ,2007,9.516656
Kazakhstan,KAZ,2008,9.459716
Kazakhstan,KAZ,2009,9.3359165
Kazakhstan,KAZ,2010,9.928319
Kazakhstan,KAZ,2011,11.784867
Kazakhstan,KAZ,2012,11.992633
Kazakhstan,KAZ,2013,12.570521
Kazakhstan,KAZ,2014,12.284417
Kazakhstan,KAZ,2015,11.724289
Kazakhstan,KAZ,2016,10.840452
Kazakhstan,KAZ,2017,11.666905
Kazakhstan,KAZ,2018,12.426413
Kenya,KEN,2005,4.1477604
Kenya,KEN,2015,4.246111
Kenya,KEN,2020,3.504944
Kiribati,KIR,2006,5.5491967
Kiribati,KIR,2019,6.249745
Kosovo,OWID_KOS,2003,6.2729945
Kosovo,OWID_KOS,2005,6.4570446
Kosovo,OWID_KOS,2006,6.342524
Kosovo,OWID_KOS,2009,7.254176
Kosovo,OWID_KOS,2010,7.524888
Kosovo,OWID_KOS,2011,7.2556415
Kosovo,OWID_KOS,2012,8.682335
Kosovo,OWID_KOS,2013,8.773468
Kosovo,OWID_KOS,2014,8.761588
Kosovo,OWID_KOS,2015,9.126698
Kosovo,OWID_KOS,2016,9.245114
Kosovo,OWID_KOS,2017,9.534211
Kyrgyzstan,KGZ,2000,3.0150547
Kyrgyzstan,KGZ,2001,3.1913178
Kyrgyzstan,KGZ,2002,3.27305
Kyrgyzstan,KGZ,2003,3.4407747
Kyrgyzstan,KGZ,2004,5.133829
Kyrgyzstan,KGZ,2005,4.5893016
Kyrgyzstan,KGZ,2006,6.0242286
Kyrgyzstan,KGZ,2007,5.7241178
Kyrgyzstan,KGZ,2008,6.4288306
Kyrgyzstan,KGZ,2009,6.5638337
Kyrgyzstan,KGZ,2010,6.252797
Kyrgyzstan,KGZ,2011,6.234865
Kyrgyzstan,KGZ,2012,6.0204897
Kyrgyzstan,KGZ,2013,5.9344797
Kyrgyzstan,KGZ,2014,6.201909
Kyrgyzstan,KGZ,2015,6.099403
Kyrgyzstan,KGZ,2016,6.2206945
Kyrgyzstan,KGZ,2017,6.263398
Kyrgyzstan,KGZ,2018,6.6944466
Kyrgyzstan,KGZ,2019,7.092162
Kyrgyzstan,KGZ,2020,6.453587
Laos,LAO,2002,3.7089078
Laos,LAO,2007,4.24813
Laos,LAO,2012,5.4102516
Laos,LAO,2018,6.5213118
Latvia,LVA,2002,13.785536
Latvia,LVA,2003,15.725538
Latvia,LVA,2004,15.709411
Latvia,LVA,2005,15.965243
Latvia,LVA,2006,18.955545
Latvia,LVA,2007,22.095917
Latvia,LVA,2008,22.10655
Latvia,LVA,2009,17.992409
Latvia,LVA,2010,18.686008
Latvia,LVA,2011,19.090565
Latvia,LVA,2012,19.6108
Latvia,LVA,2013,21.707752
Latvia,LVA,2014,23.792522
Latvia,LVA,2015,25.567734
Latvia,LVA,2016,26.854511
Latvia,LVA,2017,29.116701
Latvia,LVA,2018,31.703873
Latvia,LVA,2019,32.93046
Latvia,LVA,2020,35.50227
Lebanon,LBN,2011,30.786077
Lesotho,LSO,2002,2.2633884
Lesotho,LSO,2017,4.643397
Liberia,LBR,2007,2.5444844
Liberia,LBR,2014,3.8503475
Liberia,LBR,2016,3.8830717
Lithuania,LTU,2000,11.413488
Lithuania,LTU,2001,11.358332
Lithuania,LTU,2002,11.346375
Lithuania,LTU,2003,15.620501
Lithuania,LTU,2004,16.191158
Lithuania,LTU,2005,16.337477
Lithuania,LTU,2006,20.34671
Lithuania,LTU,2007,24.14322
Lithuania,LTU,2008,20.905283
Lithuania,LTU,2009,21.418568
Lithuania,LTU,2010,19.27052
Lithuania,LTU,2011,21.071733
Lithuania,LTU,2012,22.689077
Lithuania,LTU,2013,23.699741
Lithuania,LTU,2014,25.893473
Lithuania,LTU,2015,28.506914
Lithuania,LTU,2016,30.497742
Lithuania,LTU,2017,32.47665
Lithuania,LTU,2018,34.874474
Lithuania,LTU,2019,38.387245
Lithuania,LTU,2020,43.674473
Luxembourg,LUX,2000,70.98843
Luxembourg,LUX,2001,72.98513
Luxembourg,LUX,2002,77.62498
Luxembourg,LUX,2003,75.69985
Luxembourg,LUX,2004,77.74665
Luxembourg,LUX,2005,80.36772
Luxembourg,LUX,2006,79.43603
Luxembourg,LUX,2007,80.47452
Luxembourg,LUX,2008,80.2325
Luxembourg,LUX,2009,79.941826
Luxembourg,LUX,2010,78.4369
Luxembourg,LUX,2011,77.5216
Luxembourg,LUX,2012,78.58543
Luxembourg,LUX,2013,78.07041
Luxembourg,LUX,2014,78.79975
Luxembourg,LUX,2015,73.59554
Luxembourg,LUX,2016,79.74073
Luxembourg,LUX,2017,79.896805
Luxembourg,LUX,2018,83.90756
Luxembourg,LUX,2019,84.45369
Luxembourg,LUX,2020,93.3278
Madagascar,MDG,2001,2.0861561
Madagascar,MDG,2005,1.9466348
Madagascar,MDG,2010,1.6936437
Madagascar,MDG,2012,1.5906631
Malawi,MWI,2004,2.188526
Malawi,MWI,2010,2.2742374
Malawi,MWI,2016,2.5000184
Malawi,MWI,2019,2.0693629
Malaysia,MYS,2003,16.595552
Malaysia,MYS,2006,18.103273
Malaysia,MYS,2008,18.898396
Malaysia,MYS,2011,23.169909
Malaysia,MYS,2013,26.415785
Malaysia,MYS,2015,29.363651
Malaysia,MYS,2018,32.81152
Maldives,MDV,2002,7.0562325
Maldives,MDV,2009,8.724323
Maldives,MDV,2016,19.446728
Maldives,MDV,2019,18.690468
Mali,MLI,2001,2.5940828
Mali,MLI,2006,2.9170415
Mali,MLI,2009,2.762389
Mali,MLI,2018,4.9264207
Malta,MLT,2006,34.6697
Malta,MLT,2007,37.78859
Malta,MLT,2008,38.769512
Malta,MLT,2009,38.025684
Malta,MLT,2010,38.50439
Malta,MLT,2011,39.286125
Malta,MLT,2012,40.694347
Malta,MLT,2013,42.881447
Malta,MLT,2014,45.409103
Malta,MLT,2015,45.628784
Malta,MLT,2016,48.517315
Malta,MLT,2017,48.852325
Malta,MLT,2018,50.075417
Malta,MLT,2019,54.549507
Malta,MLT,2020,56.98933
Marshall Islands,MHL,2019,11.563809
Mauritania,MRT,2000,4.8774137
Mauritania,MRT,2004,5.0305448
Mauritania,MRT,2008,5.7642055
Mauritania,MRT,2014,6.3064885
Mauritius,MUS,2006,13.17084
Mauritius,MUS,2012,14.941819
Mauritius,MUS,2017,16.509262
Mexico,MEX,2000,12.017591
Mexico,MEX,2002,12.008313
Mexico,MEX,2004,12.858806
Mexico,MEX,2005,13.058494
Mexico,MEX,2006,13.755319
Mexico,MEX,2008,13.971518
Mexico,MEX,2010,13.02233
Mexico,MEX,2012,14.081431
Mexico,MEX,2014,13.412836
Mexico,MEX,2016,14.360002
Mexico,MEX,2018,14.673074
Mexico,MEX,2020,13.972701
Micronesia (country),FSM,2005,7.9910336
Micronesia (country),FSM,2013,5.557104
Moldova,MDA,2000,3.678195
Moldova,MDA,2001,4.376848
Moldova,MDA,2002,5.3937883
Moldova,MDA,2003,6.438567
Moldova,MDA,2004,6.325616
Moldova,MDA,2005,5.720204
Moldova,MDA,2006,9.727035
Moldova,MDA,2007,10.997579
Moldova,MDA,2008,10.72482
Moldova,MDA,2009,10.706347
Moldova,MDA,2010,10.93581
Moldova,MDA,2011,11.217984
Moldova,MDA,2012,10.957044
Moldova,MDA,2013,11.721873
Moldova,MDA,2014,11.427107
Moldova,MDA,2015,11.800105
Moldova,MDA,2016,11.455086
Moldova,MDA,2017,11.499222
Moldova,MDA,2018,11.911888
Moldova,MDA,2019,12.118137
Mongolia,MNG,2002,5.262573
Mongolia,MNG,2007,8.620323
Mongolia,MNG,2010,8.488634
Mongolia,MNG,2011,9.34378
Mongolia,MNG,2012,10.747517
Mongolia,MNG,2014,11.207575
Mongolia,MNG,2016,9.27549
Mongolia,MNG,2018,9.861787
Montenegro,MNE,2005,14.561748
Montenegro,MNE,2006,15.071901
Montenegro,MNE,2007,18.540245
Montenegro,MNE,2008,19.495413
Montenegro,MNE,2009,19.127317
Montenegro,MNE,2010,17.291336
Montenegro,MNE,2011,17.025528
Montenegro,MNE,2012,15.97109
Montenegro,MNE,2013,16.23704
Montenegro,MNE,2014,17.056917
Montenegro,MNE,2015,16.203938
Montenegro,MNE,2016,17.702024
Montenegro,MNE,2017,17.451576
Montenegro,MNE,2018,16.97131
Morocco,MAR,2000,6.841508
Morocco,MAR,2006,8.266075
Morocco,MAR,2013,10.565216
Mozambique,MOZ,2002,1.7691997
Mozambique,MOZ,2008,2.12334
Mozambique,MOZ,2014,2.8693712
Mozambique,MOZ,2019,2.102978
Myanmar,MMR,2015,6.4148016
Myanmar,MMR,2017,6.5798388
Namibia,NAM,2003,7.186805
Namibia,NAM,2009,8.061874
Namibia,NAM,2015,11.654414
Nauru,NRU,2012,6.968661
Nepal,NPL,2003,3.784308
Nepal,NPL,2010,5.1934714
Netherlands,NLD,2004,51.457844
Netherlands,NLD,2005,52.006893
Netherlands,NLD,2006,55.24142
Netherlands,NLD,2007,57.881798
Netherlands,NLD,2008,57.809143
Netherlands,NLD,2009,56.971714
Netherlands,NLD,2010,56.274334
Netherlands,NLD,2011,55.625694
Netherlands,NLD,2012,54.85407
Netherlands,NLD,2013,53.74408
Netherlands,NLD,2014,54.617275
Netherlands,NLD,2015,57.8778
Netherlands,NLD,2016,59.79713
Netherlands,NLD,2017,60.272034
Netherlands,NLD,2018,60.400482
Netherlands,NLD,2019,62.714798
Netherlands,NLD,2020,64.17478
Nicaragua,NIC,2001,5.589559
Nicaragua,NIC,2005,5.5286202
Nicaragua,NIC,2009,8.542109
Nicaragua,NIC,2014,11.715201
Niger,NER,2005,1.714574
Niger,NER,2007,1.7935169
Niger,NER,2011,2.3193524
Niger,NER,2014,2.553734
Niger,NER,2018,2.8514702
Nigeria,NGA,2003,2.916659
Nigeria,NGA,2010,3.4995387
Nigeria,NGA,2012,3.5503323
Nigeria,NGA,2015,3.6770484
Nigeria,NGA,2018,3.65593
North Macedonia,MKD,2000,7.5876727
North Macedonia,MKD,2002,12.628212
North Macedonia,MKD,2003,12.344031
North Macedonia,MKD,2004,15.42148
North Macedonia,MKD,2005,13.291702
North Macedonia,MKD,2006,13.701884
North Macedonia,MKD,2008,18.359125
North Macedonia,MKD,2009,10.458096
North Macedonia,MKD,2010,10.451988
North Macedonia,MKD,2011,10.804686
North Macedonia,MKD,2012,10.866774
North Macedonia,MKD,2013,10.869775
North Macedonia,MKD,2014,11.574677
North Macedonia,MKD,2015,12.077999
North Macedonia,MKD,2016,12.803064
North Macedonia,MKD,2017,13.330495
North Macedonia,MKD,2018,13.6853485
North Macedonia,MKD,2019,14.949108
Norway,NOR,2000,49.768482
Norway,NOR,2003,52.965717
Norway,NOR,2004,55.967266
Norway,NOR,2005,57.343586
Norway,NOR,2006,55.09024
Norway,NOR,2007,60.889164
Norway,NOR,2008,63.073105
Norway,NOR,2009,63.138546
Norway,NOR,2010,63.329502
Norway,NOR,2011,66.44732
Norway,NOR,2012,67.97852
Norway,NOR,2013,71.33918
Norway,NOR,2014,72.47337
Norway,NOR,2015,73.342834
Norway,NOR,2016,72.972916
Norway,NOR,2017,71.553444
Norway,NOR,2018,72.11625
Norway,NOR,2019,74.058846
Pakistan,PAK,2001,3.0904586
Pakistan,PAK,2004,3.7691586
Pakistan,PAK,2005,3.797388
Pakistan,PAK,2007,3.9781582
Pakistan,PAK,2010,4.2927957
Pakistan,PAK,2011,4.394214
Pakistan,PAK,2013,4.6759286
Pakistan,PAK,2015,5.11501
Pakistan,PAK,2018,4.9754863
Palestine,PSE,2004,12.85836
Palestine,PSE,2005,13.402979
Palestine,PSE,2006,13.433589
Palestine,PSE,2007,12.362347
Palestine,PSE,2009,14.173011
Palestine,PSE,2010,14.301447
Palestine,PSE,2011,14.273266
Palestine,PSE,2016,13.825653
Panama,PAN,2000,17.932035
Panama,PAN,2001,15.78043
Panama,PAN,2002,17.242832
Panama,PAN,2003,17.540108
Panama,PAN,2004,17.854128
Panama,PAN,2005,17.621435
Panama,PAN,2006,17.849953
Panama,PAN,2007,18.655634
Panama,PAN,2008,22.480272
Panama,PAN,2009,22.541447
Panama,PAN,2010,23.082123
Panama,PAN,2011,25.549213
Panama,PAN,2012,25.858727
Panama,PAN,2013,26.787373
Panama,PAN,2014,26.911156
Panama,PAN,2015,29.395918
Panama,PAN,2016,30.89259
Panama,PAN,2017,30.720894
Panama,PAN,2018,32.38717
Panama,PAN,2019,33.49605
Papua New Guinea,PNG,2009,3.4707556
Paraguay,PRY,2001,14.844879
Paraguay,PRY,2002,12.036213
Paraguay,PRY,2003,13.633398
Paraguay,PRY,2004,13.338382
Paraguay,PRY,2005,14.012987
Paraguay,PRY,2006,13.0792675
Paraguay,PRY,2007,14.01047
Paraguay,PRY,2008,14.569523
Paraguay,PRY,2009,14.163759
Paraguay,PRY,2010,15.420183
Paraguay,PRY,2011,16.985739
Paraguay,PRY,2012,16.86829
Paraguay,PRY,2013,18.847572
Paraguay,PRY,2014,20.109123
Paraguay,PRY,2015,19.008783
Paraguay,PRY,2016,18.43332
Paraguay,PRY,2017,19.412132
Paraguay,PRY,2018,19.234015
Paraguay,PRY,2019,19.460018
Paraguay,PRY,2020,17.204102
Peru,PER,2000,7.724779
Peru,PER,2001,7.800854
Peru,PER,2002,9.006845
Peru,PER,2003,9.341801
Peru,PER,2004,8.506464
Peru,PER,2005,8.138043
Peru,PER,2006,9.159106
Peru,PER,2007,10.293433
Peru,PER,2008,10.678817
Peru,PER,2009,11.142635
Peru,PER,2010,11.659982
Peru,PER,2011,12.051245
Peru,PER,2012,12.716904
Peru,PER,2013,12.843286
Peru,PER,2014,12.9072275
Peru,PER,2015,13.030817
Peru,PER,2016,13.476872
Peru,PER,2017,13.282298
Peru,PER,2018,13.617012
Peru,PER,2019,13.797074
Peru,PER,2020,10.872373
Philippines,PHL,2000,5.9140825
Philippines,PHL,2003,6.0221963
Philippines,PHL,2006,6.128274
Philippines,PHL,2009,6.430517
Philippines,PHL,2012,6.3335896
Philippines,PHL,2015,6.7604713
Philippines,PHL,2018,7.049608
Poland,POL,2000,14.412838
Poland,POL,2001,14.230325
Poland,POL,2002,14.353325
Poland,POL,2003,15.857881
Poland,POL,2004,16.538437
Poland,POL,2005,14.825581
Poland,POL,2006,15.776737
Poland,POL,2007,16.756744
Poland,POL,2008,17.955471
Poland,POL,2009,18.279749
Poland,POL,2010,18.437454
Poland,POL,2011,18.172451
Poland,POL,2012,18.062855
Poland,POL,2013,18.262548
Poland,POL,2014,18.514858
Poland,POL,2015,18.881311
Poland,POL,2016,19.745012
Poland,POL,2017,20.121948
Poland,POL,2018,19.909864
Poland,POL,2019,20.499294
Portugal,PRT,2003,29.867062
Portugal,PRT,2004,30.854956
Portugal,PRT,2005,30.764275
Portugal,PRT,2006,31.310593
Portugal,PRT,2007,31.540648
Portugal,PRT,2008,31.261345
Portugal,PRT,2009,31.9568
Portugal,PRT,2010,31.407177
Portugal,PRT,2011,30.074615
Portugal,PRT,2012,28.316792
Portugal,PRT,2013,28.250164
Portugal,PRT,2014,28.754501
Portugal,PRT,2015,30.269053
Portugal,PRT,2016,31.039732
Portugal,PRT,2017,31.258413
Portugal,PRT,2018,32.989956
Portugal,PRT,2019,35.261925
Portugal,PRT,2020,36.582508
Romania,ROU,2000,5.6454616
Romania,ROU,2001,6.2233534
Romania,ROU,2002,6.4344735
Romania,ROU,2003,6.8291745
Romania,ROU,2004,7.6105003
Romania,ROU,2005,8.039208
Romania,ROU,2006,8.215118
Romania,ROU,2007,8.989556
Romania,ROU,2008,10.6638
Romania,ROU,2009,10.845435
Romania,ROU,2010,10.410949
Romania,ROU,2011,10.195717
Romania,ROU,2012,10.394722
Romania,ROU,2013,10.462065
Romania,ROU,2014,11.438276
Romania,ROU,2015,12.340567
Romania,ROU,2016,11.995921
Romania,ROU,2017,17.608608
Romania,ROU,2018,14.344637
Romania,ROU,2019,21.466862
Romania,ROU,2020,24.0669
Russia,RUS,2000,9.829374
Russia,RUS,2001,11.063907
Russia,RUS,2002,12.2598505
Russia,RUS,2003,13.503799
Russia,RUS,2004,14.561733
Russia,RUS,2005,16.01569
Russia,RUS,2006,17.439528
Russia,RUS,2007,20.223497
Russia,RUS,2008,22.377516
Russia,RUS,2009,21.34907
Russia,RUS,2010,22.963923
Russia,RUS,2011,23.861631
Russia,RUS,2012,25.107235
Russia,RUS,2013,25.646017
Russia,RUS,2014,25.181019
Russia,RUS,2015,23.061457
Russia,RUS,2016,22.523245
Russia,RUS,2017,22.569801
Russia,RUS,2018,22.866001
Russia,RUS,2019,23.716806
Russia,RUS,2020,22.53016
Rwanda,RWA,2000,2.1125212
Rwanda,RWA,2005,2.737333
Rwanda,RWA,2010,2.9102585
Rwanda,RWA,2013,3.1020057
Rwanda,RWA,2016,3.0867956
Saint Lucia,LCA,2016,20.053469
Samoa,WSM,2002,10.130468
Samoa,WSM,2008,10.775027
Samoa,WSM,2013,10.204718
Sao Tome and Principe,STP,2000,4.157789
Sao Tome and Principe,STP,2010,3.8277445
Sao Tome and Principe,STP,2017,5.461851
Senegal,SEN,2001,2.9343681
Senegal,SEN,2005,3.3156269
Senegal,SEN,2011,3.3641634
Senegal,SEN,2018,5.9815583
Serbia,SRB,2002,16.383299
Serbia,SRB,2003,14.633918
Serbia,SRB,2004,13.689799
Serbia,SRB,2005,14.6267395
Serbia,SRB,2006,13.725325
Serbia,SRB,2007,13.856193
Serbia,SRB,2008,14.112626
Serbia,SRB,2009,13.890448
Serbia,SRB,2010,13.446087
Serbia,SRB,2012,14.206493
Serbia,SRB,2013,13.32853
Serbia,SRB,2014,13.112411
Serbia,SRB,2015,15.033198
Serbia,SRB,2016,13.753367
Serbia,SRB,2017,13.836538
Serbia,SRB,2018,16.323616
Serbia,SRB,2019,15.290704
Serbia,SRB,2020,19.22925
Seychelles,SYC,2006,18.315765
Seychelles,SYC,2013,24.125065
Seychelles,SYC,2018,22.251562
Sierra Leone,SLE,2003,2.4678507
Sierra Leone,SLE,2011,3.1890147
Sierra Leone,SLE,2018,3.8859947
Slovakia,SVK,2004,13.664741
Slovakia,SVK,2005,15.739476
Slovakia,SVK,2006,17.41393
Slovakia,SVK,2007,17.716352
Slovakia,SVK,2008,18.000027
Slovakia,SVK,2009,16.559057
Slovakia,SVK,2010,23.68542
Slovakia,SVK,2011,24.581226
Slovakia,SVK,2012,22.556124
Slovakia,SVK,2013,23.145323
Slovakia,SVK,2014,22.56739
Slovakia,SVK,2015,23.039812
Slovakia,SVK,2016,23.304148
Slovakia,SVK,2017,24.037453
Slovakia,SVK,2018,25.395718
Slovakia,SVK,2019,26.04364
Slovenia,SVN,2002,27.584208
Slovenia,SVN,2003,27.232477
Slovenia,SVN,2004,33.349247
Slovenia,SVN,2005,34.52493
Slovenia,SVN,2006,35.744915
Slovenia,SVN,2007,37.609467
Slovenia,SVN,2008,38.729073
Slovenia,SVN,2009,38.98301
Slovenia,SVN,2010,39.037468
Slovenia,SVN,2011,38.704117
Slovenia,SVN,2012,37.106594
Slovenia,SVN,2013,36.907825
Slovenia,SVN,2014,37.816
Slovenia,SVN,2015,37.95815
Slovenia,SVN,2016,39.101276
Slovenia,SVN,2017,40.017612
Slovenia,SVN,2018,42.537228
Slovenia,SVN,2019,43.449783
Slovenia,SVN,2020,45.5951
Solomon Islands,SLB,2005,3.208987
Solomon Islands,SLB,2012,4.0241327
South Africa,ZAF,2000,6.417391
South Africa,ZAF,2005,9.539003
South Africa,ZAF,2008,12.030882
South Africa,ZAF,2010,12.693399
South Africa,ZAF,2014,11.943058
South Korea,KOR,2006,35.735218
South Korea,KOR,2008,36.929707
South Korea,KOR,2010,37.440643
South Korea,KOR,2012,39.524494
South Korea,KOR,2014,41.450096
South Korea,KOR,2016,43.20893
South Sudan,SSD,2009,4.444718
South Sudan,SSD,2016,2.1500797
Spain,ESP,2000,37.22118
Spain,ESP,2003,38.43699
Spain,ESP,2004,38.938232
Spain,ESP,2005,39.938293
Spain,ESP,2006,40.30653
Spain,ESP,2007,48.051796
Spain,ESP,2008,48.861565
Spain,ESP,2009,48.803192
Spain,ESP,2010,46.150215
Spain,ESP,2011,44.42341
Spain,ESP,2012,42.32387
Spain,ESP,2013,41.165993
Spain,ESP,2014,41.376926
Spain,ESP,2015,42.567513
Spain,ESP,2016,44.1224
Spain,ESP,2017,44.59995
Spain,ESP,2018,44.850605
Spain,ESP,2019,46.866184
Spain,ESP,2020,46.99942
Sri Lanka,LKA,2002,5.8335056
Sri Lanka,LKA,2006,6.8615546
Sri Lanka,LKA,2009,6.9114547
Sri Lanka,LKA,2012,7.875568
Sri Lanka,LKA,2016,9.070544
Sri Lanka,LKA,2019,9.24845
Sudan,SDN,2009,4.674115
Sudan,SDN,2014,4.5637417
Sweden,SWE,2000,40.509975
Sweden,SWE,2002,43.656197
Sweden,SWE,2003,39.9142
Sweden,SWE,2004,40.97629
Sweden,SWE,2005,41.38291
Sweden,SWE,2006,43.846264
Sweden,SWE,2007,46.474354
Sweden,SWE,2008,48.01049
Sweden,SWE,2009,48.31235
Sweden,SWE,2010,49.06204
Sweden,SWE,2011,49.572586
Sweden,SWE,2012,50.734734
Sweden,SWE,2013,52.060204
Sweden,SWE,2014,53.293903
Sweden,SWE,2015,55.136566
Sweden,SWE,2016,56.00129
Sweden,SWE,2017,55.96465
Sweden,SWE,2018,56.58664
Sweden,SWE,2019,57.701225
Sweden,SWE,2020,58.80761
Switzerland,CHE,2000,68.673805
Switzerland,CHE,2002,70.95938
Switzerland,CHE,2006,71.8678
Switzerland,CHE,2007,73.74803
Switzerland,CHE,2008,74.26698
Switzerland,CHE,2009,73.953285
Switzerland,CHE,2010,74.2322
Switzerland,CHE,2011,75.28656
Switzerland,CHE,2012,77.147934
Switzerland,CHE,2013,76.787605
Switzerland,CHE,2014,77.71382
Switzerland,CHE,2015,77.35655
Switzerland,CHE,2016,78.754654
Switzerland,CHE,2017,78.50205
Switzerland,CHE,2018,77.10288
Syria,SYR,2003,9.303087
Taiwan,TWN,2000,48.02651
Taiwan,TWN,2005,47.876114
Taiwan,TWN,2007,45.436165
Taiwan,TWN,2010,42.24886
Taiwan,TWN,2013,42.89923
Taiwan,TWN,2016,45.793518
Tajikistan,TJK,2003,3.1423593
Tajikistan,TJK,2004,4.1620893
Tajikistan,TJK,2007,4.7246003
Tajikistan,TJK,2009,5.566657
Tajikistan,TJK,2015,6.518495
Tanzania,TZA,2000,1.4235556
Tanzania,TZA,2007,2.6591427
Tanzania,TZA,2011,3.1143703
Tanzania,TZA,2018,3.29475
Thailand,THA,2000,8.566593
Thailand,THA,2002,9.684543
Thailand,THA,2004,10.929816
Thailand,THA,2006,12.251189
Thailand,THA,2007,12.206771
Thailand,THA,2008,12.90028
Thailand,THA,2009,13.342325
Thailand,THA,2010,13.767732
Thailand,THA,2011,13.974327
Thailand,THA,2012,15.064871
Thailand,THA,2013,15.3041935
Thailand,THA,2014,15.277691
Thailand,THA,2015,15.9913435
Thailand,THA,2016,16.005253
Thailand,THA,2017,16.25334
Thailand,THA,2018,15.99203
Thailand,THA,2019,16.043337
Thailand,THA,2020,16.38857
Togo,TGO,2006,2.539534
Togo,TGO,2011,2.6622412
Togo,TGO,2015,2.728988
Togo,TGO,2018,4.5476894
Tonga,TON,2000,11.346528
Tonga,TON,2009,10.596419
Tonga,TON,2015,8.450248
Tunisia,TUN,2000,9.062097
Tunisia,TUN,2005,9.98102
Tunisia,TUN,2010,11.659965
Tunisia,TUN,2015,13.77579
Turkey,TUR,2002,11.408101
Turkey,TUR,2003,10.84496
Turkey,TUR,2004,13.327562
Turkey,TUR,2005,14.167987
Turkey,TUR,2006,14.237841
Turkey,TUR,2007,15.0125
Turkey,TUR,2008,16.608337
Turkey,TUR,2009,16.43421
Turkey,TUR,2010,16.712503
Turkey,TUR,2011,18.282196
Turkey,TUR,2012,18.987917
Turkey,TUR,2013,19.759832
Turkey,TUR,2014,20.637297
Turkey,TUR,2015,20.675306
Turkey,TUR,2016,21.68154
Turkey,TUR,2017,22.078205
Turkey,TUR,2018,22.545925
Turkey,TUR,2019,22.202902
Tuvalu,TUV,2010,8.368612
Uganda,UGA,2002,2.4425375
Uganda,UGA,2005,2.7186391
Uganda,UGA,2009,3.3758519
Uganda,UGA,2012,3.6843333
Uganda,UGA,2016,3.5436823
Uganda,UGA,2019,3.5151083
Ukraine,UKR,2002,6.8155885
Ukraine,UKR,2003,7.630714
Ukraine,UKR,2004,8.542663
Ukraine,UKR,2005,10.136439
Ukraine,UKR,2006,10.973013
Ukraine,UKR,2007,10.431301
Ukraine,UKR,2008,11.943635
Ukraine,UKR,2009,11.064782
Ukraine,UKR,2010,11.802624
Ukraine,UKR,2011,12.262779
Ukraine,UKR,2012,12.772745
Ukraine,UKR,2013,13.491664
Ukraine,UKR,2014,12.981751
Ukraine,UKR,2015,11.70123
Ukraine,UKR,2016,11.858196
Ukraine,UKR,2017,12.998967
Ukraine,UKR,2018,13.589137
Ukraine,UKR,2019,14.921345
Ukraine,UKR,2020,14.315957
United Arab Emirates,ARE,2013,72.45095
United Kingdom,GBR,2000,49.350037
United Kingdom,GBR,2001,49.957417
United Kingdom,GBR,2002,48.501163
United Kingdom,GBR,2003,49.402187
United Kingdom,GBR,2004,51.11588
United Kingdom,GBR,2005,52.126556
United Kingdom,GBR,2006,53.071316
United Kingdom,GBR,2007,52.963966
United Kingdom,GBR,2008,53.909813
United Kingdom,GBR,2009,53.458054
United Kingdom,GBR,2010,52.073654
United Kingdom,GBR,2011,50.91064
United Kingdom,GBR,2012,50.74094
United Kingdom,GBR,2013,51.036324
United Kingdom,GBR,2014,52.558216
United Kingdom,GBR,2015,53.34826
United Kingdom,GBR,2016,53.652657
United Kingdom,GBR,2017,53.333534
United Kingdom,GBR,2018,54.414413
United Kingdom,GBR,2019,55.15668
United Kingdom,GBR,2020,54.88597
United States,USA,2000,68.31815
United States,USA,2001,68.300095
United States,USA,2002,68.46806
United States,USA,2003,69.507126
United States,USA,2004,69.18547
United States,USA,2005,70.6384
United States,USA,2006,71.83583
United States,USA,2007,71.34738
United States,USA,2008,69.42073
United States,USA,2009,70.32472
United States,USA,2010,68.57991
United States,USA,2011,69.40685
United States,USA,2012,69.66228
United States,USA,2013,69.23176
United States,USA,2014,69.65698
United States,USA,2015,72.29066
United States,USA,2016,75.629875
United States,USA,2017,76.575714
United States,USA,2018,80.585686
United States,USA,2019,85.874725
United States,USA,2020,88.01251
Uruguay,URY,2006,18.902157
Uruguay,URY,2007,20.617388
Uruguay,URY,2008,22.637148
Uruguay,URY,2009,24.285551
Uruguay,URY,2010,24.381975
Uruguay,URY,2011,26.231438
Uruguay,URY,2012,26.210945
Uruguay,URY,2013,27.271982
Uruguay,URY,2014,28.784662
Uruguay,URY,2015,29.201385
Uruguay,URY,2016,28.659866
Uruguay,URY,2017,29.761375
Uruguay,URY,2018,29.275402
Uruguay,URY,2019,28.779291
Uruguay,URY,2020,26.61604
Uzbekistan,UZB,2000,1.5871867
Uzbekistan,UZB,2002,1.685342
Uzbekistan,UZB,2003,1.6019452
Vanuatu,VUT,2010,5.2963414
Vanuatu,VUT,2019,5.431598
Venezuela,VEN,2001,9.818652
Venezuela,VEN,2002,8.087051
Venezuela,VEN,2003,6.8498464
Venezuela,VEN,2004,7.672564
Venezuela,VEN,2005,9.610654
Venezuela,VEN,2006,11.777487
Vietnam,VNM,2002,3.8376172
Vietnam,VNM,2004,4.5263085
Vietnam,VNM,2006,5.053988
Vietnam,VNM,2008,5.4580426
Vietnam,VNM,2010,9.6244135
Vietnam,VNM,2012,9.897621
Vietnam,VNM,2014,10.477527
Vietnam,VNM,2016,12.099472
Vietnam,VNM,2018,13.46041
Vietnam,VNM,2020,15.049919
World,OWID_WRL,2000,12.5135975
World,OWID_WRL,2001,12.765564
World,OWID_WRL,2002,12.946511
World,OWID_WRL,2003,13.04811
World,OWID_WRL,2004,13.360706
World,OWID_WRL,2005,13.732431
World,OWID_WRL,2006,14.08321
World,OWID_WRL,2007,14.578669
World,OWID_WRL,2008,14.716433
World,OWID_WRL,2009,14.826417
World,OWID_WRL,2010,15.077601
World,OWID_WRL,2011,15.312027
World,OWID_WRL,2012,15.511712
World,OWID_WRL,2013,15.767672
World,OWID_WRL,2014,15.982166
World,OWID_WRL,2015,16.269955
World,OWID_WRL,2016,16.647488
World,OWID_WRL,2017,16.95891
World,OWID_WRL,2018,17.467373
World,OWID_WRL,2019,17.9413
Yemen,YEM,2005,5.205422
Yemen,YEM,2014,4.4885445
Zambia,ZMB,2002,2.7325408
Zambia,ZMB,2004,2.9104023
Zambia,ZMB,2006,2.679666
Zambia,ZMB,2010,2.6798263
Zambia,ZMB,2015,2.9744158
Zimbabwe,ZWE,2011,5.459878
Zimbabwe,ZWE,2017,4.409205
Zimbabwe,ZWE,2019,4.5001917
