Entity,Code,Year,Deaths - Drug use disorders - Sex: Both - Age: Age-standardized (Rate)
Afghanistan,AFG,2000,1.53
Afghanistan,AFG,2001,1.57
Afghanistan,AFG,2002,1.54
Afghanistan,AFG,2003,1.56
Afghanistan,AFG,2004,1.59
Afghanistan,AFG,2005,1.59
Afghanistan,AFG,2006,1.58
Afghanistan,AFG,2007,1.57
Afghanistan,AFG,2008,1.56
Afghanistan,AFG,2009,1.55
Afghanistan,AFG,2010,1.55
Afghanistan,AFG,2011,1.54
Afghanistan,AFG,2012,1.54
Afghanistan,AFG,2013,1.54
Afghanistan,AFG,2014,1.54
Afghanistan,AFG,2015,1.55
Afghanistan,AFG,2016,1.56
Afghanistan,AFG,2017,1.58
Afghanistan,AFG,2018,1.6
Afghanistan,AFG,2019,1.6
Albania,ALB,2000,0.72
Albania,ALB,2001,0.88
Albania,ALB,2002,1.0
Albania,ALB,2003,1.02
Albania,ALB,2004,1.0
Albania,ALB,2005,0.78
Albania,ALB,2006,0.71
Albania,ALB,2007,0.76
Albania,ALB,2008,0.73
Albania,ALB,2009,0.61
Albania,ALB,2010,0.68
Albania,ALB,2011,0.7
Albania,ALB,2012,0.72
Albania,ALB,2013,0.74
Albania,ALB,2014,0.78
Albania,ALB,2015,0.82
Albania,ALB,2016,0.84
Albania,ALB,2017,0.86
Albania,ALB,2018,0.87
Albania,ALB,2019,0.89
Algeria,DZA,2000,1.29
Algeria,DZA,2001,1.31
Algeria,DZA,2002,1.31
Algeria,DZA,2003,1.28
Algeria,DZA,2004,1.28
Algeria,DZA,2005,1.27
Algeria,DZA,2006,1.26
Algeria,DZA,2007,1.25
Algeria,DZA,2008,1.23
Algeria,DZA,2009,1.22
Algeria,DZA,2010,1.21
Algeria,DZA,2011,1.22
Algeria,DZA,2012,1.22
Algeria,DZA,2013,1.22
Algeria,DZA,2014,1.23
Algeria,DZA,2015,1.23
Algeria,DZA,2016,1.22
Algeria,DZA,2017,1.24
Algeria,DZA,2018,1.27
Algeria,DZA,2019,1.29
American Samoa,ASM,2000,0.41
American Samoa,ASM,2001,0.35
American Samoa,ASM,2002,0.46
American Samoa,ASM,2003,0.56
American Samoa,ASM,2004,0.54
American Samoa,ASM,2005,0.51
American Samoa,ASM,2006,0.46
American Samoa,ASM,2007,0.46
American Samoa,ASM,2008,0.45
American Samoa,ASM,2009,0.42
American Samoa,ASM,2010,0.44
American Samoa,ASM,2011,0.45
American Samoa,ASM,2012,0.5
American Samoa,ASM,2013,0.53
American Samoa,ASM,2014,0.57
American Samoa,ASM,2015,0.62
American Samoa,ASM,2016,0.64
American Samoa,ASM,2017,0.63
American Samoa,ASM,2018,0.64
American Samoa,ASM,2019,0.64
Andorra,AND,2000,0.3
Andorra,AND,2001,0.3
Andorra,AND,2002,0.3
Andorra,AND,2003,0.31
Andorra,AND,2004,0.31
Andorra,AND,2005,0.31
Andorra,AND,2006,0.31
Andorra,AND,2007,0.31
Andorra,AND,2008,0.31
Andorra,AND,2009,0.31
Andorra,AND,2010,0.31
Andorra,AND,2011,0.31
Andorra,AND,2012,0.31
Andorra,AND,2013,0.32
Andorra,AND,2014,0.33
Andorra,AND,2015,0.34
Andorra,AND,2016,0.34
Andorra,AND,2017,0.35
Andorra,AND,2018,0.35
Andorra,AND,2019,0.36
Angola,AGO,2000,0.37
Angola,AGO,2001,0.36
Angola,AGO,2002,0.35
Angola,AGO,2003,0.35
Angola,AGO,2004,0.36
Angola,AGO,2005,0.36
Angola,AGO,2006,0.36
Angola,AGO,2007,0.36
Angola,AGO,2008,0.37
Angola,AGO,2009,0.38
Angola,AGO,2010,0.39
Angola,AGO,2011,0.4
Angola,AGO,2012,0.41
Angola,AGO,2013,0.41
Angola,AGO,2014,0.42
Angola,AGO,2015,0.43
Angola,AGO,2016,0.44
Angola,AGO,2017,0.45
Angola,AGO,2018,0.47
Angola,AGO,2019,0.48
Antigua and Barbuda,ATG,2000,0.69
Antigua and Barbuda,ATG,2001,0.67
Antigua and Barbuda,ATG,2002,0.64
Antigua and Barbuda,ATG,2003,0.61
Antigua and Barbuda,ATG,2004,0.58
Antigua and Barbuda,ATG,2005,0.56
Antigua and Barbuda,ATG,2006,0.56
Antigua and Barbuda,ATG,2007,0.52
Antigua and Barbuda,ATG,2008,0.51
Antigua and Barbuda,ATG,2009,0.49
Antigua and Barbuda,ATG,2010,0.48
Antigua and Barbuda,ATG,2011,0.45
Antigua and Barbuda,ATG,2012,0.42
Antigua and Barbuda,ATG,2013,0.4
Antigua and Barbuda,ATG,2014,0.38
Antigua and Barbuda,ATG,2015,0.36
Antigua and Barbuda,ATG,2016,0.38
Antigua and Barbuda,ATG,2017,0.4
Antigua and Barbuda,ATG,2018,0.42
Antigua and Barbuda,ATG,2019,0.44
Argentina,ARG,2000,0.11
Argentina,ARG,2001,0.12
Argentina,ARG,2002,0.12
Argentina,ARG,2003,0.11
Argentina,ARG,2004,0.11
Argentina,ARG,2005,0.11
Argentina,ARG,2006,0.12
Argentina,ARG,2007,0.13
Argentina,ARG,2008,0.13
Argentina,ARG,2009,0.13
Argentina,ARG,2010,0.14
Argentina,ARG,2011,0.15
Argentina,ARG,2012,0.15
Argentina,ARG,2013,0.16
Argentina,ARG,2014,0.16
Argentina,ARG,2015,0.17
Argentina,ARG,2016,0.18
Argentina,ARG,2017,0.16
Argentina,ARG,2018,0.17
Argentina,ARG,2019,0.17
Armenia,ARM,2000,0.17
Armenia,ARM,2001,0.17
Armenia,ARM,2002,0.18
Armenia,ARM,2003,0.19
Armenia,ARM,2004,0.2
Armenia,ARM,2005,0.21
Armenia,ARM,2006,0.24
Armenia,ARM,2007,0.24
Armenia,ARM,2008,0.27
Armenia,ARM,2009,0.28
Armenia,ARM,2010,0.28
Armenia,ARM,2011,0.27
Armenia,ARM,2012,0.26
Armenia,ARM,2013,0.25
Armenia,ARM,2014,0.25
Armenia,ARM,2015,0.26
Armenia,ARM,2016,0.25
Armenia,ARM,2017,0.26
Armenia,ARM,2018,0.27
Armenia,ARM,2019,0.28
Australia,AUS,2000,4.52
Australia,AUS,2001,3.88
Australia,AUS,2002,3.67
Australia,AUS,2003,3.68
Australia,AUS,2004,3.71
Australia,AUS,2005,3.74
Australia,AUS,2006,3.6
Australia,AUS,2007,3.39
Australia,AUS,2008,3.16
Australia,AUS,2009,2.97
Australia,AUS,2010,2.94
Australia,AUS,2011,3.05
Australia,AUS,2012,3.1
Australia,AUS,2013,3.23
Australia,AUS,2014,3.46
Australia,AUS,2015,3.66
Australia,AUS,2016,3.8
Australia,AUS,2017,3.89
Australia,AUS,2018,4.01
Australia,AUS,2019,4.11
Austria,AUT,2000,2.1
Austria,AUT,2001,2.08
Austria,AUT,2002,2.1
Austria,AUT,2003,2.33
Austria,AUT,2004,2.43
Austria,AUT,2005,2.48
Austria,AUT,2006,2.51
Austria,AUT,2007,2.54
Austria,AUT,2008,2.58
Austria,AUT,2009,2.59
Austria,AUT,2010,2.55
Austria,AUT,2011,2.47
Austria,AUT,2012,2.27
Austria,AUT,2013,2.06
Austria,AUT,2014,1.86
Austria,AUT,2015,1.73
Austria,AUT,2016,1.6
Austria,AUT,2017,1.5
Austria,AUT,2018,1.52
Austria,AUT,2019,1.53
Azerbaijan,AZE,2000,0.28
Azerbaijan,AZE,2001,0.32
Azerbaijan,AZE,2002,0.34
Azerbaijan,AZE,2003,0.35
Azerbaijan,AZE,2004,0.34
Azerbaijan,AZE,2005,0.35
Azerbaijan,AZE,2006,0.35
Azerbaijan,AZE,2007,0.34
Azerbaijan,AZE,2008,0.35
Azerbaijan,AZE,2009,0.35
Azerbaijan,AZE,2010,0.36
Azerbaijan,AZE,2011,0.36
Azerbaijan,AZE,2012,0.36
Azerbaijan,AZE,2013,0.35
Azerbaijan,AZE,2014,0.35
Azerbaijan,AZE,2015,0.35
Azerbaijan,AZE,2016,0.35
Azerbaijan,AZE,2017,0.35
Azerbaijan,AZE,2018,0.36
Azerbaijan,AZE,2019,0.37
Bahamas,BHS,2000,0.51
Bahamas,BHS,2001,0.51
Bahamas,BHS,2002,0.48
Bahamas,BHS,2003,0.47
Bahamas,BHS,2004,0.44
Bahamas,BHS,2005,0.43
Bahamas,BHS,2006,0.43
Bahamas,BHS,2007,0.41
Bahamas,BHS,2008,0.4
Bahamas,BHS,2009,0.38
Bahamas,BHS,2010,0.38
Bahamas,BHS,2011,0.36
Bahamas,BHS,2012,0.34
Bahamas,BHS,2013,0.34
Bahamas,BHS,2014,0.34
Bahamas,BHS,2015,0.36
Bahamas,BHS,2016,0.37
Bahamas,BHS,2017,0.38
Bahamas,BHS,2018,0.39
Bahamas,BHS,2019,0.4
Bahrain,BHR,2000,0.31
Bahrain,BHR,2001,0.28
Bahrain,BHR,2002,0.24
Bahrain,BHR,2003,0.26
Bahrain,BHR,2004,0.26
Bahrain,BHR,2005,0.28
Bahrain,BHR,2006,0.25
Bahrain,BHR,2007,0.25
Bahrain,BHR,2008,0.23
Bahrain,BHR,2009,0.21
Bahrain,BHR,2010,0.21
Bahrain,BHR,2011,0.22
Bahrain,BHR,2012,0.22
Bahrain,BHR,2013,0.23
Bahrain,BHR,2014,0.24
Bahrain,BHR,2015,0.23
Bahrain,BHR,2016,0.23
Bahrain,BHR,2017,0.23
Bahrain,BHR,2018,0.23
Bahrain,BHR,2019,0.24
Bangladesh,BGD,2000,0.21
Bangladesh,BGD,2001,0.21
Bangladesh,BGD,2002,0.2
Bangladesh,BGD,2003,0.2
Bangladesh,BGD,2004,0.2
Bangladesh,BGD,2005,0.2
Bangladesh,BGD,2006,0.2
Bangladesh,BGD,2007,0.2
Bangladesh,BGD,2008,0.19
Bangladesh,BGD,2009,0.19
Bangladesh,BGD,2010,0.19
Bangladesh,BGD,2011,0.18
Bangladesh,BGD,2012,0.17
Bangladesh,BGD,2013,0.17
Bangladesh,BGD,2014,0.18
Bangladesh,BGD,2015,0.17
Bangladesh,BGD,2016,0.17
Bangladesh,BGD,2017,0.19
Bangladesh,BGD,2018,0.19
Bangladesh,BGD,2019,0.2
Barbados,BRB,2000,0.27
Barbados,BRB,2001,0.26
Barbados,BRB,2002,0.25
Barbados,BRB,2003,0.26
Barbados,BRB,2004,0.24
Barbados,BRB,2005,0.24
Barbados,BRB,2006,0.24
Barbados,BRB,2007,0.24
Barbados,BRB,2008,0.23
Barbados,BRB,2009,0.22
Barbados,BRB,2010,0.21
Barbados,BRB,2011,0.2
Barbados,BRB,2012,0.2
Barbados,BRB,2013,0.2
Barbados,BRB,2014,0.2
Barbados,BRB,2015,0.21
Barbados,BRB,2016,0.21
Barbados,BRB,2017,0.22
Barbados,BRB,2018,0.22
Barbados,BRB,2019,0.23
Belarus,BLR,2000,2.03
Belarus,BLR,2001,2.38
Belarus,BLR,2002,3.34
Belarus,BLR,2003,3.6
Belarus,BLR,2004,3.37
Belarus,BLR,2005,3.37
Belarus,BLR,2006,3.16
Belarus,BLR,2007,3.09
Belarus,BLR,2008,2.74
Belarus,BLR,2009,2.79
Belarus,BLR,2010,3.26
Belarus,BLR,2011,3.07
Belarus,BLR,2012,2.91
Belarus,BLR,2013,2.86
Belarus,BLR,2014,2.69
Belarus,BLR,2015,2.38
Belarus,BLR,2016,2.16
Belarus,BLR,2017,1.98
Belarus,BLR,2018,1.89
Belarus,BLR,2019,1.82
Belgium,BEL,2000,1.44
Belgium,BEL,2001,1.44
Belgium,BEL,2002,1.41
Belgium,BEL,2003,1.4
Belgium,BEL,2004,1.37
Belgium,BEL,2005,1.39
Belgium,BEL,2006,1.4
Belgium,BEL,2007,1.5
Belgium,BEL,2008,1.59
Belgium,BEL,2009,1.62
Belgium,BEL,2010,1.61
Belgium,BEL,2011,1.55
Belgium,BEL,2012,1.52
Belgium,BEL,2013,1.51
Belgium,BEL,2014,1.51
Belgium,BEL,2015,1.52
Belgium,BEL,2016,1.53
Belgium,BEL,2017,1.57
Belgium,BEL,2018,1.62
Belgium,BEL,2019,1.66
Belize,BLZ,2000,0.28
Belize,BLZ,2001,0.29
Belize,BLZ,2002,0.28
Belize,BLZ,2003,0.26
Belize,BLZ,2004,0.24
Belize,BLZ,2005,0.24
Belize,BLZ,2006,0.23
Belize,BLZ,2007,0.23
Belize,BLZ,2008,0.22
Belize,BLZ,2009,0.21
Belize,BLZ,2010,0.21
Belize,BLZ,2011,0.21
Belize,BLZ,2012,0.21
Belize,BLZ,2013,0.2
Belize,BLZ,2014,0.21
Belize,BLZ,2015,0.21
Belize,BLZ,2016,0.22
Belize,BLZ,2017,0.23
Belize,BLZ,2018,0.24
Belize,BLZ,2019,0.24
Benin,BEN,2000,0.19
Benin,BEN,2001,0.19
Benin,BEN,2002,0.19
Benin,BEN,2003,0.18
Benin,BEN,2004,0.18
Benin,BEN,2005,0.18
Benin,BEN,2006,0.18
Benin,BEN,2007,0.18
Benin,BEN,2008,0.18
Benin,BEN,2009,0.18
Benin,BEN,2010,0.19
Benin,BEN,2011,0.19
Benin,BEN,2012,0.19
Benin,BEN,2013,0.19
Benin,BEN,2014,0.19
Benin,BEN,2015,0.19
Benin,BEN,2016,0.2
Benin,BEN,2017,0.2
Benin,BEN,2018,0.2
Benin,BEN,2019,0.2
Bermuda,BMU,2000,2.14
Bermuda,BMU,2001,2.13
Bermuda,BMU,2002,1.99
Bermuda,BMU,2003,1.88
Bermuda,BMU,2004,1.77
Bermuda,BMU,2005,1.71
Bermuda,BMU,2006,1.65
Bermuda,BMU,2007,1.59
Bermuda,BMU,2008,1.49
Bermuda,BMU,2009,1.36
Bermuda,BMU,2010,1.29
Bermuda,BMU,2011,1.19
Bermuda,BMU,2012,1.12
Bermuda,BMU,2013,1.07
Bermuda,BMU,2014,1.0
Bermuda,BMU,2015,0.93
Bermuda,BMU,2016,0.95
Bermuda,BMU,2017,0.99
Bermuda,BMU,2018,1.02
Bermuda,BMU,2019,1.05
Bhutan,BTN,2000,0.25
Bhutan,BTN,2001,0.25
Bhutan,BTN,2002,0.25
Bhutan,BTN,2003,0.25
Bhutan,BTN,2004,0.25
Bhutan,BTN,2005,0.25
Bhutan,BTN,2006,0.25
Bhutan,BTN,2007,0.25
Bhutan,BTN,2008,0.25
Bhutan,BTN,2009,0.25
Bhutan,BTN,2010,0.26
Bhutan,BTN,2011,0.26
Bhutan,BTN,2012,0.26
Bhutan,BTN,2013,0.27
Bhutan,BTN,2014,0.27
Bhutan,BTN,2015,0.27
Bhutan,BTN,2016,0.28
Bhutan,BTN,2017,0.28
Bhutan,BTN,2018,0.28
Bhutan,BTN,2019,0.29
Bolivia,BOL,2000,0.5
Bolivia,BOL,2001,0.49
Bolivia,BOL,2002,0.5
Bolivia,BOL,2003,0.5
Bolivia,BOL,2004,0.49
Bolivia,BOL,2005,0.49
Bolivia,BOL,2006,0.49
Bolivia,BOL,2007,0.49
Bolivia,BOL,2008,0.49
Bolivia,BOL,2009,0.49
Bolivia,BOL,2010,0.49
Bolivia,BOL,2011,0.5
Bolivia,BOL,2012,0.5
Bolivia,BOL,2013,0.5
Bolivia,BOL,2014,0.49
Bolivia,BOL,2015,0.5
Bolivia,BOL,2016,0.52
Bolivia,BOL,2017,0.53
Bolivia,BOL,2018,0.54
Bolivia,BOL,2019,0.55
Bosnia and Herzegovina,BIH,2000,0.1
Bosnia and Herzegovina,BIH,2001,0.11
Bosnia and Herzegovina,BIH,2002,0.13
Bosnia and Herzegovina,BIH,2003,0.14
Bosnia and Herzegovina,BIH,2004,0.15
Bosnia and Herzegovina,BIH,2005,0.17
Bosnia and Herzegovina,BIH,2006,0.18
Bosnia and Herzegovina,BIH,2007,0.2
Bosnia and Herzegovina,BIH,2008,0.19
Bosnia and Herzegovina,BIH,2009,0.19
Bosnia and Herzegovina,BIH,2010,0.19
Bosnia and Herzegovina,BIH,2011,0.18
Bosnia and Herzegovina,BIH,2012,0.21
Bosnia and Herzegovina,BIH,2013,0.24
Bosnia and Herzegovina,BIH,2014,0.28
Bosnia and Herzegovina,BIH,2015,0.27
Bosnia and Herzegovina,BIH,2016,0.26
Bosnia and Herzegovina,BIH,2017,0.25
Bosnia and Herzegovina,BIH,2018,0.25
Bosnia and Herzegovina,BIH,2019,0.25
Botswana,BWA,2000,0.55
Botswana,BWA,2001,0.54
Botswana,BWA,2002,0.52
Botswana,BWA,2003,0.49
Botswana,BWA,2004,0.46
Botswana,BWA,2005,0.43
Botswana,BWA,2006,0.41
Botswana,BWA,2007,0.39
Botswana,BWA,2008,0.38
Botswana,BWA,2009,0.38
Botswana,BWA,2010,0.38
Botswana,BWA,2011,0.38
Botswana,BWA,2012,0.37
Botswana,BWA,2013,0.37
Botswana,BWA,2014,0.37
Botswana,BWA,2015,0.37
Botswana,BWA,2016,0.36
Botswana,BWA,2017,0.37
Botswana,BWA,2018,0.37
Botswana,BWA,2019,0.37
Brazil,BRA,2000,0.17
Brazil,BRA,2001,0.17
Brazil,BRA,2002,0.17
Brazil,BRA,2003,0.18
Brazil,BRA,2004,0.18
Brazil,BRA,2005,0.19
Brazil,BRA,2006,0.21
Brazil,BRA,2007,0.22
Brazil,BRA,2008,0.25
Brazil,BRA,2009,0.27
Brazil,BRA,2010,0.31
Brazil,BRA,2011,0.35
Brazil,BRA,2012,0.39
Brazil,BRA,2013,0.42
Brazil,BRA,2014,0.45
Brazil,BRA,2015,0.47
Brazil,BRA,2016,0.49
Brazil,BRA,2017,0.49
Brazil,BRA,2018,0.48
Brazil,BRA,2019,0.48
Brunei,BRN,2000,1.31
Brunei,BRN,2001,1.1
Brunei,BRN,2002,0.97
Brunei,BRN,2003,0.88
Brunei,BRN,2004,0.82
Brunei,BRN,2005,0.78
Brunei,BRN,2006,0.74
Brunei,BRN,2007,0.66
Brunei,BRN,2008,0.58
Brunei,BRN,2009,0.57
Brunei,BRN,2010,0.57
Brunei,BRN,2011,0.56
Brunei,BRN,2012,0.57
Brunei,BRN,2013,0.58
Brunei,BRN,2014,0.58
Brunei,BRN,2015,0.6
Brunei,BRN,2016,0.64
Brunei,BRN,2017,0.65
Brunei,BRN,2018,0.66
Brunei,BRN,2019,0.66
Bulgaria,BGR,2000,0.68
Bulgaria,BGR,2001,0.66
Bulgaria,BGR,2002,0.62
Bulgaria,BGR,2003,0.63
Bulgaria,BGR,2004,0.69
Bulgaria,BGR,2005,0.76
Bulgaria,BGR,2006,0.8
Bulgaria,BGR,2007,0.84
Bulgaria,BGR,2008,0.86
Bulgaria,BGR,2009,0.81
Bulgaria,BGR,2010,0.8
Bulgaria,BGR,2011,0.75
Bulgaria,BGR,2012,0.7
Bulgaria,BGR,2013,0.7
Bulgaria,BGR,2014,0.72
Bulgaria,BGR,2015,0.74
Bulgaria,BGR,2016,0.79
Bulgaria,BGR,2017,0.83
Bulgaria,BGR,2018,0.89
Bulgaria,BGR,2019,0.94
Burkina Faso,BFA,2000,0.34
Burkina Faso,BFA,2001,0.34
Burkina Faso,BFA,2002,0.33
Burkina Faso,BFA,2003,0.33
Burkina Faso,BFA,2004,0.34
Burkina Faso,BFA,2005,0.34
Burkina Faso,BFA,2006,0.35
Burkina Faso,BFA,2007,0.35
Burkina Faso,BFA,2008,0.35
Burkina Faso,BFA,2009,0.36
Burkina Faso,BFA,2010,0.37
Burkina Faso,BFA,2011,0.38
Burkina Faso,BFA,2012,0.39
Burkina Faso,BFA,2013,0.41
Burkina Faso,BFA,2014,0.42
Burkina Faso,BFA,2015,0.43
Burkina Faso,BFA,2016,0.44
Burkina Faso,BFA,2017,0.45
Burkina Faso,BFA,2018,0.46
Burkina Faso,BFA,2019,0.47
Burundi,BDI,2000,0.23
Burundi,BDI,2001,0.22
Burundi,BDI,2002,0.22
Burundi,BDI,2003,0.22
Burundi,BDI,2004,0.22
Burundi,BDI,2005,0.22
Burundi,BDI,2006,0.22
Burundi,BDI,2007,0.22
Burundi,BDI,2008,0.22
Burundi,BDI,2009,0.22
Burundi,BDI,2010,0.23
Burundi,BDI,2011,0.23
Burundi,BDI,2012,0.23
Burundi,BDI,2013,0.23
Burundi,BDI,2014,0.24
Burundi,BDI,2015,0.24
Burundi,BDI,2016,0.24
Burundi,BDI,2017,0.24
Burundi,BDI,2018,0.24
Burundi,BDI,2019,0.25
Cambodia,KHM,2000,0.26
Cambodia,KHM,2001,0.26
Cambodia,KHM,2002,0.26
Cambodia,KHM,2003,0.25
Cambodia,KHM,2004,0.25
Cambodia,KHM,2005,0.25
Cambodia,KHM,2006,0.24
Cambodia,KHM,2007,0.24
Cambodia,KHM,2008,0.24
Cambodia,KHM,2009,0.24
Cambodia,KHM,2010,0.24
Cambodia,KHM,2011,0.24
Cambodia,KHM,2012,0.24
Cambodia,KHM,2013,0.24
Cambodia,KHM,2014,0.24
Cambodia,KHM,2015,0.24
Cambodia,KHM,2016,0.24
Cambodia,KHM,2017,0.24
Cambodia,KHM,2018,0.25
Cambodia,KHM,2019,0.25
Cameroon,CMR,2000,0.36
Cameroon,CMR,2001,0.36
Cameroon,CMR,2002,0.36
Cameroon,CMR,2003,0.36
Cameroon,CMR,2004,0.36
Cameroon,CMR,2005,0.37
Cameroon,CMR,2006,0.37
Cameroon,CMR,2007,0.37
Cameroon,CMR,2008,0.37
Cameroon,CMR,2009,0.38
Cameroon,CMR,2010,0.38
Cameroon,CMR,2011,0.39
Cameroon,CMR,2012,0.39
Cameroon,CMR,2013,0.4
Cameroon,CMR,2014,0.4
Cameroon,CMR,2015,0.4
Cameroon,CMR,2016,0.4
Cameroon,CMR,2017,0.41
Cameroon,CMR,2018,0.41
Cameroon,CMR,2019,0.41
Canada,CAN,2000,2.55
Canada,CAN,2001,2.64
Canada,CAN,2002,2.74
Canada,CAN,2003,2.82
Canada,CAN,2004,2.92
Canada,CAN,2005,3.06
Canada,CAN,2006,3.16
Canada,CAN,2007,3.3
Canada,CAN,2008,3.42
Canada,CAN,2009,3.55
Canada,CAN,2010,3.66
Canada,CAN,2011,3.82
Canada,CAN,2012,4.05
Canada,CAN,2013,4.32
Canada,CAN,2014,4.69
Canada,CAN,2015,5.11
Canada,CAN,2016,5.46
Canada,CAN,2017,5.81
Canada,CAN,2018,6.02
Canada,CAN,2019,6.28
Cape Verde,CPV,2000,0.14
Cape Verde,CPV,2001,0.14
Cape Verde,CPV,2002,0.15
Cape Verde,CPV,2003,0.15
Cape Verde,CPV,2004,0.16
Cape Verde,CPV,2005,0.16
Cape Verde,CPV,2006,0.15
Cape Verde,CPV,2007,0.15
Cape Verde,CPV,2008,0.15
Cape Verde,CPV,2009,0.16
Cape Verde,CPV,2010,0.16
Cape Verde,CPV,2011,0.16
Cape Verde,CPV,2012,0.18
Cape Verde,CPV,2013,0.18
Cape Verde,CPV,2014,0.18
Cape Verde,CPV,2015,0.18
Cape Verde,CPV,2016,0.19
Cape Verde,CPV,2017,0.19
Cape Verde,CPV,2018,0.21
Cape Verde,CPV,2019,0.21
Central African Republic,CAF,2000,0.36
Central African Republic,CAF,2001,0.36
Central African Republic,CAF,2002,0.37
Central African Republic,CAF,2003,0.37
Central African Republic,CAF,2004,0.37
Central African Republic,CAF,2005,0.36
Central African Republic,CAF,2006,0.37
Central African Republic,CAF,2007,0.37
Central African Republic,CAF,2008,0.36
Central African Republic,CAF,2009,0.37
Central African Republic,CAF,2010,0.38
Central African Republic,CAF,2011,0.39
Central African Republic,CAF,2012,0.39
Central African Republic,CAF,2013,0.4
Central African Republic,CAF,2014,0.39
Central African Republic,CAF,2015,0.39
Central African Republic,CAF,2016,0.4
Central African Republic,CAF,2017,0.4
Central African Republic,CAF,2018,0.41
Central African Republic,CAF,2019,0.41
Chad,TCD,2000,0.15
Chad,TCD,2001,0.15
Chad,TCD,2002,0.15
Chad,TCD,2003,0.15
Chad,TCD,2004,0.15
Chad,TCD,2005,0.15
Chad,TCD,2006,0.15
Chad,TCD,2007,0.15
Chad,TCD,2008,0.15
Chad,TCD,2009,0.15
Chad,TCD,2010,0.15
Chad,TCD,2011,0.16
Chad,TCD,2012,0.16
Chad,TCD,2013,0.16
Chad,TCD,2014,0.16
Chad,TCD,2015,0.16
Chad,TCD,2016,0.16
Chad,TCD,2017,0.17
Chad,TCD,2018,0.17
Chad,TCD,2019,0.17
Chile,CHL,2000,0.13
Chile,CHL,2001,0.15
Chile,CHL,2002,0.18
Chile,CHL,2003,0.2
Chile,CHL,2004,0.22
Chile,CHL,2005,0.23
Chile,CHL,2006,0.25
Chile,CHL,2007,0.27
Chile,CHL,2008,0.28
Chile,CHL,2009,0.29
Chile,CHL,2010,0.29
Chile,CHL,2011,0.29
Chile,CHL,2012,0.3
Chile,CHL,2013,0.31
Chile,CHL,2014,0.31
Chile,CHL,2015,0.33
Chile,CHL,2016,0.33
Chile,CHL,2017,0.33
Chile,CHL,2018,0.33
Chile,CHL,2019,0.34
China,CHN,2000,2.5
China,CHN,2001,2.14
China,CHN,2002,1.74
China,CHN,2003,1.3
China,CHN,2004,1.02
China,CHN,2005,0.87
China,CHN,2006,0.76
China,CHN,2007,0.69
China,CHN,2008,0.66
China,CHN,2009,0.64
China,CHN,2010,0.62
China,CHN,2011,0.6
China,CHN,2012,0.56
China,CHN,2013,0.55
China,CHN,2014,0.54
China,CHN,2015,0.53
China,CHN,2016,0.53
China,CHN,2017,0.56
China,CHN,2018,0.62
China,CHN,2019,0.66
Colombia,COL,2000,0.19
Colombia,COL,2001,0.17
Colombia,COL,2002,0.18
Colombia,COL,2003,0.16
Colombia,COL,2004,0.16
Colombia,COL,2005,0.15
Colombia,COL,2006,0.16
Colombia,COL,2007,0.16
Colombia,COL,2008,0.17
Colombia,COL,2009,0.18
Colombia,COL,2010,0.19
Colombia,COL,2011,0.2
Colombia,COL,2012,0.22
Colombia,COL,2013,0.23
Colombia,COL,2014,0.22
Colombia,COL,2015,0.23
Colombia,COL,2016,0.22
Colombia,COL,2017,0.23
Colombia,COL,2018,0.24
Colombia,COL,2019,0.24
Comoros,COM,2000,0.23
Comoros,COM,2001,0.23
Comoros,COM,2002,0.23
Comoros,COM,2003,0.22
Comoros,COM,2004,0.21
Comoros,COM,2005,0.22
Comoros,COM,2006,0.21
Comoros,COM,2007,0.23
Comoros,COM,2008,0.24
Comoros,COM,2009,0.23
Comoros,COM,2010,0.21
Comoros,COM,2011,0.22
Comoros,COM,2012,0.23
Comoros,COM,2013,0.24
Comoros,COM,2014,0.28
Comoros,COM,2015,0.28
Comoros,COM,2016,0.29
Comoros,COM,2017,0.29
Comoros,COM,2018,0.29
Comoros,COM,2019,0.29
Congo,COG,2000,0.64
Congo,COG,2001,0.59
Congo,COG,2002,0.56
Congo,COG,2003,0.56
Congo,COG,2004,0.55
Congo,COG,2005,0.55
Congo,COG,2006,0.54
Congo,COG,2007,0.54
Congo,COG,2008,0.54
Congo,COG,2009,0.54
Congo,COG,2010,0.54
Congo,COG,2011,0.54
Congo,COG,2012,0.56
Congo,COG,2013,0.57
Congo,COG,2014,0.58
Congo,COG,2015,0.59
Congo,COG,2016,0.59
Congo,COG,2017,0.6
Congo,COG,2018,0.61
Congo,COG,2019,0.63
Cook Islands,COK,2000,0.18
Cook Islands,COK,2001,0.2
Cook Islands,COK,2002,0.21
Cook Islands,COK,2003,0.24
Cook Islands,COK,2004,0.23
Cook Islands,COK,2005,0.23
Cook Islands,COK,2006,0.21
Cook Islands,COK,2007,0.22
Cook Islands,COK,2008,0.23
Cook Islands,COK,2009,0.25
Cook Islands,COK,2010,0.27
Cook Islands,COK,2011,0.26
Cook Islands,COK,2012,0.28
Cook Islands,COK,2013,0.28
Cook Islands,COK,2014,0.28
Cook Islands,COK,2015,0.29
Cook Islands,COK,2016,0.29
Cook Islands,COK,2017,0.3
Cook Islands,COK,2018,0.3
Cook Islands,COK,2019,0.31
Costa Rica,CRI,2000,0.34
Costa Rica,CRI,2001,0.32
Costa Rica,CRI,2002,0.33
Costa Rica,CRI,2003,0.35
Costa Rica,CRI,2004,0.35
Costa Rica,CRI,2005,0.3
Costa Rica,CRI,2006,0.35
Costa Rica,CRI,2007,0.32
Costa Rica,CRI,2008,0.33
Costa Rica,CRI,2009,0.31
Costa Rica,CRI,2010,0.37
Costa Rica,CRI,2011,0.36
Costa Rica,CRI,2012,0.36
Costa Rica,CRI,2013,0.37
Costa Rica,CRI,2014,0.36
Costa Rica,CRI,2015,0.4
Costa Rica,CRI,2016,0.47
Costa Rica,CRI,2017,0.49
Costa Rica,CRI,2018,0.5
Costa Rica,CRI,2019,0.51
Cote d'Ivoire,CIV,2000,0.27
Cote d'Ivoire,CIV,2001,0.26
Cote d'Ivoire,CIV,2002,0.26
Cote d'Ivoire,CIV,2003,0.25
Cote d'Ivoire,CIV,2004,0.25
Cote d'Ivoire,CIV,2005,0.25
Cote d'Ivoire,CIV,2006,0.24
Cote d'Ivoire,CIV,2007,0.23
Cote d'Ivoire,CIV,2008,0.23
Cote d'Ivoire,CIV,2009,0.23
Cote d'Ivoire,CIV,2010,0.23
Cote d'Ivoire,CIV,2011,0.23
Cote d'Ivoire,CIV,2012,0.23
Cote d'Ivoire,CIV,2013,0.23
Cote d'Ivoire,CIV,2014,0.23
Cote d'Ivoire,CIV,2015,0.23
Cote d'Ivoire,CIV,2016,0.23
Cote d'Ivoire,CIV,2017,0.23
Cote d'Ivoire,CIV,2018,0.23
Cote d'Ivoire,CIV,2019,0.23
Croatia,HRV,2000,1.35
Croatia,HRV,2001,1.51
Croatia,HRV,2002,1.59
Croatia,HRV,2003,1.77
Croatia,HRV,2004,1.9
Croatia,HRV,2005,2.03
Croatia,HRV,2006,2.05
Croatia,HRV,2007,2.2
Croatia,HRV,2008,2.14
Croatia,HRV,2009,1.92
Croatia,HRV,2010,1.82
Croatia,HRV,2011,1.72
Croatia,HRV,2012,1.65
Croatia,HRV,2013,1.52
Croatia,HRV,2014,1.47
Croatia,HRV,2015,1.41
Croatia,HRV,2016,1.35
Croatia,HRV,2017,1.35
Croatia,HRV,2018,1.4
Croatia,HRV,2019,1.43
Cuba,CUB,2000,0.1
Cuba,CUB,2001,0.11
Cuba,CUB,2002,0.11
Cuba,CUB,2003,0.11
Cuba,CUB,2004,0.11
Cuba,CUB,2005,0.12
Cuba,CUB,2006,0.12
Cuba,CUB,2007,0.12
Cuba,CUB,2008,0.13
Cuba,CUB,2009,0.13
Cuba,CUB,2010,0.14
Cuba,CUB,2011,0.14
Cuba,CUB,2012,0.15
Cuba,CUB,2013,0.16
Cuba,CUB,2014,0.16
Cuba,CUB,2015,0.17
Cuba,CUB,2016,0.18
Cuba,CUB,2017,0.19
Cuba,CUB,2018,0.2
Cuba,CUB,2019,0.2
Cyprus,CYP,2000,1.08
Cyprus,CYP,2001,1.07
Cyprus,CYP,2002,1.04
Cyprus,CYP,2003,0.97
Cyprus,CYP,2004,0.87
Cyprus,CYP,2005,1.06
Cyprus,CYP,2006,1.12
Cyprus,CYP,2007,1.18
Cyprus,CYP,2008,1.14
Cyprus,CYP,2009,1.11
Cyprus,CYP,2010,1.06
Cyprus,CYP,2011,1.01
Cyprus,CYP,2012,0.95
Cyprus,CYP,2013,0.95
Cyprus,CYP,2014,1.01
Cyprus,CYP,2015,1.05
Cyprus,CYP,2016,1.1
Cyprus,CYP,2017,1.09
Cyprus,CYP,2018,1.1
Cyprus,CYP,2019,1.1
Czechia,CZE,2000,0.66
Czechia,CZE,2001,0.67
Czechia,CZE,2002,0.62
Czechia,CZE,2003,0.64
Czechia,CZE,2004,0.63
Czechia,CZE,2005,0.63
Czechia,CZE,2006,0.62
Czechia,CZE,2007,0.64
Czechia,CZE,2008,0.66
Czechia,CZE,2009,0.69
Czechia,CZE,2010,0.72
Czechia,CZE,2011,0.76
Czechia,CZE,2012,0.82
Czechia,CZE,2013,0.88
Czechia,CZE,2014,0.89
Czechia,CZE,2015,0.94
Czechia,CZE,2016,0.96
Czechia,CZE,2017,1.0
Czechia,CZE,2018,1.03
Czechia,CZE,2019,1.05
Democratic Republic of Congo,COD,2000,0.32
Democratic Republic of Congo,COD,2001,0.31
Democratic Republic of Congo,COD,2002,0.3
Democratic Republic of Congo,COD,2003,0.31
Democratic Republic of Congo,COD,2004,0.3
Democratic Republic of Congo,COD,2005,0.3
Democratic Republic of Congo,COD,2006,0.3
Democratic Republic of Congo,COD,2007,0.29
Democratic Republic of Congo,COD,2008,0.3
Democratic Republic of Congo,COD,2009,0.3
Democratic Republic of Congo,COD,2010,0.31
Democratic Republic of Congo,COD,2011,0.32
Democratic Republic of Congo,COD,2012,0.33
Democratic Republic of Congo,COD,2013,0.34
Democratic Republic of Congo,COD,2014,0.35
Democratic Republic of Congo,COD,2015,0.36
Democratic Republic of Congo,COD,2016,0.37
Democratic Republic of Congo,COD,2017,0.38
Democratic Republic of Congo,COD,2018,0.4
Democratic Republic of Congo,COD,2019,0.41
Denmark,DNK,2000,3.28
Denmark,DNK,2001,3.22
Denmark,DNK,2002,3.16
Denmark,DNK,2003,3.12
Denmark,DNK,2004,3.17
Denmark,DNK,2005,3.3
Denmark,DNK,2006,3.4
Denmark,DNK,2007,3.49
Denmark,DNK,2008,3.67
Denmark,DNK,2009,3.77
Denmark,DNK,2010,3.66
Denmark,DNK,2011,3.55
Denmark,DNK,2012,3.32
Denmark,DNK,2013,3.22
Denmark,DNK,2014,3.17
Denmark,DNK,2015,3.08
Denmark,DNK,2016,3.12
Denmark,DNK,2017,3.13
Denmark,DNK,2018,3.14
Denmark,DNK,2019,3.16
Djibouti,DJI,2000,0.24
Djibouti,DJI,2001,0.24
Djibouti,DJI,2002,0.25
Djibouti,DJI,2003,0.25
Djibouti,DJI,2004,0.27
Djibouti,DJI,2005,0.28
Djibouti,DJI,2006,0.28
Djibouti,DJI,2007,0.28
Djibouti,DJI,2008,0.29
Djibouti,DJI,2009,0.29
Djibouti,DJI,2010,0.29
Djibouti,DJI,2011,0.3
Djibouti,DJI,2012,0.3
Djibouti,DJI,2013,0.3
Djibouti,DJI,2014,0.3
Djibouti,DJI,2015,0.31
Djibouti,DJI,2016,0.31
Djibouti,DJI,2017,0.32
Djibouti,DJI,2018,0.33
Djibouti,DJI,2019,0.33
Dominica,DMA,2000,0.89
Dominica,DMA,2001,0.91
Dominica,DMA,2002,0.88
Dominica,DMA,2003,0.85
Dominica,DMA,2004,0.81
Dominica,DMA,2005,0.75
Dominica,DMA,2006,0.72
Dominica,DMA,2007,0.68
Dominica,DMA,2008,0.65
Dominica,DMA,2009,0.61
Dominica,DMA,2010,0.59
Dominica,DMA,2011,0.56
Dominica,DMA,2012,0.55
Dominica,DMA,2013,0.55
Dominica,DMA,2014,0.54
Dominica,DMA,2015,0.52
Dominica,DMA,2016,0.55
Dominica,DMA,2017,0.57
Dominica,DMA,2018,0.59
Dominica,DMA,2019,0.61
Dominican Republic,DOM,2000,0.19
Dominican Republic,DOM,2001,0.18
Dominican Republic,DOM,2002,0.19
Dominican Republic,DOM,2003,0.2
Dominican Republic,DOM,2004,0.21
Dominican Republic,DOM,2005,0.22
Dominican Republic,DOM,2006,0.24
Dominican Republic,DOM,2007,0.24
Dominican Republic,DOM,2008,0.25
Dominican Republic,DOM,2009,0.25
Dominican Republic,DOM,2010,0.26
Dominican Republic,DOM,2011,0.27
Dominican Republic,DOM,2012,0.3
Dominican Republic,DOM,2013,0.35
Dominican Republic,DOM,2014,0.38
Dominican Republic,DOM,2015,0.42
Dominican Republic,DOM,2016,0.46
Dominican Republic,DOM,2017,0.48
Dominican Republic,DOM,2018,0.5
Dominican Republic,DOM,2019,0.51
East Timor,TLS,2000,0.13
East Timor,TLS,2001,0.13
East Timor,TLS,2002,0.13
East Timor,TLS,2003,0.13
East Timor,TLS,2004,0.12
East Timor,TLS,2005,0.12
East Timor,TLS,2006,0.12
East Timor,TLS,2007,0.12
East Timor,TLS,2008,0.12
East Timor,TLS,2009,0.13
East Timor,TLS,2010,0.13
East Timor,TLS,2011,0.14
East Timor,TLS,2012,0.15
East Timor,TLS,2013,0.15
East Timor,TLS,2014,0.16
East Timor,TLS,2015,0.16
East Timor,TLS,2016,0.17
East Timor,TLS,2017,0.17
East Timor,TLS,2018,0.17
East Timor,TLS,2019,0.17
Ecuador,ECU,2000,0.32
Ecuador,ECU,2001,0.3
Ecuador,ECU,2002,0.34
Ecuador,ECU,2003,0.35
Ecuador,ECU,2004,0.34
Ecuador,ECU,2005,0.37
Ecuador,ECU,2006,0.36
Ecuador,ECU,2007,0.35
Ecuador,ECU,2008,0.37
Ecuador,ECU,2009,0.37
Ecuador,ECU,2010,0.37
Ecuador,ECU,2011,0.37
Ecuador,ECU,2012,0.36
Ecuador,ECU,2013,0.36
Ecuador,ECU,2014,0.35
Ecuador,ECU,2015,0.36
Ecuador,ECU,2016,0.38
Ecuador,ECU,2017,0.39
Ecuador,ECU,2018,0.39
Ecuador,ECU,2019,0.4
Egypt,EGY,2000,0.06
Egypt,EGY,2001,0.06
Egypt,EGY,2002,0.07
Egypt,EGY,2003,0.07
Egypt,EGY,2004,0.07
Egypt,EGY,2005,0.07
Egypt,EGY,2006,0.07
Egypt,EGY,2007,0.07
Egypt,EGY,2008,0.07
Egypt,EGY,2009,0.07
Egypt,EGY,2010,0.08
Egypt,EGY,2011,0.08
Egypt,EGY,2012,0.08
Egypt,EGY,2013,0.08
Egypt,EGY,2014,0.08
Egypt,EGY,2015,0.09
Egypt,EGY,2016,0.09
Egypt,EGY,2017,0.09
Egypt,EGY,2018,0.09
Egypt,EGY,2019,0.1
El Salvador,SLV,2000,0.17
El Salvador,SLV,2001,0.15
El Salvador,SLV,2002,0.14
El Salvador,SLV,2003,0.12
El Salvador,SLV,2004,0.12
El Salvador,SLV,2005,0.13
El Salvador,SLV,2006,0.13
El Salvador,SLV,2007,0.13
El Salvador,SLV,2008,0.13
El Salvador,SLV,2009,0.14
El Salvador,SLV,2010,0.15
El Salvador,SLV,2011,0.15
El Salvador,SLV,2012,0.14
El Salvador,SLV,2013,0.15
El Salvador,SLV,2014,0.17
El Salvador,SLV,2015,0.17
El Salvador,SLV,2016,0.18
El Salvador,SLV,2017,0.18
El Salvador,SLV,2018,0.18
El Salvador,SLV,2019,0.18
Equatorial Guinea,GNQ,2000,0.35
Equatorial Guinea,GNQ,2001,0.34
Equatorial Guinea,GNQ,2002,0.32
Equatorial Guinea,GNQ,2003,0.32
Equatorial Guinea,GNQ,2004,0.33
Equatorial Guinea,GNQ,2005,0.34
Equatorial Guinea,GNQ,2006,0.35
Equatorial Guinea,GNQ,2007,0.36
Equatorial Guinea,GNQ,2008,0.36
Equatorial Guinea,GNQ,2009,0.38
Equatorial Guinea,GNQ,2010,0.39
Equatorial Guinea,GNQ,2011,0.41
Equatorial Guinea,GNQ,2012,0.43
Equatorial Guinea,GNQ,2013,0.44
Equatorial Guinea,GNQ,2014,0.46
Equatorial Guinea,GNQ,2015,0.47
Equatorial Guinea,GNQ,2016,0.5
Equatorial Guinea,GNQ,2017,0.52
Equatorial Guinea,GNQ,2018,0.54
Equatorial Guinea,GNQ,2019,0.56
Eritrea,ERI,2000,0.28
Eritrea,ERI,2001,0.27
Eritrea,ERI,2002,0.29
Eritrea,ERI,2003,0.29
Eritrea,ERI,2004,0.3
Eritrea,ERI,2005,0.3
Eritrea,ERI,2006,0.3
Eritrea,ERI,2007,0.31
Eritrea,ERI,2008,0.31
Eritrea,ERI,2009,0.31
Eritrea,ERI,2010,0.31
Eritrea,ERI,2011,0.31
Eritrea,ERI,2012,0.32
Eritrea,ERI,2013,0.32
Eritrea,ERI,2014,0.33
Eritrea,ERI,2015,0.33
Eritrea,ERI,2016,0.34
Eritrea,ERI,2017,0.34
Eritrea,ERI,2018,0.35
Eritrea,ERI,2019,0.36
Estonia,EST,2000,3.27
Estonia,EST,2001,3.95
Estonia,EST,2002,4.72
Estonia,EST,2003,4.72
Estonia,EST,2004,5.59
Estonia,EST,2005,5.68
Estonia,EST,2006,6.32
Estonia,EST,2007,7.46
Estonia,EST,2008,7.53
Estonia,EST,2009,8.05
Estonia,EST,2010,7.89
Estonia,EST,2011,8.64
Estonia,EST,2012,9.43
Estonia,EST,2013,8.53
Estonia,EST,2014,8.5
Estonia,EST,2015,8.24
Estonia,EST,2016,8.71
Estonia,EST,2017,9.3
Estonia,EST,2018,9.61
Estonia,EST,2019,9.95
Eswatini,SWZ,2000,0.52
Eswatini,SWZ,2001,0.53
Eswatini,SWZ,2002,0.54
Eswatini,SWZ,2003,0.55
Eswatini,SWZ,2004,0.56
Eswatini,SWZ,2005,0.56
Eswatini,SWZ,2006,0.55
Eswatini,SWZ,2007,0.54
Eswatini,SWZ,2008,0.54
Eswatini,SWZ,2009,0.54
Eswatini,SWZ,2010,0.52
Eswatini,SWZ,2011,0.5
Eswatini,SWZ,2012,0.49
Eswatini,SWZ,2013,0.48
Eswatini,SWZ,2014,0.47
Eswatini,SWZ,2015,0.46
Eswatini,SWZ,2016,0.45
Eswatini,SWZ,2017,0.44
Eswatini,SWZ,2018,0.43
Eswatini,SWZ,2019,0.43
Ethiopia,ETH,2000,0.38
Ethiopia,ETH,2001,0.36
Ethiopia,ETH,2002,0.36
Ethiopia,ETH,2003,0.35
Ethiopia,ETH,2004,0.35
Ethiopia,ETH,2005,0.35
Ethiopia,ETH,2006,0.35
Ethiopia,ETH,2007,0.35
Ethiopia,ETH,2008,0.36
Ethiopia,ETH,2009,0.39
Ethiopia,ETH,2010,0.35
Ethiopia,ETH,2011,0.35
Ethiopia,ETH,2012,0.34
Ethiopia,ETH,2013,0.34
Ethiopia,ETH,2014,0.34
Ethiopia,ETH,2015,0.34
Ethiopia,ETH,2016,0.35
Ethiopia,ETH,2017,0.36
Ethiopia,ETH,2018,0.37
Ethiopia,ETH,2019,0.38
Fiji,FJI,2000,0.39
Fiji,FJI,2001,0.38
Fiji,FJI,2002,0.37
Fiji,FJI,2003,0.44
Fiji,FJI,2004,0.38
Fiji,FJI,2005,0.35
Fiji,FJI,2006,0.32
Fiji,FJI,2007,0.32
Fiji,FJI,2008,0.31
Fiji,FJI,2009,0.29
Fiji,FJI,2010,0.28
Fiji,FJI,2011,0.27
Fiji,FJI,2012,0.29
Fiji,FJI,2013,0.3
Fiji,FJI,2014,0.31
Fiji,FJI,2015,0.32
Fiji,FJI,2016,0.33
Fiji,FJI,2017,0.33
Fiji,FJI,2018,0.34
Fiji,FJI,2019,0.35
Finland,FIN,2000,3.52
Finland,FIN,2001,3.56
Finland,FIN,2002,3.61
Finland,FIN,2003,3.73
Finland,FIN,2004,4.02
Finland,FIN,2005,4.25
Finland,FIN,2006,4.5
Finland,FIN,2007,4.9
Finland,FIN,2008,5.07
Finland,FIN,2009,5.2
Finland,FIN,2010,5.14
Finland,FIN,2011,5.07
Finland,FIN,2012,4.96
Finland,FIN,2013,4.84
Finland,FIN,2014,4.59
Finland,FIN,2015,4.45
Finland,FIN,2016,4.52
Finland,FIN,2017,4.68
Finland,FIN,2018,4.82
Finland,FIN,2019,4.93
France,FRA,2000,1.17
France,FRA,2001,1.22
France,FRA,2002,1.25
France,FRA,2003,1.3
France,FRA,2004,1.3
France,FRA,2005,1.35
France,FRA,2006,1.39
France,FRA,2007,1.45
France,FRA,2008,1.55
France,FRA,2009,1.64
France,FRA,2010,1.69
France,FRA,2011,1.69
France,FRA,2012,1.67
France,FRA,2013,1.66
France,FRA,2014,1.66
France,FRA,2015,1.7
France,FRA,2016,1.64
France,FRA,2017,1.66
France,FRA,2018,1.71
France,FRA,2019,1.75
Gabon,GAB,2000,0.66
Gabon,GAB,2001,0.67
Gabon,GAB,2002,0.66
Gabon,GAB,2003,0.66
Gabon,GAB,2004,0.66
Gabon,GAB,2005,0.65
Gabon,GAB,2006,0.65
Gabon,GAB,2007,0.66
Gabon,GAB,2008,0.67
Gabon,GAB,2009,0.67
Gabon,GAB,2010,0.66
Gabon,GAB,2011,0.67
Gabon,GAB,2012,0.68
Gabon,GAB,2013,0.68
Gabon,GAB,2014,0.69
Gabon,GAB,2015,0.7
Gabon,GAB,2016,0.71
Gabon,GAB,2017,0.72
Gabon,GAB,2018,0.73
Gabon,GAB,2019,0.74
Gambia,GMB,2000,0.18
Gambia,GMB,2001,0.17
Gambia,GMB,2002,0.17
Gambia,GMB,2003,0.18
Gambia,GMB,2004,0.19
Gambia,GMB,2005,0.2
Gambia,GMB,2006,0.19
Gambia,GMB,2007,0.19
Gambia,GMB,2008,0.19
Gambia,GMB,2009,0.19
Gambia,GMB,2010,0.19
Gambia,GMB,2011,0.18
Gambia,GMB,2012,0.18
Gambia,GMB,2013,0.19
Gambia,GMB,2014,0.21
Gambia,GMB,2015,0.2
Gambia,GMB,2016,0.22
Gambia,GMB,2017,0.23
Gambia,GMB,2018,0.23
Gambia,GMB,2019,0.24
Georgia,GEO,2000,0.38
Georgia,GEO,2001,0.37
Georgia,GEO,2002,0.37
Georgia,GEO,2003,0.35
Georgia,GEO,2004,0.35
Georgia,GEO,2005,0.37
Georgia,GEO,2006,0.36
Georgia,GEO,2007,0.35
Georgia,GEO,2008,0.36
Georgia,GEO,2009,0.34
Georgia,GEO,2010,0.36
Georgia,GEO,2011,0.36
Georgia,GEO,2012,0.39
Georgia,GEO,2013,0.36
Georgia,GEO,2014,0.38
Georgia,GEO,2015,0.37
Georgia,GEO,2016,0.44
Georgia,GEO,2017,0.49
Georgia,GEO,2018,0.53
Georgia,GEO,2019,0.58
Germany,DEU,2000,1.81
Germany,DEU,2001,1.75
Germany,DEU,2002,1.68
Germany,DEU,2003,1.64
Germany,DEU,2004,1.56
Germany,DEU,2005,1.54
Germany,DEU,2006,1.51
Germany,DEU,2007,1.53
Germany,DEU,2008,1.56
Germany,DEU,2009,1.57
Germany,DEU,2010,1.57
Germany,DEU,2011,1.54
Germany,DEU,2012,1.53
Germany,DEU,2013,1.56
Germany,DEU,2014,1.59
Germany,DEU,2015,1.68
Germany,DEU,2016,1.74
Germany,DEU,2017,1.76
Germany,DEU,2018,1.8
Germany,DEU,2019,1.86
Ghana,GHA,2000,0.33
Ghana,GHA,2001,0.3
Ghana,GHA,2002,0.27
Ghana,GHA,2003,0.24
Ghana,GHA,2004,0.21
Ghana,GHA,2005,0.19
Ghana,GHA,2006,0.18
Ghana,GHA,2007,0.16
Ghana,GHA,2008,0.18
Ghana,GHA,2009,0.18
Ghana,GHA,2010,0.19
Ghana,GHA,2011,0.2
Ghana,GHA,2012,0.21
Ghana,GHA,2013,0.21
Ghana,GHA,2014,0.22
Ghana,GHA,2015,0.22
Ghana,GHA,2016,0.23
Ghana,GHA,2017,0.24
Ghana,GHA,2018,0.25
Ghana,GHA,2019,0.25
Greece,GRC,2000,2.92
Greece,GRC,2001,3.06
Greece,GRC,2002,2.88
Greece,GRC,2003,2.8
Greece,GRC,2004,2.87
Greece,GRC,2005,3.0
Greece,GRC,2006,3.01
Greece,GRC,2007,3.01
Greece,GRC,2008,2.85
Greece,GRC,2009,2.82
Greece,GRC,2010,2.57
Greece,GRC,2011,2.33
Greece,GRC,2012,2.14
Greece,GRC,2013,1.92
Greece,GRC,2014,1.8
Greece,GRC,2015,1.81
Greece,GRC,2016,1.78
Greece,GRC,2017,1.77
Greece,GRC,2018,1.84
Greece,GRC,2019,1.89
Greenland,GRL,2000,1.96
Greenland,GRL,2001,2.17
Greenland,GRL,2002,2.26
Greenland,GRL,2003,2.32
Greenland,GRL,2004,2.32
Greenland,GRL,2005,2.34
Greenland,GRL,2006,2.36
Greenland,GRL,2007,2.4
Greenland,GRL,2008,2.52
Greenland,GRL,2009,2.57
Greenland,GRL,2010,2.55
Greenland,GRL,2011,2.58
Greenland,GRL,2012,2.59
Greenland,GRL,2013,2.59
Greenland,GRL,2014,2.62
Greenland,GRL,2015,2.63
Greenland,GRL,2016,2.74
Greenland,GRL,2017,2.86
Greenland,GRL,2018,2.97
Greenland,GRL,2019,3.08
Grenada,GRD,2000,0.97
Grenada,GRD,2001,1.1
Grenada,GRD,2002,1.09
Grenada,GRD,2003,1.06
Grenada,GRD,2004,1.04
Grenada,GRD,2005,1.02
Grenada,GRD,2006,0.99
Grenada,GRD,2007,0.97
Grenada,GRD,2008,0.92
Grenada,GRD,2009,0.85
Grenada,GRD,2010,0.8
Grenada,GRD,2011,0.76
Grenada,GRD,2012,0.71
Grenada,GRD,2013,0.7
Grenada,GRD,2014,0.68
Grenada,GRD,2015,0.66
Grenada,GRD,2016,0.68
Grenada,GRD,2017,0.72
Grenada,GRD,2018,0.77
Grenada,GRD,2019,0.8
Guam,GUM,2000,0.42
Guam,GUM,2001,0.34
Guam,GUM,2002,0.45
Guam,GUM,2003,0.55
Guam,GUM,2004,0.53
Guam,GUM,2005,0.5
Guam,GUM,2006,0.48
Guam,GUM,2007,0.47
Guam,GUM,2008,0.49
Guam,GUM,2009,0.51
Guam,GUM,2010,0.52
Guam,GUM,2011,0.52
Guam,GUM,2012,0.54
Guam,GUM,2013,0.57
Guam,GUM,2014,0.6
Guam,GUM,2015,0.63
Guam,GUM,2016,0.63
Guam,GUM,2017,0.63
Guam,GUM,2018,0.66
Guam,GUM,2019,0.67
Guatemala,GTM,2000,1.04
Guatemala,GTM,2001,0.82
Guatemala,GTM,2002,0.61
Guatemala,GTM,2003,0.48
Guatemala,GTM,2004,0.41
Guatemala,GTM,2005,0.33
Guatemala,GTM,2006,0.34
Guatemala,GTM,2007,0.36
Guatemala,GTM,2008,0.43
Guatemala,GTM,2009,0.59
Guatemala,GTM,2010,0.67
Guatemala,GTM,2011,0.95
Guatemala,GTM,2012,1.11
Guatemala,GTM,2013,1.21
Guatemala,GTM,2014,1.26
Guatemala,GTM,2015,1.33
Guatemala,GTM,2016,1.39
Guatemala,GTM,2017,1.4
Guatemala,GTM,2018,1.35
Guatemala,GTM,2019,1.35
Guinea,GIN,2000,0.17
Guinea,GIN,2001,0.17
Guinea,GIN,2002,0.17
Guinea,GIN,2003,0.17
Guinea,GIN,2004,0.17
Guinea,GIN,2005,0.17
Guinea,GIN,2006,0.18
Guinea,GIN,2007,0.18
Guinea,GIN,2008,0.18
Guinea,GIN,2009,0.19
Guinea,GIN,2010,0.19
Guinea,GIN,2011,0.19
Guinea,GIN,2012,0.2
Guinea,GIN,2013,0.2
Guinea,GIN,2014,0.21
Guinea,GIN,2015,0.21
Guinea,GIN,2016,0.21
Guinea,GIN,2017,0.21
Guinea,GIN,2018,0.22
Guinea,GIN,2019,0.22
Guinea-Bissau,GNB,2000,0.27
Guinea-Bissau,GNB,2001,0.27
Guinea-Bissau,GNB,2002,0.27
Guinea-Bissau,GNB,2003,0.27
Guinea-Bissau,GNB,2004,0.27
Guinea-Bissau,GNB,2005,0.27
Guinea-Bissau,GNB,2006,0.27
Guinea-Bissau,GNB,2007,0.27
Guinea-Bissau,GNB,2008,0.28
Guinea-Bissau,GNB,2009,0.28
Guinea-Bissau,GNB,2010,0.28
Guinea-Bissau,GNB,2011,0.28
Guinea-Bissau,GNB,2012,0.28
Guinea-Bissau,GNB,2013,0.28
Guinea-Bissau,GNB,2014,0.29
Guinea-Bissau,GNB,2015,0.29
Guinea-Bissau,GNB,2016,0.29
Guinea-Bissau,GNB,2017,0.29
Guinea-Bissau,GNB,2018,0.29
Guinea-Bissau,GNB,2019,0.3
Guyana,GUY,2000,0.23
Guyana,GUY,2001,0.21
Guyana,GUY,2002,0.21
Guyana,GUY,2003,0.2
Guyana,GUY,2004,0.2
Guyana,GUY,2005,0.19
Guyana,GUY,2006,0.19
Guyana,GUY,2007,0.19
Guyana,GUY,2008,0.19
Guyana,GUY,2009,0.19
Guyana,GUY,2010,0.19
Guyana,GUY,2011,0.19
Guyana,GUY,2012,0.2
Guyana,GUY,2013,0.2
Guyana,GUY,2014,0.22
Guyana,GUY,2015,0.23
Guyana,GUY,2016,0.25
Guyana,GUY,2017,0.26
Guyana,GUY,2018,0.27
Guyana,GUY,2019,0.29
Haiti,HTI,2000,0.28
Haiti,HTI,2001,0.29
Haiti,HTI,2002,0.29
Haiti,HTI,2003,0.29
Haiti,HTI,2004,0.3
Haiti,HTI,2005,0.3
Haiti,HTI,2006,0.31
Haiti,HTI,2007,0.31
Haiti,HTI,2008,0.31
Haiti,HTI,2009,0.31
Haiti,HTI,2010,0.31
Haiti,HTI,2011,0.33
Haiti,HTI,2012,0.33
Haiti,HTI,2013,0.34
Haiti,HTI,2014,0.35
Haiti,HTI,2015,0.35
Haiti,HTI,2016,0.36
Haiti,HTI,2017,0.36
Haiti,HTI,2018,0.37
Haiti,HTI,2019,0.37
Honduras,HND,2000,1.14
Honduras,HND,2001,1.17
Honduras,HND,2002,1.2
Honduras,HND,2003,1.23
Honduras,HND,2004,1.25
Honduras,HND,2005,1.26
Honduras,HND,2006,1.27
Honduras,HND,2007,1.27
Honduras,HND,2008,1.27
Honduras,HND,2009,1.28
Honduras,HND,2010,1.31
Honduras,HND,2011,1.36
Honduras,HND,2012,1.44
Honduras,HND,2013,1.46
Honduras,HND,2014,1.48
Honduras,HND,2015,1.49
Honduras,HND,2016,1.51
Honduras,HND,2017,1.53
Honduras,HND,2018,1.55
Honduras,HND,2019,1.57
Hungary,HUN,2000,0.43
Hungary,HUN,2001,0.43
Hungary,HUN,2002,0.42
Hungary,HUN,2003,0.43
Hungary,HUN,2004,0.43
Hungary,HUN,2005,0.44
Hungary,HUN,2006,0.45
Hungary,HUN,2007,0.45
Hungary,HUN,2008,0.44
Hungary,HUN,2009,0.44
Hungary,HUN,2010,0.42
Hungary,HUN,2011,0.4
Hungary,HUN,2012,0.41
Hungary,HUN,2013,0.4
Hungary,HUN,2014,0.42
Hungary,HUN,2015,0.44
Hungary,HUN,2016,0.46
Hungary,HUN,2017,0.52
Hungary,HUN,2018,0.54
Hungary,HUN,2019,0.58
Iceland,ISL,2000,2.57
Iceland,ISL,2001,2.57
Iceland,ISL,2002,2.51
Iceland,ISL,2003,2.51
Iceland,ISL,2004,2.54
Iceland,ISL,2005,2.56
Iceland,ISL,2006,2.57
Iceland,ISL,2007,2.59
Iceland,ISL,2008,2.65
Iceland,ISL,2009,2.7
Iceland,ISL,2010,2.72
Iceland,ISL,2011,2.78
Iceland,ISL,2012,2.83
Iceland,ISL,2013,2.89
Iceland,ISL,2014,2.9
Iceland,ISL,2015,3.03
Iceland,ISL,2016,3.14
Iceland,ISL,2017,3.31
Iceland,ISL,2018,3.82
Iceland,ISL,2019,3.69
India,IND,2000,0.67
India,IND,2001,0.68
India,IND,2002,0.68
India,IND,2003,0.67
India,IND,2004,0.67
India,IND,2005,0.72
India,IND,2006,0.68
India,IND,2007,0.66
India,IND,2008,0.65
India,IND,2009,0.63
India,IND,2010,0.61
India,IND,2011,0.59
India,IND,2012,0.56
India,IND,2013,0.59
India,IND,2014,0.6
India,IND,2015,0.61
India,IND,2016,0.62
India,IND,2017,0.63
India,IND,2018,0.65
India,IND,2019,0.67
Indonesia,IDN,2000,0.2
Indonesia,IDN,2001,0.21
Indonesia,IDN,2002,0.21
Indonesia,IDN,2003,0.22
Indonesia,IDN,2004,0.23
Indonesia,IDN,2005,0.23
Indonesia,IDN,2006,0.23
Indonesia,IDN,2007,0.22
Indonesia,IDN,2008,0.22
Indonesia,IDN,2009,0.22
Indonesia,IDN,2010,0.22
Indonesia,IDN,2011,0.22
Indonesia,IDN,2012,0.23
Indonesia,IDN,2013,0.23
Indonesia,IDN,2014,0.23
Indonesia,IDN,2015,0.24
Indonesia,IDN,2016,0.24
Indonesia,IDN,2017,0.24
Indonesia,IDN,2018,0.24
Indonesia,IDN,2019,0.24
Iran,IRN,2000,3.77
Iran,IRN,2001,4.01
Iran,IRN,2002,4.18
Iran,IRN,2003,4.37
Iran,IRN,2004,4.62
Iran,IRN,2005,4.72
Iran,IRN,2006,4.77
Iran,IRN,2007,4.85
Iran,IRN,2008,4.81
Iran,IRN,2009,4.62
Iran,IRN,2010,4.46
Iran,IRN,2011,4.2
Iran,IRN,2012,3.91
Iran,IRN,2013,3.56
Iran,IRN,2014,3.39
Iran,IRN,2015,3.24
Iran,IRN,2016,3.16
Iran,IRN,2017,3.12
Iran,IRN,2018,3.12
Iran,IRN,2019,3.12
Iraq,IRQ,2000,1.83
Iraq,IRQ,2001,1.85
Iraq,IRQ,2002,1.85
Iraq,IRQ,2003,1.86
Iraq,IRQ,2004,1.84
Iraq,IRQ,2005,1.82
Iraq,IRQ,2006,1.82
Iraq,IRQ,2007,1.82
Iraq,IRQ,2008,1.8
Iraq,IRQ,2009,1.8
Iraq,IRQ,2010,1.79
Iraq,IRQ,2011,1.79
Iraq,IRQ,2012,1.77
Iraq,IRQ,2013,1.75
Iraq,IRQ,2014,1.74
Iraq,IRQ,2015,1.7
Iraq,IRQ,2016,1.67
Iraq,IRQ,2017,1.66
Iraq,IRQ,2018,1.66
Iraq,IRQ,2019,1.63
Ireland,IRL,2000,2.89
Ireland,IRL,2001,2.88
Ireland,IRL,2002,2.91
Ireland,IRL,2003,2.88
Ireland,IRL,2004,3.0
Ireland,IRL,2005,3.27
Ireland,IRL,2006,3.48
Ireland,IRL,2007,3.59
Ireland,IRL,2008,3.78
Ireland,IRL,2009,3.94
Ireland,IRL,2010,3.73
Ireland,IRL,2011,3.83
Ireland,IRL,2012,3.66
Ireland,IRL,2013,3.59
Ireland,IRL,2014,3.51
Ireland,IRL,2015,3.45
Ireland,IRL,2016,3.45
Ireland,IRL,2017,3.56
Ireland,IRL,2018,3.75
Ireland,IRL,2019,3.87
Israel,ISR,2000,1.18
Israel,ISR,2001,1.26
Israel,ISR,2002,1.28
Israel,ISR,2003,1.18
Israel,ISR,2004,1.08
Israel,ISR,2005,0.92
Israel,ISR,2006,0.82
Israel,ISR,2007,0.77
Israel,ISR,2008,0.7
Israel,ISR,2009,0.64
Israel,ISR,2010,0.58
Israel,ISR,2011,0.55
Israel,ISR,2012,0.51
Israel,ISR,2013,0.53
Israel,ISR,2014,0.52
Israel,ISR,2015,0.53
Israel,ISR,2016,0.54
Israel,ISR,2017,0.58
Israel,ISR,2018,0.61
Israel,ISR,2019,0.64
Italy,ITA,2000,1.46
Italy,ITA,2001,1.31
Italy,ITA,2002,1.16
Italy,ITA,2003,1.06
Italy,ITA,2004,0.99
Italy,ITA,2005,0.95
Italy,ITA,2006,0.9
Italy,ITA,2007,0.87
Italy,ITA,2008,0.81
Italy,ITA,2009,0.76
Italy,ITA,2010,0.71
Italy,ITA,2011,0.69
Italy,ITA,2012,0.69
Italy,ITA,2013,0.68
Italy,ITA,2014,0.66
Italy,ITA,2015,0.68
Italy,ITA,2016,0.68
Italy,ITA,2017,0.73
Italy,ITA,2018,0.79
Italy,ITA,2019,0.84
Jamaica,JAM,2000,0.24
Jamaica,JAM,2001,0.21
Jamaica,JAM,2002,0.2
Jamaica,JAM,2003,0.16
Jamaica,JAM,2004,0.16
Jamaica,JAM,2005,0.15
Jamaica,JAM,2006,0.15
Jamaica,JAM,2007,0.16
Jamaica,JAM,2008,0.19
Jamaica,JAM,2009,0.19
Jamaica,JAM,2010,0.16
Jamaica,JAM,2011,0.17
Jamaica,JAM,2012,0.16
Jamaica,JAM,2013,0.16
Jamaica,JAM,2014,0.18
Jamaica,JAM,2015,0.18
Jamaica,JAM,2016,0.19
Jamaica,JAM,2017,0.19
Jamaica,JAM,2018,0.2
Jamaica,JAM,2019,0.21
Japan,JPN,2000,0.28
Japan,JPN,2001,0.28
Japan,JPN,2002,0.28
Japan,JPN,2003,0.29
Japan,JPN,2004,0.29
Japan,JPN,2005,0.29
Japan,JPN,2006,0.29
Japan,JPN,2007,0.29
Japan,JPN,2008,0.29
Japan,JPN,2009,0.29
Japan,JPN,2010,0.29
Japan,JPN,2011,0.29
Japan,JPN,2012,0.28
Japan,JPN,2013,0.27
Japan,JPN,2014,0.27
Japan,JPN,2015,0.26
Japan,JPN,2016,0.26
Japan,JPN,2017,0.26
Japan,JPN,2018,0.27
Japan,JPN,2019,0.27
Jordan,JOR,2000,0.22
Jordan,JOR,2001,0.22
Jordan,JOR,2002,0.21
Jordan,JOR,2003,0.21
Jordan,JOR,2004,0.2
Jordan,JOR,2005,0.23
Jordan,JOR,2006,0.21
Jordan,JOR,2007,0.2
Jordan,JOR,2008,0.19
Jordan,JOR,2009,0.18
Jordan,JOR,2010,0.17
Jordan,JOR,2011,0.16
Jordan,JOR,2012,0.16
Jordan,JOR,2013,0.16
Jordan,JOR,2014,0.16
Jordan,JOR,2015,0.17
Jordan,JOR,2016,0.17
Jordan,JOR,2017,0.18
Jordan,JOR,2018,0.19
Jordan,JOR,2019,0.19
Kazakhstan,KAZ,2000,3.51
Kazakhstan,KAZ,2001,3.54
Kazakhstan,KAZ,2002,3.53
Kazakhstan,KAZ,2003,3.64
Kazakhstan,KAZ,2004,3.93
Kazakhstan,KAZ,2005,4.14
Kazakhstan,KAZ,2006,4.27
Kazakhstan,KAZ,2007,4.17
Kazakhstan,KAZ,2008,3.86
Kazakhstan,KAZ,2009,3.54
Kazakhstan,KAZ,2010,3.41
Kazakhstan,KAZ,2011,3.32
Kazakhstan,KAZ,2012,3.3
Kazakhstan,KAZ,2013,3.33
Kazakhstan,KAZ,2014,3.22
Kazakhstan,KAZ,2015,3.22
Kazakhstan,KAZ,2016,3.22
Kazakhstan,KAZ,2017,3.13
Kazakhstan,KAZ,2018,3.48
Kazakhstan,KAZ,2019,3.87
Kenya,KEN,2000,0.2
Kenya,KEN,2001,0.21
Kenya,KEN,2002,0.23
Kenya,KEN,2003,0.24
Kenya,KEN,2004,0.25
Kenya,KEN,2005,0.25
Kenya,KEN,2006,0.25
Kenya,KEN,2007,0.26
Kenya,KEN,2008,0.26
Kenya,KEN,2009,0.27
Kenya,KEN,2010,0.27
Kenya,KEN,2011,0.27
Kenya,KEN,2012,0.27
Kenya,KEN,2013,0.27
Kenya,KEN,2014,0.27
Kenya,KEN,2015,0.27
Kenya,KEN,2016,0.28
Kenya,KEN,2017,0.28
Kenya,KEN,2018,0.28
Kenya,KEN,2019,0.29
Kiribati,KIR,2000,0.9
Kiribati,KIR,2001,0.88
Kiribati,KIR,2002,0.86
Kiribati,KIR,2003,0.84
Kiribati,KIR,2004,0.83
Kiribati,KIR,2005,0.82
Kiribati,KIR,2006,0.82
Kiribati,KIR,2007,0.83
Kiribati,KIR,2008,0.83
Kiribati,KIR,2009,0.84
Kiribati,KIR,2010,0.84
Kiribati,KIR,2011,0.84
Kiribati,KIR,2012,0.85
Kiribati,KIR,2013,0.85
Kiribati,KIR,2014,0.86
Kiribati,KIR,2015,0.87
Kiribati,KIR,2016,0.89
Kiribati,KIR,2017,0.91
Kiribati,KIR,2018,0.93
Kiribati,KIR,2019,0.94
Kuwait,KWT,2000,0.62
Kuwait,KWT,2001,0.46
Kuwait,KWT,2002,0.44
Kuwait,KWT,2003,0.36
Kuwait,KWT,2004,0.43
Kuwait,KWT,2005,0.42
Kuwait,KWT,2006,0.47
Kuwait,KWT,2007,0.47
Kuwait,KWT,2008,0.54
Kuwait,KWT,2009,0.52
Kuwait,KWT,2010,0.49
Kuwait,KWT,2011,0.51
Kuwait,KWT,2012,0.57
Kuwait,KWT,2013,0.57
Kuwait,KWT,2014,0.56
Kuwait,KWT,2015,0.56
Kuwait,KWT,2016,0.57
Kuwait,KWT,2017,0.58
Kuwait,KWT,2018,0.58
Kuwait,KWT,2019,0.59
Kyrgyzstan,KGZ,2000,1.85
Kyrgyzstan,KGZ,2001,1.85
Kyrgyzstan,KGZ,2002,1.77
Kyrgyzstan,KGZ,2003,1.79
Kyrgyzstan,KGZ,2004,1.87
Kyrgyzstan,KGZ,2005,1.91
Kyrgyzstan,KGZ,2006,2.05
Kyrgyzstan,KGZ,2007,2.01
Kyrgyzstan,KGZ,2008,2.0
Kyrgyzstan,KGZ,2009,1.93
Kyrgyzstan,KGZ,2010,1.82
Kyrgyzstan,KGZ,2011,1.65
Kyrgyzstan,KGZ,2012,1.48
Kyrgyzstan,KGZ,2013,1.31
Kyrgyzstan,KGZ,2014,1.21
Kyrgyzstan,KGZ,2015,1.1
Kyrgyzstan,KGZ,2016,0.95
Kyrgyzstan,KGZ,2017,0.95
Kyrgyzstan,KGZ,2018,1.01
Kyrgyzstan,KGZ,2019,1.04
Laos,LAO,2000,0.32
Laos,LAO,2001,0.31
Laos,LAO,2002,0.3
Laos,LAO,2003,0.29
Laos,LAO,2004,0.28
Laos,LAO,2005,0.28
Laos,LAO,2006,0.28
Laos,LAO,2007,0.27
Laos,LAO,2008,0.27
Laos,LAO,2009,0.27
Laos,LAO,2010,0.26
Laos,LAO,2011,0.26
Laos,LAO,2012,0.26
Laos,LAO,2013,0.26
Laos,LAO,2014,0.26
Laos,LAO,2015,0.26
Laos,LAO,2016,0.26
Laos,LAO,2017,0.26
Laos,LAO,2018,0.26
Laos,LAO,2019,0.26
Latvia,LVA,2000,2.75
Latvia,LVA,2001,2.84
Latvia,LVA,2002,2.75
Latvia,LVA,2003,2.46
Latvia,LVA,2004,2.33
Latvia,LVA,2005,2.39
Latvia,LVA,2006,2.46
Latvia,LVA,2007,2.49
Latvia,LVA,2008,2.32
Latvia,LVA,2009,2.24
Latvia,LVA,2010,2.06
Latvia,LVA,2011,1.86
Latvia,LVA,2012,1.85
Latvia,LVA,2013,1.79
Latvia,LVA,2014,1.77
Latvia,LVA,2015,1.81
Latvia,LVA,2016,1.88
Latvia,LVA,2017,2.03
Latvia,LVA,2018,2.17
Latvia,LVA,2019,2.31
Lebanon,LBN,2000,1.3
Lebanon,LBN,2001,1.31
Lebanon,LBN,2002,1.33
Lebanon,LBN,2003,1.36
Lebanon,LBN,2004,1.4
Lebanon,LBN,2005,1.43
Lebanon,LBN,2006,1.47
Lebanon,LBN,2007,1.51
Lebanon,LBN,2008,1.55
Lebanon,LBN,2009,1.59
Lebanon,LBN,2010,1.64
Lebanon,LBN,2011,1.71
Lebanon,LBN,2012,1.78
Lebanon,LBN,2013,1.86
Lebanon,LBN,2014,1.94
Lebanon,LBN,2015,2.01
Lebanon,LBN,2016,2.09
Lebanon,LBN,2017,2.18
Lebanon,LBN,2018,2.26
Lebanon,LBN,2019,2.34
Lesotho,LSO,2000,0.32
Lesotho,LSO,2001,0.32
Lesotho,LSO,2002,0.32
Lesotho,LSO,2003,0.33
Lesotho,LSO,2004,0.35
Lesotho,LSO,2005,0.35
Lesotho,LSO,2006,0.36
Lesotho,LSO,2007,0.36
Lesotho,LSO,2008,0.37
Lesotho,LSO,2009,0.37
Lesotho,LSO,2010,0.38
Lesotho,LSO,2011,0.38
Lesotho,LSO,2012,0.39
Lesotho,LSO,2013,0.41
Lesotho,LSO,2014,0.42
Lesotho,LSO,2015,0.42
Lesotho,LSO,2016,0.42
Lesotho,LSO,2017,0.42
Lesotho,LSO,2018,0.42
Lesotho,LSO,2019,0.42
Liberia,LBR,2000,0.17
Liberia,LBR,2001,0.17
Liberia,LBR,2002,0.17
Liberia,LBR,2003,0.17
Liberia,LBR,2004,0.17
Liberia,LBR,2005,0.17
Liberia,LBR,2006,0.17
Liberia,LBR,2007,0.18
Liberia,LBR,2008,0.18
Liberia,LBR,2009,0.19
Liberia,LBR,2010,0.19
Liberia,LBR,2011,0.19
Liberia,LBR,2012,0.2
Liberia,LBR,2013,0.2
Liberia,LBR,2014,0.2
Liberia,LBR,2015,0.2
Liberia,LBR,2016,0.2
Liberia,LBR,2017,0.2
Liberia,LBR,2018,0.2
Liberia,LBR,2019,0.21
Libya,LBY,2000,1.58
Libya,LBY,2001,1.65
Libya,LBY,2002,1.73
Libya,LBY,2003,1.78
Libya,LBY,2004,1.74
Libya,LBY,2005,1.79
Libya,LBY,2006,1.87
Libya,LBY,2007,2.12
Libya,LBY,2008,2.27
Libya,LBY,2009,2.41
Libya,LBY,2010,2.44
Libya,LBY,2011,2.48
Libya,LBY,2012,2.46
Libya,LBY,2013,2.48
Libya,LBY,2014,2.53
Libya,LBY,2015,2.53
Libya,LBY,2016,2.54
Libya,LBY,2017,2.58
Libya,LBY,2018,2.63
Libya,LBY,2019,2.67
Lithuania,LTU,2000,2.25
Lithuania,LTU,2001,2.26
Lithuania,LTU,2002,2.08
Lithuania,LTU,2003,2.06
Lithuania,LTU,2004,2.03
Lithuania,LTU,2005,2.18
Lithuania,LTU,2006,2.47
Lithuania,LTU,2007,2.77
Lithuania,LTU,2008,2.79
Lithuania,LTU,2009,2.6
Lithuania,LTU,2010,2.56
Lithuania,LTU,2011,2.61
Lithuania,LTU,2012,2.89
Lithuania,LTU,2013,3.19
Lithuania,LTU,2014,3.59
Lithuania,LTU,2015,4.08
Lithuania,LTU,2016,4.41
Lithuania,LTU,2017,4.48
Lithuania,LTU,2018,5.09
Lithuania,LTU,2019,5.9
Luxembourg,LUX,2000,3.03
Luxembourg,LUX,2001,2.95
Luxembourg,LUX,2002,2.91
Luxembourg,LUX,2003,2.93
Luxembourg,LUX,2004,2.91
Luxembourg,LUX,2005,2.97
Luxembourg,LUX,2006,2.99
Luxembourg,LUX,2007,2.85
Luxembourg,LUX,2008,2.75
Luxembourg,LUX,2009,2.65
Luxembourg,LUX,2010,2.55
Luxembourg,LUX,2011,2.54
Luxembourg,LUX,2012,2.51
Luxembourg,LUX,2013,2.46
Luxembourg,LUX,2014,2.49
Luxembourg,LUX,2015,2.54
Luxembourg,LUX,2016,2.35
Luxembourg,LUX,2017,2.2
Luxembourg,LUX,2018,2.11
Luxembourg,LUX,2019,2.04
Madagascar,MDG,2000,0.25
Madagascar,MDG,2001,0.25
Madagascar,MDG,2002,0.26
Madagascar,MDG,2003,0.27
Madagascar,MDG,2004,0.27
Madagascar,MDG,2005,0.27
Madagascar,MDG,2006,0.27
Madagascar,MDG,2007,0.26
Madagascar,MDG,2008,0.27
Madagascar,MDG,2009,0.27
Madagascar,MDG,2010,0.27
Madagascar,MDG,2011,0.27
Madagascar,MDG,2012,0.27
Madagascar,MDG,2013,0.28
Madagascar,MDG,2014,0.28
Madagascar,MDG,2015,0.28
Madagascar,MDG,2016,0.29
Madagascar,MDG,2017,0.3
Madagascar,MDG,2018,0.3
Madagascar,MDG,2019,0.31
Malawi,MWI,2000,0.32
Malawi,MWI,2001,0.32
Malawi,MWI,2002,0.32
Malawi,MWI,2003,0.32
Malawi,MWI,2004,0.33
Malawi,MWI,2005,0.32
Malawi,MWI,2006,0.32
Malawi,MWI,2007,0.32
Malawi,MWI,2008,0.32
Malawi,MWI,2009,0.33
Malawi,MWI,2010,0.33
Malawi,MWI,2011,0.34
Malawi,MWI,2012,0.34
Malawi,MWI,2013,0.34
Malawi,MWI,2014,0.34
Malawi,MWI,2015,0.34
Malawi,MWI,2016,0.35
Malawi,MWI,2017,0.35
Malawi,MWI,2018,0.35
Malawi,MWI,2019,0.36
Malaysia,MYS,2000,0.34
Malaysia,MYS,2001,0.33
Malaysia,MYS,2002,0.32
Malaysia,MYS,2003,0.33
Malaysia,MYS,2004,0.33
Malaysia,MYS,2005,0.33
Malaysia,MYS,2006,0.33
Malaysia,MYS,2007,0.33
Malaysia,MYS,2008,0.34
Malaysia,MYS,2009,0.35
Malaysia,MYS,2010,0.35
Malaysia,MYS,2011,0.35
Malaysia,MYS,2012,0.35
Malaysia,MYS,2013,0.34
Malaysia,MYS,2014,0.36
Malaysia,MYS,2015,0.37
Malaysia,MYS,2016,0.39
Malaysia,MYS,2017,0.4
Malaysia,MYS,2018,0.41
Malaysia,MYS,2019,0.43
Maldives,MDV,2000,0.28
Maldives,MDV,2001,0.28
Maldives,MDV,2002,0.28
Maldives,MDV,2003,0.29
Maldives,MDV,2004,0.31
Maldives,MDV,2005,0.32
Maldives,MDV,2006,0.32
Maldives,MDV,2007,0.34
Maldives,MDV,2008,0.35
Maldives,MDV,2009,0.37
Maldives,MDV,2010,0.37
Maldives,MDV,2011,0.37
Maldives,MDV,2012,0.37
Maldives,MDV,2013,0.37
Maldives,MDV,2014,0.37
Maldives,MDV,2015,0.37
Maldives,MDV,2016,0.36
Maldives,MDV,2017,0.34
Maldives,MDV,2018,0.33
Maldives,MDV,2019,0.33
Mali,MLI,2000,0.13
Mali,MLI,2001,0.13
Mali,MLI,2002,0.13
Mali,MLI,2003,0.13
Mali,MLI,2004,0.13
Mali,MLI,2005,0.13
Mali,MLI,2006,0.13
Mali,MLI,2007,0.13
Mali,MLI,2008,0.13
Mali,MLI,2009,0.13
Mali,MLI,2010,0.13
Mali,MLI,2011,0.13
Mali,MLI,2012,0.13
Mali,MLI,2013,0.14
Mali,MLI,2014,0.14
Mali,MLI,2015,0.14
Mali,MLI,2016,0.15
Mali,MLI,2017,0.15
Mali,MLI,2018,0.15
Mali,MLI,2019,0.15
Malta,MLT,2000,1.18
Malta,MLT,2001,1.18
Malta,MLT,2002,1.17
Malta,MLT,2003,1.19
Malta,MLT,2004,1.22
Malta,MLT,2005,1.28
Malta,MLT,2006,1.39
Malta,MLT,2007,1.44
Malta,MLT,2008,1.48
Malta,MLT,2009,1.5
Malta,MLT,2010,1.52
Malta,MLT,2011,1.54
Malta,MLT,2012,1.56
Malta,MLT,2013,1.58
Malta,MLT,2014,1.61
Malta,MLT,2015,1.62
Malta,MLT,2016,1.67
Malta,MLT,2017,1.73
Malta,MLT,2018,1.79
Malta,MLT,2019,1.85
Marshall Islands,MHL,2000,0.76
Marshall Islands,MHL,2001,0.76
Marshall Islands,MHL,2002,0.76
Marshall Islands,MHL,2003,0.77
Marshall Islands,MHL,2004,0.77
Marshall Islands,MHL,2005,0.77
Marshall Islands,MHL,2006,0.79
Marshall Islands,MHL,2007,0.8
Marshall Islands,MHL,2008,0.8
Marshall Islands,MHL,2009,0.81
Marshall Islands,MHL,2010,0.81
Marshall Islands,MHL,2011,0.82
Marshall Islands,MHL,2012,0.83
Marshall Islands,MHL,2013,0.83
Marshall Islands,MHL,2014,0.84
Marshall Islands,MHL,2015,0.85
Marshall Islands,MHL,2016,0.86
Marshall Islands,MHL,2017,0.87
Marshall Islands,MHL,2018,0.88
Marshall Islands,MHL,2019,0.89
Mauritania,MRT,2000,0.2
Mauritania,MRT,2001,0.2
Mauritania,MRT,2002,0.19
Mauritania,MRT,2003,0.18
Mauritania,MRT,2004,0.19
Mauritania,MRT,2005,0.18
Mauritania,MRT,2006,0.19
Mauritania,MRT,2007,0.18
Mauritania,MRT,2008,0.18
Mauritania,MRT,2009,0.19
Mauritania,MRT,2010,0.18
Mauritania,MRT,2011,0.19
Mauritania,MRT,2012,0.19
Mauritania,MRT,2013,0.19
Mauritania,MRT,2014,0.19
Mauritania,MRT,2015,0.19
Mauritania,MRT,2016,0.19
Mauritania,MRT,2017,0.2
Mauritania,MRT,2018,0.2
Mauritania,MRT,2019,0.2
Mauritius,MUS,2000,0.3
Mauritius,MUS,2001,0.31
Mauritius,MUS,2002,0.29
Mauritius,MUS,2003,0.39
Mauritius,MUS,2004,0.46
Mauritius,MUS,2005,0.48
Mauritius,MUS,2006,0.53
Mauritius,MUS,2007,0.65
Mauritius,MUS,2008,0.82
Mauritius,MUS,2009,1.03
Mauritius,MUS,2010,1.09
Mauritius,MUS,2011,1.08
Mauritius,MUS,2012,1.09
Mauritius,MUS,2013,1.02
Mauritius,MUS,2014,1.23
Mauritius,MUS,2015,1.34
Mauritius,MUS,2016,1.35
Mauritius,MUS,2017,1.26
Mauritius,MUS,2018,1.05
Mauritius,MUS,2019,0.95
Mexico,MEX,2000,0.54
Mexico,MEX,2001,0.52
Mexico,MEX,2002,0.5
Mexico,MEX,2003,0.5
Mexico,MEX,2004,0.48
Mexico,MEX,2005,0.47
Mexico,MEX,2006,0.44
Mexico,MEX,2007,0.43
Mexico,MEX,2008,0.42
Mexico,MEX,2009,0.41
Mexico,MEX,2010,0.38
Mexico,MEX,2011,0.37
Mexico,MEX,2012,0.37
Mexico,MEX,2013,0.38
Mexico,MEX,2014,0.38
Mexico,MEX,2015,0.39
Mexico,MEX,2016,0.41
Mexico,MEX,2017,0.43
Mexico,MEX,2018,0.46
Mexico,MEX,2019,0.46
Micronesia (country),FSM,2000,0.8
Micronesia (country),FSM,2001,0.78
Micronesia (country),FSM,2002,0.77
Micronesia (country),FSM,2003,0.77
Micronesia (country),FSM,2004,0.77
Micronesia (country),FSM,2005,0.77
Micronesia (country),FSM,2006,0.78
Micronesia (country),FSM,2007,0.79
Micronesia (country),FSM,2008,0.79
Micronesia (country),FSM,2009,0.8
Micronesia (country),FSM,2010,0.81
Micronesia (country),FSM,2011,0.82
Micronesia (country),FSM,2012,0.83
Micronesia (country),FSM,2013,0.84
Micronesia (country),FSM,2014,0.85
Micronesia (country),FSM,2015,0.87
Micronesia (country),FSM,2016,0.88
Micronesia (country),FSM,2017,0.89
Micronesia (country),FSM,2018,0.9
Micronesia (country),FSM,2019,0.92
Moldova,MDA,2000,0.87
Moldova,MDA,2001,0.86
Moldova,MDA,2002,0.82
Moldova,MDA,2003,0.76
Moldova,MDA,2004,0.74
Moldova,MDA,2005,0.78
Moldova,MDA,2006,0.74
Moldova,MDA,2007,0.7
Moldova,MDA,2008,0.69
Moldova,MDA,2009,0.64
Moldova,MDA,2010,0.7
Moldova,MDA,2011,0.6
Moldova,MDA,2012,0.58
Moldova,MDA,2013,0.58
Moldova,MDA,2014,0.59
Moldova,MDA,2015,0.61
Moldova,MDA,2016,0.57
Moldova,MDA,2017,0.53
Moldova,MDA,2018,0.56
Moldova,MDA,2019,0.59
Monaco,MCO,2000,0.23
Monaco,MCO,2001,0.24
Monaco,MCO,2002,0.25
Monaco,MCO,2003,0.25
Monaco,MCO,2004,0.25
Monaco,MCO,2005,0.25
Monaco,MCO,2006,0.25
Monaco,MCO,2007,0.25
Monaco,MCO,2008,0.25
Monaco,MCO,2009,0.26
Monaco,MCO,2010,0.26
Monaco,MCO,2011,0.26
Monaco,MCO,2012,0.26
Monaco,MCO,2013,0.27
Monaco,MCO,2014,0.27
Monaco,MCO,2015,0.27
Monaco,MCO,2016,0.27
Monaco,MCO,2017,0.27
Monaco,MCO,2018,0.26
Monaco,MCO,2019,0.26
Mongolia,MNG,2000,0.51
Mongolia,MNG,2001,0.52
Mongolia,MNG,2002,0.53
Mongolia,MNG,2003,0.54
Mongolia,MNG,2004,0.56
Mongolia,MNG,2005,0.58
Mongolia,MNG,2006,0.58
Mongolia,MNG,2007,0.59
Mongolia,MNG,2008,0.59
Mongolia,MNG,2009,0.59
Mongolia,MNG,2010,0.6
Mongolia,MNG,2011,0.6
Mongolia,MNG,2012,0.59
Mongolia,MNG,2013,0.58
Mongolia,MNG,2014,0.58
Mongolia,MNG,2015,0.58
Mongolia,MNG,2016,0.59
Mongolia,MNG,2017,0.6
Mongolia,MNG,2018,0.61
Mongolia,MNG,2019,0.63
Montenegro,MNE,2000,0.23
Montenegro,MNE,2001,0.21
Montenegro,MNE,2002,0.19
Montenegro,MNE,2003,0.2
Montenegro,MNE,2004,0.2
Montenegro,MNE,2005,0.21
Montenegro,MNE,2006,0.21
Montenegro,MNE,2007,0.2
Montenegro,MNE,2008,0.2
Montenegro,MNE,2009,0.19
Montenegro,MNE,2010,0.18
Montenegro,MNE,2011,0.17
Montenegro,MNE,2012,0.17
Montenegro,MNE,2013,0.17
Montenegro,MNE,2014,0.17
Montenegro,MNE,2015,0.16
Montenegro,MNE,2016,0.16
Montenegro,MNE,2017,0.16
Montenegro,MNE,2018,0.16
Montenegro,MNE,2019,0.15
Morocco,MAR,2000,0.86
Morocco,MAR,2001,0.88
Morocco,MAR,2002,0.89
Morocco,MAR,2003,0.91
Morocco,MAR,2004,0.91
Morocco,MAR,2005,0.92
Morocco,MAR,2006,0.93
Morocco,MAR,2007,0.95
Morocco,MAR,2008,0.97
Morocco,MAR,2009,0.99
Morocco,MAR,2010,1.01
Morocco,MAR,2011,1.03
Morocco,MAR,2012,1.05
Morocco,MAR,2013,1.05
Morocco,MAR,2014,1.07
Morocco,MAR,2015,1.08
Morocco,MAR,2016,1.1
Morocco,MAR,2017,1.12
Morocco,MAR,2018,1.14
Morocco,MAR,2019,1.15
Mozambique,MOZ,2000,0.34
Mozambique,MOZ,2001,0.35
Mozambique,MOZ,2002,0.35
Mozambique,MOZ,2003,0.36
Mozambique,MOZ,2004,0.38
Mozambique,MOZ,2005,0.41
Mozambique,MOZ,2006,0.44
Mozambique,MOZ,2007,0.48
Mozambique,MOZ,2008,0.54
Mozambique,MOZ,2009,0.59
Mozambique,MOZ,2010,0.64
Mozambique,MOZ,2011,0.68
Mozambique,MOZ,2012,0.72
Mozambique,MOZ,2013,0.75
Mozambique,MOZ,2014,0.77
Mozambique,MOZ,2015,0.78
Mozambique,MOZ,2016,0.8
Mozambique,MOZ,2017,0.81
Mozambique,MOZ,2018,0.82
Mozambique,MOZ,2019,0.82
Myanmar,MMR,2000,0.42
Myanmar,MMR,2001,0.41
Myanmar,MMR,2002,0.41
Myanmar,MMR,2003,0.4
Myanmar,MMR,2004,0.4
Myanmar,MMR,2005,0.4
Myanmar,MMR,2006,0.4
Myanmar,MMR,2007,0.39
Myanmar,MMR,2008,0.39
Myanmar,MMR,2009,0.4
Myanmar,MMR,2010,0.39
Myanmar,MMR,2011,0.39
Myanmar,MMR,2012,0.38
Myanmar,MMR,2013,0.39
Myanmar,MMR,2014,0.39
Myanmar,MMR,2015,0.39
Myanmar,MMR,2016,0.39
Myanmar,MMR,2017,0.39
Myanmar,MMR,2018,0.4
Myanmar,MMR,2019,0.4
Namibia,NAM,2000,0.45
Namibia,NAM,2001,0.43
Namibia,NAM,2002,0.42
Namibia,NAM,2003,0.41
Namibia,NAM,2004,0.38
Namibia,NAM,2005,0.37
Namibia,NAM,2006,0.34
Namibia,NAM,2007,0.33
Namibia,NAM,2008,0.31
Namibia,NAM,2009,0.3
Namibia,NAM,2010,0.3
Namibia,NAM,2011,0.29
Namibia,NAM,2012,0.28
Namibia,NAM,2013,0.29
Namibia,NAM,2014,0.29
Namibia,NAM,2015,0.3
Namibia,NAM,2016,0.3
Namibia,NAM,2017,0.31
Namibia,NAM,2018,0.31
Namibia,NAM,2019,0.32
Nauru,NRU,2000,0.95
Nauru,NRU,2001,0.94
Nauru,NRU,2002,0.94
Nauru,NRU,2003,0.93
Nauru,NRU,2004,0.93
Nauru,NRU,2005,0.93
Nauru,NRU,2006,0.93
Nauru,NRU,2007,0.94
Nauru,NRU,2008,0.94
Nauru,NRU,2009,0.95
Nauru,NRU,2010,0.95
Nauru,NRU,2011,0.94
Nauru,NRU,2012,0.94
Nauru,NRU,2013,0.94
Nauru,NRU,2014,0.93
Nauru,NRU,2015,0.94
Nauru,NRU,2016,0.94
Nauru,NRU,2017,0.96
Nauru,NRU,2018,0.97
Nauru,NRU,2019,0.98
Nepal,NPL,2000,0.1
Nepal,NPL,2001,0.1
Nepal,NPL,2002,0.1
Nepal,NPL,2003,0.1
Nepal,NPL,2004,0.1
Nepal,NPL,2005,0.1
Nepal,NPL,2006,0.11
Nepal,NPL,2007,0.11
Nepal,NPL,2008,0.11
Nepal,NPL,2009,0.12
Nepal,NPL,2010,0.12
Nepal,NPL,2011,0.12
Nepal,NPL,2012,0.13
Nepal,NPL,2013,0.13
Nepal,NPL,2014,0.13
Nepal,NPL,2015,0.13
Nepal,NPL,2016,0.14
Nepal,NPL,2017,0.14
Nepal,NPL,2018,0.14
Nepal,NPL,2019,0.14
Netherlands,NLD,2000,0.66
Netherlands,NLD,2001,0.68
Netherlands,NLD,2002,0.7
Netherlands,NLD,2003,0.72
Netherlands,NLD,2004,0.71
Netherlands,NLD,2005,0.68
Netherlands,NLD,2006,0.67
Netherlands,NLD,2007,0.68
Netherlands,NLD,2008,0.73
Netherlands,NLD,2009,0.75
Netherlands,NLD,2010,0.74
Netherlands,NLD,2011,0.76
Netherlands,NLD,2012,0.78
Netherlands,NLD,2013,0.8
Netherlands,NLD,2014,0.8
Netherlands,NLD,2015,0.86
Netherlands,NLD,2016,0.91
Netherlands,NLD,2017,0.9
Netherlands,NLD,2018,0.92
Netherlands,NLD,2019,0.93
New Zealand,NZL,2000,0.97
New Zealand,NZL,2001,1.04
New Zealand,NZL,2002,1.1
New Zealand,NZL,2003,1.1
New Zealand,NZL,2004,1.12
New Zealand,NZL,2005,1.14
New Zealand,NZL,2006,1.12
New Zealand,NZL,2007,1.19
New Zealand,NZL,2008,1.21
New Zealand,NZL,2009,1.21
New Zealand,NZL,2010,1.21
New Zealand,NZL,2011,1.22
New Zealand,NZL,2012,1.21
New Zealand,NZL,2013,1.2
New Zealand,NZL,2014,1.22
New Zealand,NZL,2015,1.23
New Zealand,NZL,2016,1.29
New Zealand,NZL,2017,1.32
New Zealand,NZL,2018,1.35
New Zealand,NZL,2019,1.38
Nicaragua,NIC,2000,0.27
Nicaragua,NIC,2001,0.27
Nicaragua,NIC,2002,0.26
Nicaragua,NIC,2003,0.27
Nicaragua,NIC,2004,0.27
Nicaragua,NIC,2005,0.26
Nicaragua,NIC,2006,0.21
Nicaragua,NIC,2007,0.23
Nicaragua,NIC,2008,0.22
Nicaragua,NIC,2009,0.21
Nicaragua,NIC,2010,0.2
Nicaragua,NIC,2011,0.21
Nicaragua,NIC,2012,0.21
Nicaragua,NIC,2013,0.2
Nicaragua,NIC,2014,0.21
Nicaragua,NIC,2015,0.2
Nicaragua,NIC,2016,0.21
Nicaragua,NIC,2017,0.22
Nicaragua,NIC,2018,0.22
Nicaragua,NIC,2019,0.22
Niger,NER,2000,0.12
Niger,NER,2001,0.12
Niger,NER,2002,0.12
Niger,NER,2003,0.12
Niger,NER,2004,0.12
Niger,NER,2005,0.12
Niger,NER,2006,0.11
Niger,NER,2007,0.11
Niger,NER,2008,0.11
Niger,NER,2009,0.11
Niger,NER,2010,0.11
Niger,NER,2011,0.11
Niger,NER,2012,0.11
Niger,NER,2013,0.11
Niger,NER,2014,0.12
Niger,NER,2015,0.12
Niger,NER,2016,0.12
Niger,NER,2017,0.12
Niger,NER,2018,0.13
Niger,NER,2019,0.12
Nigeria,NGA,2000,0.17
Nigeria,NGA,2001,0.17
Nigeria,NGA,2002,0.17
Nigeria,NGA,2003,0.17
Nigeria,NGA,2004,0.18
Nigeria,NGA,2005,0.18
Nigeria,NGA,2006,0.18
Nigeria,NGA,2007,0.18
Nigeria,NGA,2008,0.18
Nigeria,NGA,2009,0.19
Nigeria,NGA,2010,0.19
Nigeria,NGA,2011,0.2
Nigeria,NGA,2012,0.21
Nigeria,NGA,2013,0.21
Nigeria,NGA,2014,0.22
Nigeria,NGA,2015,0.22
Nigeria,NGA,2016,0.22
Nigeria,NGA,2017,0.22
Nigeria,NGA,2018,0.22
Nigeria,NGA,2019,0.22
Niue,NIU,2000,0.66
Niue,NIU,2001,0.64
Niue,NIU,2002,0.63
Niue,NIU,2003,0.63
Niue,NIU,2004,0.63
Niue,NIU,2005,0.63
Niue,NIU,2006,0.63
Niue,NIU,2007,0.63
Niue,NIU,2008,0.63
Niue,NIU,2009,0.62
Niue,NIU,2010,0.61
Niue,NIU,2011,0.61
Niue,NIU,2012,0.61
Niue,NIU,2013,0.62
Niue,NIU,2014,0.62
Niue,NIU,2015,0.62
Niue,NIU,2016,0.63
Niue,NIU,2017,0.64
Niue,NIU,2018,0.64
Niue,NIU,2019,0.65
North Korea,PRK,2000,1.07
North Korea,PRK,2001,1.03
North Korea,PRK,2002,1.0
North Korea,PRK,2003,0.97
North Korea,PRK,2004,0.95
North Korea,PRK,2005,0.94
North Korea,PRK,2006,0.94
North Korea,PRK,2007,0.95
North Korea,PRK,2008,0.96
North Korea,PRK,2009,0.97
North Korea,PRK,2010,0.97
North Korea,PRK,2011,0.99
North Korea,PRK,2012,1.0
North Korea,PRK,2013,1.01
North Korea,PRK,2014,1.02
North Korea,PRK,2015,1.03
North Korea,PRK,2016,1.05
North Korea,PRK,2017,1.07
North Korea,PRK,2018,1.09
North Korea,PRK,2019,1.11
North Macedonia,MKD,2000,0.4
North Macedonia,MKD,2001,0.46
North Macedonia,MKD,2002,0.54
North Macedonia,MKD,2003,0.55
North Macedonia,MKD,2004,0.55
North Macedonia,MKD,2005,0.51
North Macedonia,MKD,2006,0.54
North Macedonia,MKD,2007,0.61
North Macedonia,MKD,2008,0.62
North Macedonia,MKD,2009,0.61
North Macedonia,MKD,2010,0.59
North Macedonia,MKD,2011,0.53
North Macedonia,MKD,2012,0.49
North Macedonia,MKD,2013,0.51
North Macedonia,MKD,2014,0.52
North Macedonia,MKD,2015,0.52
North Macedonia,MKD,2016,0.54
North Macedonia,MKD,2017,0.55
North Macedonia,MKD,2018,0.55
North Macedonia,MKD,2019,0.56
Northern Mariana Islands,MNP,2000,0.49
Northern Mariana Islands,MNP,2001,0.51
Northern Mariana Islands,MNP,2002,0.55
Northern Mariana Islands,MNP,2003,0.59
Northern Mariana Islands,MNP,2004,0.61
Northern Mariana Islands,MNP,2005,0.68
Northern Mariana Islands,MNP,2006,0.57
Northern Mariana Islands,MNP,2007,0.51
Northern Mariana Islands,MNP,2008,0.47
Northern Mariana Islands,MNP,2009,0.43
Northern Mariana Islands,MNP,2010,0.49
Northern Mariana Islands,MNP,2011,0.54
Northern Mariana Islands,MNP,2012,0.6
Northern Mariana Islands,MNP,2013,0.64
Northern Mariana Islands,MNP,2014,0.68
Northern Mariana Islands,MNP,2015,0.72
Northern Mariana Islands,MNP,2016,0.72
Northern Mariana Islands,MNP,2017,0.7
Northern Mariana Islands,MNP,2018,0.7
Northern Mariana Islands,MNP,2019,0.71
Norway,NOR,2000,6.66
Norway,NOR,2001,6.96
Norway,NOR,2002,6.79
Norway,NOR,2003,6.52
Norway,NOR,2004,6.58
Norway,NOR,2005,6.36
Norway,NOR,2006,6.19
Norway,NOR,2007,5.93
Norway,NOR,2008,5.76
Norway,NOR,2009,5.62
Norway,NOR,2010,5.35
Norway,NOR,2011,5.14
Norway,NOR,2012,4.89
Norway,NOR,2013,4.72
Norway,NOR,2014,4.57
Norway,NOR,2015,4.35
Norway,NOR,2016,4.19
Norway,NOR,2017,3.99
Norway,NOR,2018,3.99
Norway,NOR,2019,3.99
Oman,OMN,2000,0.36
Oman,OMN,2001,0.37
Oman,OMN,2002,0.38
Oman,OMN,2003,0.39
Oman,OMN,2004,0.38
Oman,OMN,2005,0.39
Oman,OMN,2006,0.41
Oman,OMN,2007,0.44
Oman,OMN,2008,0.46
Oman,OMN,2009,0.47
Oman,OMN,2010,0.46
Oman,OMN,2011,0.45
Oman,OMN,2012,0.43
Oman,OMN,2013,0.41
Oman,OMN,2014,0.4
Oman,OMN,2015,0.39
Oman,OMN,2016,0.39
Oman,OMN,2017,0.39
Oman,OMN,2018,0.39
Oman,OMN,2019,0.39
Pakistan,PAK,2000,0.48
Pakistan,PAK,2001,0.5
Pakistan,PAK,2002,0.53
Pakistan,PAK,2003,0.56
Pakistan,PAK,2004,0.59
Pakistan,PAK,2005,0.62
Pakistan,PAK,2006,0.62
Pakistan,PAK,2007,0.63
Pakistan,PAK,2008,0.64
Pakistan,PAK,2009,0.64
Pakistan,PAK,2010,0.65
Pakistan,PAK,2011,0.64
Pakistan,PAK,2012,0.63
Pakistan,PAK,2013,0.64
Pakistan,PAK,2014,0.62
Pakistan,PAK,2015,0.61
Pakistan,PAK,2016,0.59
Pakistan,PAK,2017,0.57
Pakistan,PAK,2018,0.55
Pakistan,PAK,2019,0.54
Palau,PLW,2000,0.43
Palau,PLW,2001,0.43
Palau,PLW,2002,0.44
Palau,PLW,2003,0.44
Palau,PLW,2004,0.44
Palau,PLW,2005,0.46
Palau,PLW,2006,0.46
Palau,PLW,2007,0.47
Palau,PLW,2008,0.48
Palau,PLW,2009,0.48
Palau,PLW,2010,0.5
Palau,PLW,2011,0.5
Palau,PLW,2012,0.52
Palau,PLW,2013,0.53
Palau,PLW,2014,0.54
Palau,PLW,2015,0.55
Palau,PLW,2016,0.56
Palau,PLW,2017,0.58
Palau,PLW,2018,0.59
Palau,PLW,2019,0.6
Palestine,PSE,2000,0.15
Palestine,PSE,2001,0.15
Palestine,PSE,2002,0.15
Palestine,PSE,2003,0.15
Palestine,PSE,2004,0.15
Palestine,PSE,2005,0.15
Palestine,PSE,2006,0.14
Palestine,PSE,2007,0.14
Palestine,PSE,2008,0.14
Palestine,PSE,2009,0.14
Palestine,PSE,2010,0.14
Palestine,PSE,2011,0.15
Palestine,PSE,2012,0.16
Palestine,PSE,2013,0.17
Palestine,PSE,2014,0.18
Palestine,PSE,2015,0.19
Palestine,PSE,2016,0.2
Palestine,PSE,2017,0.21
Palestine,PSE,2018,0.21
Palestine,PSE,2019,0.22
Panama,PAN,2000,0.49
Panama,PAN,2001,0.49
Panama,PAN,2002,0.51
Panama,PAN,2003,0.54
Panama,PAN,2004,0.5
Panama,PAN,2005,0.48
Panama,PAN,2006,0.54
Panama,PAN,2007,0.47
Panama,PAN,2008,0.42
Panama,PAN,2009,0.37
Panama,PAN,2010,0.36
Panama,PAN,2011,0.36
Panama,PAN,2012,0.35
Panama,PAN,2013,0.34
Panama,PAN,2014,0.34
Panama,PAN,2015,0.34
Panama,PAN,2016,0.37
Panama,PAN,2017,0.4
Panama,PAN,2018,0.42
Panama,PAN,2019,0.45
Papua New Guinea,PNG,2000,0.26
Papua New Guinea,PNG,2001,0.26
Papua New Guinea,PNG,2002,0.26
Papua New Guinea,PNG,2003,0.26
Papua New Guinea,PNG,2004,0.26
Papua New Guinea,PNG,2005,0.26
Papua New Guinea,PNG,2006,0.26
Papua New Guinea,PNG,2007,0.26
Papua New Guinea,PNG,2008,0.26
Papua New Guinea,PNG,2009,0.26
Papua New Guinea,PNG,2010,0.27
Papua New Guinea,PNG,2011,0.28
Papua New Guinea,PNG,2012,0.28
Papua New Guinea,PNG,2013,0.28
Papua New Guinea,PNG,2014,0.28
Papua New Guinea,PNG,2015,0.29
Papua New Guinea,PNG,2016,0.29
Papua New Guinea,PNG,2017,0.3
Papua New Guinea,PNG,2018,0.3
Papua New Guinea,PNG,2019,0.31
Paraguay,PRY,2000,0.11
Paraguay,PRY,2001,0.11
Paraguay,PRY,2002,0.11
Paraguay,PRY,2003,0.13
Paraguay,PRY,2004,0.13
Paraguay,PRY,2005,0.13
Paraguay,PRY,2006,0.13
Paraguay,PRY,2007,0.13
Paraguay,PRY,2008,0.14
Paraguay,PRY,2009,0.16
Paraguay,PRY,2010,0.16
Paraguay,PRY,2011,0.16
Paraguay,PRY,2012,0.17
Paraguay,PRY,2013,0.18
Paraguay,PRY,2014,0.19
Paraguay,PRY,2015,0.19
Paraguay,PRY,2016,0.22
Paraguay,PRY,2017,0.22
Paraguay,PRY,2018,0.22
Paraguay,PRY,2019,0.22
Peru,PER,2000,0.55
Peru,PER,2001,0.56
Peru,PER,2002,0.57
Peru,PER,2003,0.6
Peru,PER,2004,0.57
Peru,PER,2005,0.56
Peru,PER,2006,0.54
Peru,PER,2007,0.53
Peru,PER,2008,0.49
Peru,PER,2009,0.59
Peru,PER,2010,0.6
Peru,PER,2011,0.59
Peru,PER,2012,0.57
Peru,PER,2013,0.55
Peru,PER,2014,0.51
Peru,PER,2015,0.49
Peru,PER,2016,0.49
Peru,PER,2017,0.48
Peru,PER,2018,0.48
Peru,PER,2019,0.48
Philippines,PHL,2000,0.35
Philippines,PHL,2001,0.33
Philippines,PHL,2002,0.32
Philippines,PHL,2003,0.29
Philippines,PHL,2004,0.28
Philippines,PHL,2005,0.27
Philippines,PHL,2006,0.26
Philippines,PHL,2007,0.26
Philippines,PHL,2008,0.26
Philippines,PHL,2009,0.25
Philippines,PHL,2010,0.25
Philippines,PHL,2011,0.25
Philippines,PHL,2012,0.26
Philippines,PHL,2013,0.27
Philippines,PHL,2014,0.28
Philippines,PHL,2015,0.29
Philippines,PHL,2016,0.3
Philippines,PHL,2017,0.31
Philippines,PHL,2018,0.32
Philippines,PHL,2019,0.32
Poland,POL,2000,0.53
Poland,POL,2001,0.5
Poland,POL,2002,0.48
Poland,POL,2003,0.46
Poland,POL,2004,0.45
Poland,POL,2005,0.42
Poland,POL,2006,0.39
Poland,POL,2007,0.38
Poland,POL,2008,0.38
Poland,POL,2009,0.37
Poland,POL,2010,0.37
Poland,POL,2011,0.37
Poland,POL,2012,0.37
Poland,POL,2013,0.37
Poland,POL,2014,0.38
Poland,POL,2015,0.39
Poland,POL,2016,0.4
Poland,POL,2017,0.42
Poland,POL,2018,0.45
Poland,POL,2019,0.47
Portugal,PRT,2000,0.71
Portugal,PRT,2001,0.63
Portugal,PRT,2002,0.52
Portugal,PRT,2003,0.43
Portugal,PRT,2004,0.38
Portugal,PRT,2005,0.3
Portugal,PRT,2006,0.26
Portugal,PRT,2007,0.28
Portugal,PRT,2008,0.3
Portugal,PRT,2009,0.3
Portugal,PRT,2010,0.31
Portugal,PRT,2011,0.28
Portugal,PRT,2012,0.29
Portugal,PRT,2013,0.3
Portugal,PRT,2014,0.31
Portugal,PRT,2015,0.31
Portugal,PRT,2016,0.31
Portugal,PRT,2017,0.32
Portugal,PRT,2018,0.35
Portugal,PRT,2019,0.38
Puerto Rico,PRI,2000,7.94
Puerto Rico,PRI,2001,8.08
Puerto Rico,PRI,2002,7.26
Puerto Rico,PRI,2003,6.46
Puerto Rico,PRI,2004,5.83
Puerto Rico,PRI,2005,5.53
Puerto Rico,PRI,2006,5.19
Puerto Rico,PRI,2007,4.68
Puerto Rico,PRI,2008,4.05
Puerto Rico,PRI,2009,3.5
Puerto Rico,PRI,2010,2.85
Puerto Rico,PRI,2011,2.62
Puerto Rico,PRI,2012,2.2
Puerto Rico,PRI,2013,1.93
Puerto Rico,PRI,2014,1.72
Puerto Rico,PRI,2015,1.45
Puerto Rico,PRI,2016,1.46
Puerto Rico,PRI,2017,1.44
Puerto Rico,PRI,2018,1.42
Puerto Rico,PRI,2019,1.4
Qatar,QAT,2000,0.36
Qatar,QAT,2001,0.35
Qatar,QAT,2002,0.34
Qatar,QAT,2003,0.32
Qatar,QAT,2004,0.3
Qatar,QAT,2005,0.32
Qatar,QAT,2006,0.3
Qatar,QAT,2007,0.3
Qatar,QAT,2008,0.26
Qatar,QAT,2009,0.28
Qatar,QAT,2010,0.28
Qatar,QAT,2011,0.28
Qatar,QAT,2012,0.28
Qatar,QAT,2013,0.29
Qatar,QAT,2014,0.29
Qatar,QAT,2015,0.29
Qatar,QAT,2016,0.29
Qatar,QAT,2017,0.29
Qatar,QAT,2018,0.3
Qatar,QAT,2019,0.3
Romania,ROU,2000,0.86
Romania,ROU,2001,0.82
Romania,ROU,2002,0.81
Romania,ROU,2003,0.81
Romania,ROU,2004,0.79
Romania,ROU,2005,0.76
Romania,ROU,2006,0.71
Romania,ROU,2007,0.67
Romania,ROU,2008,0.69
Romania,ROU,2009,0.7
Romania,ROU,2010,0.69
Romania,ROU,2011,0.63
Romania,ROU,2012,0.62
Romania,ROU,2013,0.59
Romania,ROU,2014,0.59
Romania,ROU,2015,0.57
Romania,ROU,2016,0.55
Romania,ROU,2017,0.54
Romania,ROU,2018,0.56
Romania,ROU,2019,0.57
Russia,RUS,2000,6.28
Russia,RUS,2001,6.06
Russia,RUS,2002,5.87
Russia,RUS,2003,6.21
Russia,RUS,2004,6.63
Russia,RUS,2005,7.68
Russia,RUS,2006,7.67
Russia,RUS,2007,7.38
Russia,RUS,2008,7.25
Russia,RUS,2009,6.5
Russia,RUS,2010,6.33
Russia,RUS,2011,5.73
Russia,RUS,2012,5.51
Russia,RUS,2013,5.31
Russia,RUS,2014,5.14
Russia,RUS,2015,4.54
Russia,RUS,2016,4.09
Russia,RUS,2017,3.7
Russia,RUS,2018,3.66
Russia,RUS,2019,3.6
Rwanda,RWA,2000,0.24
Rwanda,RWA,2001,0.23
Rwanda,RWA,2002,0.22
Rwanda,RWA,2003,0.22
Rwanda,RWA,2004,0.22
Rwanda,RWA,2005,0.21
Rwanda,RWA,2006,0.21
Rwanda,RWA,2007,0.2
Rwanda,RWA,2008,0.2
Rwanda,RWA,2009,0.2
Rwanda,RWA,2010,0.2
Rwanda,RWA,2011,0.2
Rwanda,RWA,2012,0.2
Rwanda,RWA,2013,0.2
Rwanda,RWA,2014,0.21
Rwanda,RWA,2015,0.21
Rwanda,RWA,2016,0.21
Rwanda,RWA,2017,0.22
Rwanda,RWA,2018,0.22
Rwanda,RWA,2019,0.23
Saint Kitts and Nevis,KNA,2000,0.6
Saint Kitts and Nevis,KNA,2001,0.58
Saint Kitts and Nevis,KNA,2002,0.54
Saint Kitts and Nevis,KNA,2003,0.49
Saint Kitts and Nevis,KNA,2004,0.43
Saint Kitts and Nevis,KNA,2005,0.42
Saint Kitts and Nevis,KNA,2006,0.41
Saint Kitts and Nevis,KNA,2007,0.39
Saint Kitts and Nevis,KNA,2008,0.4
Saint Kitts and Nevis,KNA,2009,0.37
Saint Kitts and Nevis,KNA,2010,0.36
Saint Kitts and Nevis,KNA,2011,0.34
Saint Kitts and Nevis,KNA,2012,0.33
Saint Kitts and Nevis,KNA,2013,0.33
Saint Kitts and Nevis,KNA,2014,0.33
Saint Kitts and Nevis,KNA,2015,0.32
Saint Kitts and Nevis,KNA,2016,0.32
Saint Kitts and Nevis,KNA,2017,0.35
Saint Kitts and Nevis,KNA,2018,0.36
Saint Kitts and Nevis,KNA,2019,0.35
Saint Lucia,LCA,2000,0.45
Saint Lucia,LCA,2001,0.44
Saint Lucia,LCA,2002,0.42
Saint Lucia,LCA,2003,0.4
Saint Lucia,LCA,2004,0.37
Saint Lucia,LCA,2005,0.36
Saint Lucia,LCA,2006,0.35
Saint Lucia,LCA,2007,0.34
Saint Lucia,LCA,2008,0.34
Saint Lucia,LCA,2009,0.31
Saint Lucia,LCA,2010,0.3
Saint Lucia,LCA,2011,0.29
Saint Lucia,LCA,2012,0.29
Saint Lucia,LCA,2013,0.29
Saint Lucia,LCA,2014,0.3
Saint Lucia,LCA,2015,0.32
Saint Lucia,LCA,2016,0.33
Saint Lucia,LCA,2017,0.35
Saint Lucia,LCA,2018,0.36
Saint Lucia,LCA,2019,0.38
Saint Vincent and the Grenadines,VCT,2000,0.34
Saint Vincent and the Grenadines,VCT,2001,0.34
Saint Vincent and the Grenadines,VCT,2002,0.32
Saint Vincent and the Grenadines,VCT,2003,0.31
Saint Vincent and the Grenadines,VCT,2004,0.29
Saint Vincent and the Grenadines,VCT,2005,0.3
Saint Vincent and the Grenadines,VCT,2006,0.3
Saint Vincent and the Grenadines,VCT,2007,0.28
Saint Vincent and the Grenadines,VCT,2008,0.27
Saint Vincent and the Grenadines,VCT,2009,0.25
Saint Vincent and the Grenadines,VCT,2010,0.23
Saint Vincent and the Grenadines,VCT,2011,0.21
Saint Vincent and the Grenadines,VCT,2012,0.21
Saint Vincent and the Grenadines,VCT,2013,0.21
Saint Vincent and the Grenadines,VCT,2014,0.21
Saint Vincent and the Grenadines,VCT,2015,0.21
Saint Vincent and the Grenadines,VCT,2016,0.22
Saint Vincent and the Grenadines,VCT,2017,0.24
Saint Vincent and the Grenadines,VCT,2018,0.25
Saint Vincent and the Grenadines,VCT,2019,0.26
Samoa,WSM,2000,0.47
Samoa,WSM,2001,0.46
Samoa,WSM,2002,0.45
Samoa,WSM,2003,0.45
Samoa,WSM,2004,0.45
Samoa,WSM,2005,0.44
Samoa,WSM,2006,0.45
Samoa,WSM,2007,0.45
Samoa,WSM,2008,0.45
Samoa,WSM,2009,0.45
Samoa,WSM,2010,0.45
Samoa,WSM,2011,0.46
Samoa,WSM,2012,0.47
Samoa,WSM,2013,0.46
Samoa,WSM,2014,0.47
Samoa,WSM,2015,0.48
Samoa,WSM,2016,0.49
Samoa,WSM,2017,0.5
Samoa,WSM,2018,0.51
Samoa,WSM,2019,0.52
San Marino,SMR,2000,0.11
San Marino,SMR,2001,0.11
San Marino,SMR,2002,0.12
San Marino,SMR,2003,0.12
San Marino,SMR,2004,0.13
San Marino,SMR,2005,0.15
San Marino,SMR,2006,0.16
San Marino,SMR,2007,0.17
San Marino,SMR,2008,0.18
San Marino,SMR,2009,0.2
San Marino,SMR,2010,0.21
San Marino,SMR,2011,0.22
San Marino,SMR,2012,0.24
San Marino,SMR,2013,0.25
San Marino,SMR,2014,0.25
San Marino,SMR,2015,0.25
San Marino,SMR,2016,0.25
San Marino,SMR,2017,0.26
San Marino,SMR,2018,0.26
San Marino,SMR,2019,0.25
Sao Tome and Principe,STP,2000,0.38
Sao Tome and Principe,STP,2001,0.39
Sao Tome and Principe,STP,2002,0.41
Sao Tome and Principe,STP,2003,0.4
Sao Tome and Principe,STP,2004,0.43
Sao Tome and Principe,STP,2005,0.4
Sao Tome and Principe,STP,2006,0.43
Sao Tome and Principe,STP,2007,0.44
Sao Tome and Principe,STP,2008,0.44
Sao Tome and Principe,STP,2009,0.45
Sao Tome and Principe,STP,2010,0.47
Sao Tome and Principe,STP,2011,0.47
Sao Tome and Principe,STP,2012,0.49
Sao Tome and Principe,STP,2013,0.52
Sao Tome and Principe,STP,2014,0.56
Sao Tome and Principe,STP,2015,0.57
Sao Tome and Principe,STP,2016,0.59
Sao Tome and Principe,STP,2017,0.61
Sao Tome and Principe,STP,2018,0.63
Sao Tome and Principe,STP,2019,0.64
Saudi Arabia,SAU,2000,0.83
Saudi Arabia,SAU,2001,0.8
Saudi Arabia,SAU,2002,0.85
Saudi Arabia,SAU,2003,0.82
Saudi Arabia,SAU,2004,0.67
Saudi Arabia,SAU,2005,0.61
Saudi Arabia,SAU,2006,0.58
Saudi Arabia,SAU,2007,0.57
Saudi Arabia,SAU,2008,0.56
Saudi Arabia,SAU,2009,0.5
Saudi Arabia,SAU,2010,0.46
Saudi Arabia,SAU,2011,0.37
Saudi Arabia,SAU,2012,0.35
Saudi Arabia,SAU,2013,0.4
Saudi Arabia,SAU,2014,0.42
Saudi Arabia,SAU,2015,0.44
Saudi Arabia,SAU,2016,0.46
Saudi Arabia,SAU,2017,0.48
Saudi Arabia,SAU,2018,0.5
Saudi Arabia,SAU,2019,0.52
Senegal,SEN,2000,0.16
Senegal,SEN,2001,0.19
Senegal,SEN,2002,0.18
Senegal,SEN,2003,0.17
Senegal,SEN,2004,0.18
Senegal,SEN,2005,0.17
Senegal,SEN,2006,0.17
Senegal,SEN,2007,0.17
Senegal,SEN,2008,0.17
Senegal,SEN,2009,0.18
Senegal,SEN,2010,0.17
Senegal,SEN,2011,0.17
Senegal,SEN,2012,0.17
Senegal,SEN,2013,0.18
Senegal,SEN,2014,0.19
Senegal,SEN,2015,0.19
Senegal,SEN,2016,0.2
Senegal,SEN,2017,0.2
Senegal,SEN,2018,0.2
Senegal,SEN,2019,0.2
Serbia,SRB,2000,0.43
Serbia,SRB,2001,0.47
Serbia,SRB,2002,0.47
Serbia,SRB,2003,0.53
Serbia,SRB,2004,0.64
Serbia,SRB,2005,0.74
Serbia,SRB,2006,0.77
Serbia,SRB,2007,0.81
Serbia,SRB,2008,0.86
Serbia,SRB,2009,0.84
Serbia,SRB,2010,0.75
Serbia,SRB,2011,0.69
Serbia,SRB,2012,0.66
Serbia,SRB,2013,0.65
Serbia,SRB,2014,0.65
Serbia,SRB,2015,0.64
Serbia,SRB,2016,0.62
Serbia,SRB,2017,0.67
Serbia,SRB,2018,0.73
Serbia,SRB,2019,0.78
Seychelles,SYC,2000,0.93
Seychelles,SYC,2001,0.95
Seychelles,SYC,2002,0.93
Seychelles,SYC,2003,0.88
Seychelles,SYC,2004,0.87
Seychelles,SYC,2005,0.79
Seychelles,SYC,2006,0.72
Seychelles,SYC,2007,0.72
Seychelles,SYC,2008,0.65
Seychelles,SYC,2009,0.66
Seychelles,SYC,2010,0.69
Seychelles,SYC,2011,0.7
Seychelles,SYC,2012,0.69
Seychelles,SYC,2013,0.68
Seychelles,SYC,2014,0.72
Seychelles,SYC,2015,0.72
Seychelles,SYC,2016,0.75
Seychelles,SYC,2017,0.77
Seychelles,SYC,2018,0.79
Seychelles,SYC,2019,0.81
Sierra Leone,SLE,2000,0.15
Sierra Leone,SLE,2001,0.15
Sierra Leone,SLE,2002,0.15
Sierra Leone,SLE,2003,0.15
Sierra Leone,SLE,2004,0.15
Sierra Leone,SLE,2005,0.16
Sierra Leone,SLE,2006,0.16
Sierra Leone,SLE,2007,0.16
Sierra Leone,SLE,2008,0.16
Sierra Leone,SLE,2009,0.16
Sierra Leone,SLE,2010,0.16
Sierra Leone,SLE,2011,0.17
Sierra Leone,SLE,2012,0.17
Sierra Leone,SLE,2013,0.17
Sierra Leone,SLE,2014,0.17
Sierra Leone,SLE,2015,0.18
Sierra Leone,SLE,2016,0.18
Sierra Leone,SLE,2017,0.18
Sierra Leone,SLE,2018,0.19
Sierra Leone,SLE,2019,0.19
Singapore,SGP,2000,0.11
Singapore,SGP,2001,0.12
Singapore,SGP,2002,0.12
Singapore,SGP,2003,0.13
Singapore,SGP,2004,0.14
Singapore,SGP,2005,0.17
Singapore,SGP,2006,0.19
Singapore,SGP,2007,0.19
Singapore,SGP,2008,0.19
Singapore,SGP,2009,0.18
Singapore,SGP,2010,0.19
Singapore,SGP,2011,0.2
Singapore,SGP,2012,0.21
Singapore,SGP,2013,0.21
Singapore,SGP,2014,0.21
Singapore,SGP,2015,0.22
Singapore,SGP,2016,0.22
Singapore,SGP,2017,0.22
Singapore,SGP,2018,0.22
Singapore,SGP,2019,0.23
Slovakia,SVK,2000,0.74
Slovakia,SVK,2001,0.67
Slovakia,SVK,2002,0.61
Slovakia,SVK,2003,0.53
Slovakia,SVK,2004,0.46
Slovakia,SVK,2005,0.4
Slovakia,SVK,2006,0.31
Slovakia,SVK,2007,0.31
Slovakia,SVK,2008,0.35
Slovakia,SVK,2009,0.34
Slovakia,SVK,2010,0.32
Slovakia,SVK,2011,0.33
Slovakia,SVK,2012,0.32
Slovakia,SVK,2013,0.32
Slovakia,SVK,2014,0.33
Slovakia,SVK,2015,0.33
Slovakia,SVK,2016,0.3
Slovakia,SVK,2017,0.3
Slovakia,SVK,2018,0.29
Slovakia,SVK,2019,0.29
Slovenia,SVN,2000,0.83
Slovenia,SVN,2001,0.94
Slovenia,SVN,2002,0.99
Slovenia,SVN,2003,1.01
Slovenia,SVN,2004,1.05
Slovenia,SVN,2005,1.07
Slovenia,SVN,2006,1.14
Slovenia,SVN,2007,1.26
Slovenia,SVN,2008,1.32
Slovenia,SVN,2009,1.27
Slovenia,SVN,2010,1.23
Slovenia,SVN,2011,1.17
Slovenia,SVN,2012,1.19
Slovenia,SVN,2013,1.19
Slovenia,SVN,2014,1.1
Slovenia,SVN,2015,1.2
Slovenia,SVN,2016,1.21
Slovenia,SVN,2017,1.25
Slovenia,SVN,2018,1.29
Slovenia,SVN,2019,1.35
Solomon Islands,SLB,2000,0.63
Solomon Islands,SLB,2001,0.62
Solomon Islands,SLB,2002,0.62
Solomon Islands,SLB,2003,0.62
Solomon Islands,SLB,2004,0.62
Solomon Islands,SLB,2005,0.62
Solomon Islands,SLB,2006,0.63
Solomon Islands,SLB,2007,0.63
Solomon Islands,SLB,2008,0.62
Solomon Islands,SLB,2009,0.65
Solomon Islands,SLB,2010,0.65
Solomon Islands,SLB,2011,0.68
Solomon Islands,SLB,2012,0.69
Solomon Islands,SLB,2013,0.7
Solomon Islands,SLB,2014,0.72
Solomon Islands,SLB,2015,0.73
Solomon Islands,SLB,2016,0.74
Solomon Islands,SLB,2017,0.75
Solomon Islands,SLB,2018,0.76
Solomon Islands,SLB,2019,0.77
Somalia,SOM,2000,0.18
Somalia,SOM,2001,0.18
Somalia,SOM,2002,0.18
Somalia,SOM,2003,0.18
Somalia,SOM,2004,0.18
Somalia,SOM,2005,0.18
Somalia,SOM,2006,0.18
Somalia,SOM,2007,0.18
Somalia,SOM,2008,0.19
Somalia,SOM,2009,0.19
Somalia,SOM,2010,0.19
Somalia,SOM,2011,0.19
Somalia,SOM,2012,0.19
Somalia,SOM,2013,0.19
Somalia,SOM,2014,0.2
Somalia,SOM,2015,0.2
Somalia,SOM,2016,0.2
Somalia,SOM,2017,0.2
Somalia,SOM,2018,0.2
Somalia,SOM,2019,0.2
South Africa,ZAF,2000,0.89
South Africa,ZAF,2001,0.82
South Africa,ZAF,2002,0.79
South Africa,ZAF,2003,0.76
South Africa,ZAF,2004,0.71
South Africa,ZAF,2005,0.66
South Africa,ZAF,2006,0.62
South Africa,ZAF,2007,0.57
South Africa,ZAF,2008,0.53
South Africa,ZAF,2009,0.49
South Africa,ZAF,2010,0.43
South Africa,ZAF,2011,0.38
South Africa,ZAF,2012,0.35
South Africa,ZAF,2013,0.32
South Africa,ZAF,2014,0.3
South Africa,ZAF,2015,0.28
South Africa,ZAF,2016,0.26
South Africa,ZAF,2017,0.24
South Africa,ZAF,2018,0.22
South Africa,ZAF,2019,0.21
South Korea,KOR,2000,0.45
South Korea,KOR,2001,0.38
South Korea,KOR,2002,0.32
South Korea,KOR,2003,0.28
South Korea,KOR,2004,0.25
South Korea,KOR,2005,0.23
South Korea,KOR,2006,0.21
South Korea,KOR,2007,0.19
South Korea,KOR,2008,0.18
South Korea,KOR,2009,0.17
South Korea,KOR,2010,0.17
South Korea,KOR,2011,0.17
South Korea,KOR,2012,0.17
South Korea,KOR,2013,0.17
South Korea,KOR,2014,0.16
South Korea,KOR,2015,0.17
South Korea,KOR,2016,0.17
South Korea,KOR,2017,0.15
South Korea,KOR,2018,0.16
South Korea,KOR,2019,0.16
South Sudan,SSD,2000,0.18
South Sudan,SSD,2001,0.18
South Sudan,SSD,2002,0.18
South Sudan,SSD,2003,0.18
South Sudan,SSD,2004,0.18
South Sudan,SSD,2005,0.19
South Sudan,SSD,2006,0.19
South Sudan,SSD,2007,0.19
South Sudan,SSD,2008,0.2
South Sudan,SSD,2009,0.2
South Sudan,SSD,2010,0.2
South Sudan,SSD,2011,0.2
South Sudan,SSD,2012,0.2
South Sudan,SSD,2013,0.2
South Sudan,SSD,2014,0.2
South Sudan,SSD,2015,0.21
South Sudan,SSD,2016,0.21
South Sudan,SSD,2017,0.21
South Sudan,SSD,2018,0.21
South Sudan,SSD,2019,0.21
Spain,ESP,2000,1.91
Spain,ESP,2001,1.81
Spain,ESP,2002,1.72
Spain,ESP,2003,1.64
Spain,ESP,2004,1.57
Spain,ESP,2005,1.51
Spain,ESP,2006,1.43
Spain,ESP,2007,1.39
Spain,ESP,2008,1.36
Spain,ESP,2009,1.28
Spain,ESP,2010,1.22
Spain,ESP,2011,1.19
Spain,ESP,2012,1.17
Spain,ESP,2013,1.13
Spain,ESP,2014,1.11
Spain,ESP,2015,1.12
Spain,ESP,2016,1.14
Spain,ESP,2017,1.13
Spain,ESP,2018,1.2
Spain,ESP,2019,1.25
Sri Lanka,LKA,2000,1.13
Sri Lanka,LKA,2001,1.05
Sri Lanka,LKA,2002,1.0
Sri Lanka,LKA,2003,0.95
Sri Lanka,LKA,2004,0.91
Sri Lanka,LKA,2005,0.88
Sri Lanka,LKA,2006,0.78
Sri Lanka,LKA,2007,0.77
Sri Lanka,LKA,2008,0.69
Sri Lanka,LKA,2009,0.58
Sri Lanka,LKA,2010,0.53
Sri Lanka,LKA,2011,0.55
Sri Lanka,LKA,2012,0.53
Sri Lanka,LKA,2013,0.49
Sri Lanka,LKA,2014,0.51
Sri Lanka,LKA,2015,0.53
Sri Lanka,LKA,2016,0.54
Sri Lanka,LKA,2017,0.55
Sri Lanka,LKA,2018,0.57
Sri Lanka,LKA,2019,0.57
Sudan,SDN,2000,0.95
Sudan,SDN,2001,0.97
Sudan,SDN,2002,0.98
Sudan,SDN,2003,0.98
Sudan,SDN,2004,0.99
Sudan,SDN,2005,0.99
Sudan,SDN,2006,1.0
Sudan,SDN,2007,1.0
Sudan,SDN,2008,1.02
Sudan,SDN,2009,1.03
Sudan,SDN,2010,1.05
Sudan,SDN,2011,1.07
Sudan,SDN,2012,1.08
Sudan,SDN,2013,1.1
Sudan,SDN,2014,1.11
Sudan,SDN,2015,1.12
Sudan,SDN,2016,1.14
Sudan,SDN,2017,1.16
Sudan,SDN,2018,1.18
Sudan,SDN,2019,1.2
Suriname,SUR,2000,0.74
Suriname,SUR,2001,0.73
Suriname,SUR,2002,0.72
Suriname,SUR,2003,0.72
Suriname,SUR,2004,0.68
Suriname,SUR,2005,0.63
Suriname,SUR,2006,0.6
Suriname,SUR,2007,0.58
Suriname,SUR,2008,0.56
Suriname,SUR,2009,0.51
Suriname,SUR,2010,0.49
Suriname,SUR,2011,0.46
Suriname,SUR,2012,0.43
Suriname,SUR,2013,0.43
Suriname,SUR,2014,0.42
Suriname,SUR,2015,0.48
Suriname,SUR,2016,0.52
Suriname,SUR,2017,0.53
Suriname,SUR,2018,0.55
Suriname,SUR,2019,0.58
Sweden,SWE,2000,2.35
Sweden,SWE,2001,2.37
Sweden,SWE,2002,2.3
Sweden,SWE,2003,2.27
Sweden,SWE,2004,2.33
Sweden,SWE,2005,2.35
Sweden,SWE,2006,2.41
Sweden,SWE,2007,2.59
Sweden,SWE,2008,2.78
Sweden,SWE,2009,2.86
Sweden,SWE,2010,2.94
Sweden,SWE,2011,3.05
Sweden,SWE,2012,3.22
Sweden,SWE,2013,3.46
Sweden,SWE,2014,3.75
Sweden,SWE,2015,3.99
Sweden,SWE,2016,4.17
Sweden,SWE,2017,4.33
Sweden,SWE,2018,4.42
Sweden,SWE,2019,4.53
Switzerland,CHE,2000,3.53
Switzerland,CHE,2001,3.37
Switzerland,CHE,2002,3.14
Switzerland,CHE,2003,2.88
Switzerland,CHE,2004,2.68
Switzerland,CHE,2005,2.65
Switzerland,CHE,2006,2.6
Switzerland,CHE,2007,2.52
Switzerland,CHE,2008,2.47
Switzerland,CHE,2009,2.34
Switzerland,CHE,2010,2.18
Switzerland,CHE,2011,2.07
Switzerland,CHE,2012,2.0
Switzerland,CHE,2013,1.98
Switzerland,CHE,2014,1.94
Switzerland,CHE,2015,1.91
Switzerland,CHE,2016,1.92
Switzerland,CHE,2017,1.99
Switzerland,CHE,2018,2.08
Switzerland,CHE,2019,2.16
Syria,SYR,2000,0.82
Syria,SYR,2001,0.83
Syria,SYR,2002,0.88
Syria,SYR,2003,0.89
Syria,SYR,2004,0.93
Syria,SYR,2005,1.01
Syria,SYR,2006,1.11
Syria,SYR,2007,1.19
Syria,SYR,2008,1.25
Syria,SYR,2009,1.25
Syria,SYR,2010,0.95
Syria,SYR,2011,1.1
Syria,SYR,2012,1.12
Syria,SYR,2013,1.15
Syria,SYR,2014,1.17
Syria,SYR,2015,1.19
Syria,SYR,2016,1.22
Syria,SYR,2017,1.25
Syria,SYR,2018,1.27
Syria,SYR,2019,1.29
Taiwan,TWN,2000,0.85
Taiwan,TWN,2001,0.88
Taiwan,TWN,2002,0.9
Taiwan,TWN,2003,0.92
Taiwan,TWN,2004,0.98
Taiwan,TWN,2005,1.03
Taiwan,TWN,2006,1.06
Taiwan,TWN,2007,1.06
Taiwan,TWN,2008,1.02
Taiwan,TWN,2009,0.98
Taiwan,TWN,2010,0.98
Taiwan,TWN,2011,1.03
Taiwan,TWN,2012,1.08
Taiwan,TWN,2013,1.13
Taiwan,TWN,2014,1.24
Taiwan,TWN,2015,1.33
Taiwan,TWN,2016,1.43
Taiwan,TWN,2017,1.53
Taiwan,TWN,2018,1.66
Taiwan,TWN,2019,1.78
Tajikistan,TJK,2000,0.31
Tajikistan,TJK,2001,0.31
Tajikistan,TJK,2002,0.32
Tajikistan,TJK,2003,0.33
Tajikistan,TJK,2004,0.37
Tajikistan,TJK,2005,0.39
Tajikistan,TJK,2006,0.39
Tajikistan,TJK,2007,0.4
Tajikistan,TJK,2008,0.4
Tajikistan,TJK,2009,0.4
Tajikistan,TJK,2010,0.39
Tajikistan,TJK,2011,0.39
Tajikistan,TJK,2012,0.38
Tajikistan,TJK,2013,0.35
Tajikistan,TJK,2014,0.34
Tajikistan,TJK,2015,0.32
Tajikistan,TJK,2016,0.3
Tajikistan,TJK,2017,0.33
Tajikistan,TJK,2018,0.33
Tajikistan,TJK,2019,0.34
Tanzania,TZA,2000,0.34
Tanzania,TZA,2001,0.33
Tanzania,TZA,2002,0.34
Tanzania,TZA,2003,0.35
Tanzania,TZA,2004,0.36
Tanzania,TZA,2005,0.36
Tanzania,TZA,2006,0.37
Tanzania,TZA,2007,0.4
Tanzania,TZA,2008,0.43
Tanzania,TZA,2009,0.46
Tanzania,TZA,2010,0.48
Tanzania,TZA,2011,0.49
Tanzania,TZA,2012,0.5
Tanzania,TZA,2013,0.52
Tanzania,TZA,2014,0.52
Tanzania,TZA,2015,0.52
Tanzania,TZA,2016,0.54
Tanzania,TZA,2017,0.55
Tanzania,TZA,2018,0.57
Tanzania,TZA,2019,0.58
Thailand,THA,2000,0.78
Thailand,THA,2001,0.75
Thailand,THA,2002,0.75
Thailand,THA,2003,0.73
Thailand,THA,2004,0.67
Thailand,THA,2005,0.61
Thailand,THA,2006,0.57
Thailand,THA,2007,0.52
Thailand,THA,2008,0.47
Thailand,THA,2009,0.45
Thailand,THA,2010,0.44
Thailand,THA,2011,0.43
Thailand,THA,2012,0.43
Thailand,THA,2013,0.43
Thailand,THA,2014,0.44
Thailand,THA,2015,0.46
Thailand,THA,2016,0.49
Thailand,THA,2017,0.53
Thailand,THA,2018,0.57
Thailand,THA,2019,0.61
Togo,TGO,2000,0.25
Togo,TGO,2001,0.25
Togo,TGO,2002,0.25
Togo,TGO,2003,0.26
Togo,TGO,2004,0.26
Togo,TGO,2005,0.26
Togo,TGO,2006,0.26
Togo,TGO,2007,0.26
Togo,TGO,2008,0.27
Togo,TGO,2009,0.27
Togo,TGO,2010,0.27
Togo,TGO,2011,0.27
Togo,TGO,2012,0.27
Togo,TGO,2013,0.28
Togo,TGO,2014,0.28
Togo,TGO,2015,0.29
Togo,TGO,2016,0.3
Togo,TGO,2017,0.31
Togo,TGO,2018,0.31
Togo,TGO,2019,0.32
Tokelau,TKL,2000,0.49
Tokelau,TKL,2001,0.48
Tokelau,TKL,2002,0.47
Tokelau,TKL,2003,0.46
Tokelau,TKL,2004,0.46
Tokelau,TKL,2005,0.47
Tokelau,TKL,2006,0.48
Tokelau,TKL,2007,0.48
Tokelau,TKL,2008,0.49
Tokelau,TKL,2009,0.5
Tokelau,TKL,2010,0.49
Tokelau,TKL,2011,0.49
Tokelau,TKL,2012,0.49
Tokelau,TKL,2013,0.49
Tokelau,TKL,2014,0.5
Tokelau,TKL,2015,0.51
Tokelau,TKL,2016,0.52
Tokelau,TKL,2017,0.52
Tokelau,TKL,2018,0.53
Tokelau,TKL,2019,0.53
Tonga,TON,2000,0.33
Tonga,TON,2001,0.32
Tonga,TON,2002,0.32
Tonga,TON,2003,0.32
Tonga,TON,2004,0.32
Tonga,TON,2005,0.31
Tonga,TON,2006,0.31
Tonga,TON,2007,0.32
Tonga,TON,2008,0.33
Tonga,TON,2009,0.33
Tonga,TON,2010,0.34
Tonga,TON,2011,0.35
Tonga,TON,2012,0.36
Tonga,TON,2013,0.36
Tonga,TON,2014,0.37
Tonga,TON,2015,0.38
Tonga,TON,2016,0.38
Tonga,TON,2017,0.39
Tonga,TON,2018,0.39
Tonga,TON,2019,0.4
Trinidad and Tobago,TTO,2000,0.27
Trinidad and Tobago,TTO,2001,0.32
Trinidad and Tobago,TTO,2002,0.38
Trinidad and Tobago,TTO,2003,0.46
Trinidad and Tobago,TTO,2004,0.5
Trinidad and Tobago,TTO,2005,0.52
Trinidad and Tobago,TTO,2006,0.51
Trinidad and Tobago,TTO,2007,0.56
Trinidad and Tobago,TTO,2008,0.57
Trinidad and Tobago,TTO,2009,0.56
Trinidad and Tobago,TTO,2010,0.58
Trinidad and Tobago,TTO,2011,0.53
Trinidad and Tobago,TTO,2012,0.48
Trinidad and Tobago,TTO,2013,0.52
Trinidad and Tobago,TTO,2014,0.54
Trinidad and Tobago,TTO,2015,0.56
Trinidad and Tobago,TTO,2016,0.57
Trinidad and Tobago,TTO,2017,0.58
Trinidad and Tobago,TTO,2018,0.59
Trinidad and Tobago,TTO,2019,0.59
Tunisia,TUN,2000,0.97
Tunisia,TUN,2001,1.0
Tunisia,TUN,2002,1.02
Tunisia,TUN,2003,1.04
Tunisia,TUN,2004,1.05
Tunisia,TUN,2005,1.07
Tunisia,TUN,2006,1.08
Tunisia,TUN,2007,1.08
Tunisia,TUN,2008,1.09
Tunisia,TUN,2009,1.1
Tunisia,TUN,2010,1.11
Tunisia,TUN,2011,1.11
Tunisia,TUN,2012,1.12
Tunisia,TUN,2013,1.14
Tunisia,TUN,2014,1.15
Tunisia,TUN,2015,1.17
Tunisia,TUN,2016,1.19
Tunisia,TUN,2017,1.21
Tunisia,TUN,2018,1.23
Tunisia,TUN,2019,1.24
Turkey,TUR,2000,0.21
Turkey,TUR,2001,0.21
Turkey,TUR,2002,0.2
Turkey,TUR,2003,0.2
Turkey,TUR,2004,0.2
Turkey,TUR,2005,0.2
Turkey,TUR,2006,0.2
Turkey,TUR,2007,0.2
Turkey,TUR,2008,0.2
Turkey,TUR,2009,0.21
Turkey,TUR,2010,0.2
Turkey,TUR,2011,0.22
Turkey,TUR,2012,0.23
Turkey,TUR,2013,0.27
Turkey,TUR,2014,0.33
Turkey,TUR,2015,0.35
Turkey,TUR,2016,0.39
Turkey,TUR,2017,0.38
Turkey,TUR,2018,0.38
Turkey,TUR,2019,0.38
Turkmenistan,TKM,2000,0.67
Turkmenistan,TKM,2001,0.72
Turkmenistan,TKM,2002,0.82
Turkmenistan,TKM,2003,0.91
Turkmenistan,TKM,2004,1.01
Turkmenistan,TKM,2005,1.12
Turkmenistan,TKM,2006,1.16
Turkmenistan,TKM,2007,1.13
Turkmenistan,TKM,2008,1.09
Turkmenistan,TKM,2009,0.95
Turkmenistan,TKM,2010,0.89
Turkmenistan,TKM,2011,0.9
Turkmenistan,TKM,2012,0.9
Turkmenistan,TKM,2013,0.9
Turkmenistan,TKM,2014,0.95
Turkmenistan,TKM,2015,0.99
Turkmenistan,TKM,2016,1.08
Turkmenistan,TKM,2017,1.14
Turkmenistan,TKM,2018,1.2
Turkmenistan,TKM,2019,1.26
Tuvalu,TUV,2000,0.6
Tuvalu,TUV,2001,0.59
Tuvalu,TUV,2002,0.58
Tuvalu,TUV,2003,0.57
Tuvalu,TUV,2004,0.57
Tuvalu,TUV,2005,0.57
Tuvalu,TUV,2006,0.58
Tuvalu,TUV,2007,0.59
Tuvalu,TUV,2008,0.6
Tuvalu,TUV,2009,0.61
Tuvalu,TUV,2010,0.61
Tuvalu,TUV,2011,0.62
Tuvalu,TUV,2012,0.63
Tuvalu,TUV,2013,0.64
Tuvalu,TUV,2014,0.65
Tuvalu,TUV,2015,0.66
Tuvalu,TUV,2016,0.67
Tuvalu,TUV,2017,0.68
Tuvalu,TUV,2018,0.69
Tuvalu,TUV,2019,0.69
Uganda,UGA,2000,0.18
Uganda,UGA,2001,0.19
Uganda,UGA,2002,0.19
Uganda,UGA,2003,0.19
Uganda,UGA,2004,0.19
Uganda,UGA,2005,0.19
Uganda,UGA,2006,0.19
Uganda,UGA,2007,0.19
Uganda,UGA,2008,0.19
Uganda,UGA,2009,0.19
Uganda,UGA,2010,0.19
Uganda,UGA,2011,0.19
Uganda,UGA,2012,0.2
Uganda,UGA,2013,0.2
Uganda,UGA,2014,0.21
Uganda,UGA,2015,0.21
Uganda,UGA,2016,0.21
Uganda,UGA,2017,0.21
Uganda,UGA,2018,0.22
Uganda,UGA,2019,0.22
Ukraine,UKR,2000,2.66
Ukraine,UKR,2001,2.64
Ukraine,UKR,2002,2.7
Ukraine,UKR,2003,2.72
Ukraine,UKR,2004,2.91
Ukraine,UKR,2005,3.05
Ukraine,UKR,2006,2.98
Ukraine,UKR,2007,3.17
Ukraine,UKR,2008,3.16
Ukraine,UKR,2009,2.6
Ukraine,UKR,2010,2.3
Ukraine,UKR,2011,2.15
Ukraine,UKR,2012,2.14
Ukraine,UKR,2013,2.22
Ukraine,UKR,2014,2.17
Ukraine,UKR,2015,2.98
Ukraine,UKR,2016,2.98
Ukraine,UKR,2017,2.99
Ukraine,UKR,2018,2.94
Ukraine,UKR,2019,2.98
United Arab Emirates,ARE,2000,4.12
United Arab Emirates,ARE,2001,4.27
United Arab Emirates,ARE,2002,4.43
United Arab Emirates,ARE,2003,4.52
United Arab Emirates,ARE,2004,4.67
United Arab Emirates,ARE,2005,4.77
United Arab Emirates,ARE,2006,4.91
United Arab Emirates,ARE,2007,5.04
United Arab Emirates,ARE,2008,5.16
United Arab Emirates,ARE,2009,5.33
United Arab Emirates,ARE,2010,5.44
United Arab Emirates,ARE,2011,5.55
United Arab Emirates,ARE,2012,5.62
United Arab Emirates,ARE,2013,5.71
United Arab Emirates,ARE,2014,5.67
United Arab Emirates,ARE,2015,5.7
United Arab Emirates,ARE,2016,5.74
United Arab Emirates,ARE,2017,5.76
United Arab Emirates,ARE,2018,5.8
United Arab Emirates,ARE,2019,5.82
United Kingdom,GBR,2000,3.3
United Kingdom,GBR,2001,3.37
United Kingdom,GBR,2002,3.36
United Kingdom,GBR,2003,3.31
United Kingdom,GBR,2004,3.3
United Kingdom,GBR,2005,3.36
United Kingdom,GBR,2006,3.53
United Kingdom,GBR,2007,3.69
United Kingdom,GBR,2008,3.82
United Kingdom,GBR,2009,3.77
United Kingdom,GBR,2010,3.68
United Kingdom,GBR,2011,3.55
United Kingdom,GBR,2012,3.5
United Kingdom,GBR,2013,3.59
United Kingdom,GBR,2014,3.67
United Kingdom,GBR,2015,3.8
United Kingdom,GBR,2016,3.9
United Kingdom,GBR,2017,3.86
United Kingdom,GBR,2018,3.73
United Kingdom,GBR,2019,3.68
United States,USA,2000,4.58
United States,USA,2001,5.15
United States,USA,2002,5.87
United States,USA,2003,6.54
United States,USA,2004,7.08
United States,USA,2005,7.67
United States,USA,2006,8.12
United States,USA,2007,8.37
United States,USA,2008,8.63
United States,USA,2009,8.94
United States,USA,2010,9.28
United States,USA,2011,9.9
United States,USA,2012,10.5
United States,USA,2013,11.36
United States,USA,2014,12.54
United States,USA,2015,14.18
United States,USA,2016,16.21
United States,USA,2017,17.52
United States,USA,2018,18.08
United States,USA,2019,18.83
United States Virgin Islands,VIR,2000,2.59
United States Virgin Islands,VIR,2001,2.56
United States Virgin Islands,VIR,2002,2.42
United States Virgin Islands,VIR,2003,2.24
United States Virgin Islands,VIR,2004,2.07
United States Virgin Islands,VIR,2005,1.97
United States Virgin Islands,VIR,2006,1.88
United States Virgin Islands,VIR,2007,1.51
United States Virgin Islands,VIR,2008,1.44
United States Virgin Islands,VIR,2009,1.34
United States Virgin Islands,VIR,2010,1.32
United States Virgin Islands,VIR,2011,1.36
United States Virgin Islands,VIR,2012,1.39
United States Virgin Islands,VIR,2013,1.41
United States Virgin Islands,VIR,2014,1.44
United States Virgin Islands,VIR,2015,1.49
United States Virgin Islands,VIR,2016,1.53
United States Virgin Islands,VIR,2017,1.59
United States Virgin Islands,VIR,2018,1.65
United States Virgin Islands,VIR,2019,1.71
Uruguay,URY,2000,0.22
Uruguay,URY,2001,0.24
Uruguay,URY,2002,0.22
Uruguay,URY,2003,0.23
Uruguay,URY,2004,0.23
Uruguay,URY,2005,0.24
Uruguay,URY,2006,0.25
Uruguay,URY,2007,0.27
Uruguay,URY,2008,0.28
Uruguay,URY,2009,0.28
Uruguay,URY,2010,0.3
Uruguay,URY,2011,0.31
Uruguay,URY,2012,0.31
Uruguay,URY,2013,0.31
Uruguay,URY,2014,0.31
Uruguay,URY,2015,0.34
Uruguay,URY,2016,0.34
Uruguay,URY,2017,0.35
Uruguay,URY,2018,0.36
Uruguay,URY,2019,0.37
Uzbekistan,UZB,2000,0.36
Uzbekistan,UZB,2001,0.39
Uzbekistan,UZB,2002,0.41
Uzbekistan,UZB,2003,0.47
Uzbekistan,UZB,2004,0.63
Uzbekistan,UZB,2005,0.72
Uzbekistan,UZB,2006,0.68
Uzbekistan,UZB,2007,0.68
Uzbekistan,UZB,2008,0.67
Uzbekistan,UZB,2009,0.69
Uzbekistan,UZB,2010,0.65
Uzbekistan,UZB,2011,0.64
Uzbekistan,UZB,2012,0.61
Uzbekistan,UZB,2013,0.59
Uzbekistan,UZB,2014,0.57
Uzbekistan,UZB,2015,0.57
Uzbekistan,UZB,2016,0.56
Uzbekistan,UZB,2017,0.59
Uzbekistan,UZB,2018,0.61
Uzbekistan,UZB,2019,0.62
Vanuatu,VUT,2000,0.47
Vanuatu,VUT,2001,0.47
Vanuatu,VUT,2002,0.45
Vanuatu,VUT,2003,0.45
Vanuatu,VUT,2004,0.46
Vanuatu,VUT,2005,0.48
Vanuatu,VUT,2006,0.49
Vanuatu,VUT,2007,0.51
Vanuatu,VUT,2008,0.52
Vanuatu,VUT,2009,0.53
Vanuatu,VUT,2010,0.53
Vanuatu,VUT,2011,0.54
Vanuatu,VUT,2012,0.55
Vanuatu,VUT,2013,0.55
Vanuatu,VUT,2014,0.55
Vanuatu,VUT,2015,0.55
Vanuatu,VUT,2016,0.55
Vanuatu,VUT,2017,0.54
Vanuatu,VUT,2018,0.54
Vanuatu,VUT,2019,0.54
Venezuela,VEN,2000,0.18
Venezuela,VEN,2001,0.2
Venezuela,VEN,2002,0.2
Venezuela,VEN,2003,0.21
Venezuela,VEN,2004,0.2
Venezuela,VEN,2005,0.19
Venezuela,VEN,2006,0.21
Venezuela,VEN,2007,0.25
Venezuela,VEN,2008,0.28
Venezuela,VEN,2009,0.29
Venezuela,VEN,2010,0.27
Venezuela,VEN,2011,0.27
Venezuela,VEN,2012,0.29
Venezuela,VEN,2013,0.3
Venezuela,VEN,2014,0.32
Venezuela,VEN,2015,0.34
Venezuela,VEN,2016,0.33
Venezuela,VEN,2017,0.32
Venezuela,VEN,2018,0.32
Venezuela,VEN,2019,0.31
Vietnam,VNM,2000,0.66
Vietnam,VNM,2001,0.67
Vietnam,VNM,2002,0.68
Vietnam,VNM,2003,0.69
Vietnam,VNM,2004,0.71
Vietnam,VNM,2005,0.72
Vietnam,VNM,2006,0.71
Vietnam,VNM,2007,0.73
Vietnam,VNM,2008,0.75
Vietnam,VNM,2009,0.77
Vietnam,VNM,2010,0.79
Vietnam,VNM,2011,0.82
Vietnam,VNM,2012,0.85
Vietnam,VNM,2013,0.9
Vietnam,VNM,2014,0.94
Vietnam,VNM,2015,0.98
Vietnam,VNM,2016,1.02
Vietnam,VNM,2017,1.06
Vietnam,VNM,2018,1.1
Vietnam,VNM,2019,1.12
World,OWID_WRL,2000,1.51
World,OWID_WRL,2001,1.44
World,OWID_WRL,2002,1.38
World,OWID_WRL,2003,1.31
World,OWID_WRL,2004,1.28
World,OWID_WRL,2005,1.3
World,OWID_WRL,2006,1.29
World,OWID_WRL,2007,1.27
World,OWID_WRL,2008,1.27
World,OWID_WRL,2009,1.25
World,OWID_WRL,2010,1.24
World,OWID_WRL,2011,1.24
World,OWID_WRL,2012,1.24
World,OWID_WRL,2013,1.27
World,OWID_WRL,2014,1.31
World,OWID_WRL,2015,1.37
World,OWID_WRL,2016,1.44
World,OWID_WRL,2017,1.49
World,OWID_WRL,2018,1.53
World,OWID_WRL,2019,1.57
Yemen,YEM,2000,0.78
Yemen,YEM,2001,0.8
Yemen,YEM,2002,0.83
Yemen,YEM,2003,0.85
Yemen,YEM,2004,0.87
Yemen,YEM,2005,0.88
Yemen,YEM,2006,0.9
Yemen,YEM,2007,0.92
Yemen,YEM,2008,0.96
Yemen,YEM,2009,0.96
Yemen,YEM,2010,0.94
Yemen,YEM,2011,0.96
Yemen,YEM,2012,0.97
Yemen,YEM,2013,0.99
Yemen,YEM,2014,1.0
Yemen,YEM,2015,1.03
Yemen,YEM,2016,1.06
Yemen,YEM,2017,1.09
Yemen,YEM,2018,1.13
Yemen,YEM,2019,1.15
Zambia,ZMB,2000,0.46
Zambia,ZMB,2001,0.46
Zambia,ZMB,2002,0.47
Zambia,ZMB,2003,0.48
Zambia,ZMB,2004,0.48
Zambia,ZMB,2005,0.49
Zambia,ZMB,2006,0.49
Zambia,ZMB,2007,0.49
Zambia,ZMB,2008,0.49
Zambia,ZMB,2009,0.49
Zambia,ZMB,2010,0.5
Zambia,ZMB,2011,0.51
Zambia,ZMB,2012,0.51
Zambia,ZMB,2013,0.51
Zambia,ZMB,2014,0.52
Zambia,ZMB,2015,0.52
Zambia,ZMB,2016,0.53
Zambia,ZMB,2017,0.54
Zambia,ZMB,2018,0.55
Zambia,ZMB,2019,0.56
Zimbabwe,ZWE,2000,1.07
Zimbabwe,ZWE,2001,1.07
Zimbabwe,ZWE,2002,1.08
Zimbabwe,ZWE,2003,1.07
Zimbabwe,ZWE,2004,1.07
Zimbabwe,ZWE,2005,1.06
Zimbabwe,ZWE,2006,1.06
Zimbabwe,ZWE,2007,1.07
Zimbabwe,ZWE,2008,1.12
Zimbabwe,ZWE,2009,1.14
Zimbabwe,ZWE,2010,1.16
Zimbabwe,ZWE,2011,1.16
Zimbabwe,ZWE,2012,1.17
Zimbabwe,ZWE,2013,1.19
Zimbabwe,ZWE,2014,1.22
Zimbabwe,ZWE,2015,1.26
Zimbabwe,ZWE,2016,1.29
Zimbabwe,ZWE,2017,1.33
Zimbabwe,ZWE,2018,1.35
Zimbabwe,ZWE,2019,1.38
