Entity,Code,Literacy Rate,Year
Afghanistan,AFG,..,2000
Afghanistan,AFG,..,2014
Afghanistan,AFG,..,2015
Afghanistan,AFG,..,2016
Afghanistan,AFG,..,2017
Afghanistan,AFG,..,2018
Afghanistan,AFG,..,2019
Afghanistan,AFG,..,2020
Africa Eastern and Southern,AFE,54.9210586547852,2000
Africa Eastern and Southern,AFE,63.2671318054199,2014
Africa Eastern and Southern,AFE,64.0143890380859,2015
Africa Eastern and Southern,AFE,65.0719299316406,2016
Africa Eastern and Southern,AFE,65.3260269165039,2017
Africa Eastern and Southern,AFE,65.7786331176758,2018
Africa Eastern and Southern,AFE,67.2897796630859,2019
Africa Eastern and Southern,AFE,67.5369873046875,2020
Africa Western and Central,AFW,35.629280090332,2000
Africa Western and Central,AFW,44.6270599365234,2014
Africa Western and Central,AFW,45.5737800598145,2015
Africa Western and Central,AFW,46.3670082092285,2016
Africa Western and Central,AFW,47.3997116088867,2017
Africa Western and Central,AFW,51.0197105407715,2018
Africa Western and Central,AFW,51.0413818359375,2019
Africa Western and Central,AFW,51.2462310791016,2020
Albania,ALB,..,2000
Albania,ALB,..,2014
Albania,ALB,..,2015
Albania,ALB,..,2016
Albania,ALB,..,2017
Albania,ALB,..,2018
Albania,ALB,..,2019
Albania,ALB,..,2020
Algeria,DZA,..,2000
Algeria,DZA,..,2014
Algeria,DZA,..,2015
Algeria,DZA,..,2016
Algeria,DZA,..,2017
Algeria,DZA,75.3229675292969,2018
Algeria,DZA,..,2019
Algeria,DZA,..,2020
American Samoa,ASM,..,2000
American Samoa,ASM,..,2014
American Samoa,ASM,..,2015
American Samoa,ASM,..,2016
American Samoa,ASM,..,2017
American Samoa,ASM,..,2018
American Samoa,ASM,..,2019
American Samoa,ASM,..,2020
Andorra,AND,..,2000
Andorra,AND,..,2014
Andorra,AND,..,2015
Andorra,AND,..,2016
Andorra,AND,..,2017
Andorra,AND,..,2018
Andorra,AND,..,2019
Andorra,AND,..,2020
Angola,AGO,..,2000
Angola,AGO,53.4072113037109,2014
Angola,AGO,..,2015
Angola,AGO,..,2016
Angola,AGO,..,2017
Angola,AGO,..,2018
Angola,AGO,..,2019
Angola,AGO,..,2020
Antigua and Barbuda,ATG,..,2000
Antigua and Barbuda,ATG,..,2014
Antigua and Barbuda,ATG,..,2015
Antigua and Barbuda,ATG,..,2016
Antigua and Barbuda,ATG,..,2017
Antigua and Barbuda,ATG,..,2018
Antigua and Barbuda,ATG,..,2019
Antigua and Barbuda,ATG,..,2020
Arab World,ARB,53.4572410583496,2000
Arab World,ARB,68.0543212890625,2014
Arab World,ARB,66.6015701293945,2015
Arab World,ARB,68.4434280395508,2016
Arab World,ARB,69.6344223022461,2017
Arab World,ARB,66.4708862304688,2018
Arab World,ARB,66.9413528442383,2019
Arab World,ARB,67.5015869140625,2020
Argentina,ARG,..,2000
Argentina,ARG,..,2014
Argentina,ARG,..,2015
Argentina,ARG,..,2016
Argentina,ARG,..,2017
Argentina,ARG,..,2018
Argentina,ARG,..,2019
Argentina,ARG,..,2020
Armenia,ARM,..,2000
Armenia,ARM,..,2014
Armenia,ARM,..,2015
Armenia,ARM,99.6903533935547,2016
Armenia,ARM,99.6771621704102,2017
Armenia,ARM,..,2018
Armenia,ARM,..,2019
Armenia,ARM,99.7445068359375,2020
Aruba,ABW,97.0713577270508,2000
Aruba,ABW,..,2014
Aruba,ABW,..,2015
Aruba,ABW,..,2016
Aruba,ABW,..,2017
Aruba,ABW,..,2018
Aruba,ABW,..,2019
Aruba,ABW,98,2020
Australia,AUS,..,2000
Australia,AUS,..,2014
Australia,AUS,..,2015
Australia,AUS,..,2016
Australia,AUS,..,2017
Australia,AUS,..,2018
Australia,AUS,..,2019
Australia,AUS,..,2020
Austria,AUT,..,2000
Austria,AUT,..,2014
Austria,AUT,..,2015
Austria,AUT,..,2016
Austria,AUT,..,2017
Austria,AUT,..,2018
Austria,AUT,..,2019
Austria,AUT,..,2020
Azerbaijan,AZE,..,2000
Azerbaijan,AZE,99.7196578979492,2014
Azerbaijan,AZE,99.7171401977539,2015
Azerbaijan,AZE,99.7195510864258,2016
Azerbaijan,AZE,99.7219924926758,2017
Azerbaijan,AZE,..,2018
Azerbaijan,AZE,99.7267532348633,2019
Azerbaijan,AZE,..,2020
"Bahamas, The",BHS,..,2000
"Bahamas, The",BHS,..,2014
"Bahamas, The",BHS,..,2015
"Bahamas, The",BHS,..,2016
"Bahamas, The",BHS,..,2017
"Bahamas, The",BHS,..,2018
"Bahamas, The",BHS,..,2019
"Bahamas, The",BHS,..,2020
Bahrain,BHR,..,2000
Bahrain,BHR,..,2014
Bahrain,BHR,..,2015
Bahrain,BHR,..,2016
Bahrain,BHR,..,2017
Bahrain,BHR,..,2018
Bahrain,BHR,..,2019
Bahrain,BHR,..,2020
Bangladesh,BGD,..,2000
Bangladesh,BGD,57.8609313964844,2014
Bangladesh,BGD,62.2529907226562,2015
Bangladesh,BGD,69.8972091674805,2016
Bangladesh,BGD,70.0857009887695,2017
Bangladesh,BGD,71.1819381713867,2018
Bangladesh,BGD,71.9483871459961,2019
Bangladesh,BGD,72.0047836303711,2020
Barbados,BRB,..,2000
Barbados,BRB,..,2014
Barbados,BRB,..,2015
Barbados,BRB,..,2016
Barbados,BRB,..,2017
Barbados,BRB,..,2018
Barbados,BRB,..,2019
Barbados,BRB,..,2020
Belarus,BLR,..,2000
Belarus,BLR,..,2014
Belarus,BLR,..,2015
Belarus,BLR,..,2016
Belarus,BLR,..,2017
Belarus,BLR,..,2018
Belarus,BLR,99.8765106201172,2019
Belarus,BLR,..,2020
Belgium,BEL,..,2000
Belgium,BEL,..,2014
Belgium,BEL,..,2015
Belgium,BEL,..,2016
Belgium,BEL,..,2017
Belgium,BEL,..,2018
Belgium,BEL,..,2019
Belgium,BEL,..,2020
Belize,BLZ,..,2000
Belize,BLZ,..,2014
Belize,BLZ,..,2015
Belize,BLZ,..,2016
Belize,BLZ,..,2017
Belize,BLZ,..,2018
Belize,BLZ,..,2019
Belize,BLZ,..,2020
Benin,BEN,..,2000
Benin,BEN,..,2014
Benin,BEN,..,2015
Benin,BEN,..,2016
Benin,BEN,..,2017
Benin,BEN,..,2018
Benin,BEN,..,2019
Benin,BEN,..,2020
Bermuda,BMU,..,2000
Bermuda,BMU,..,2014
Bermuda,BMU,..,2015
Bermuda,BMU,..,2016
Bermuda,BMU,..,2017
Bermuda,BMU,..,2018
Bermuda,BMU,..,2019
Bermuda,BMU,..,2020
Bhutan,BTN,..,2000
Bhutan,BTN,..,2014
Bhutan,BTN,..,2015
Bhutan,BTN,..,2016
Bhutan,BTN,57.0836181640625,2017
Bhutan,BTN,..,2018
Bhutan,BTN,..,2019
Bhutan,BTN,..,2020
Bolivia,BOL,..,2000
Bolivia,BOL,..,2014
Bolivia,BOL,88.5828628540039,2015
Bolivia,BOL,..,2016
Bolivia,BOL,..,2017
Bolivia,BOL,..,2018
Bolivia,BOL,..,2019
Bolivia,BOL,90.5025863647461,2020
Bosnia and Herzegovina,BIH,94.3599395751953,2000
Bosnia and Herzegovina,BIH,..,2014
Bosnia and Herzegovina,BIH,..,2015
Bosnia and Herzegovina,BIH,..,2016
Bosnia and Herzegovina,BIH,..,2017
Bosnia and Herzegovina,BIH,..,2018
Bosnia and Herzegovina,BIH,..,2019
Bosnia and Herzegovina,BIH,..,2020
Botswana,BWA,..,2000
Botswana,BWA,..,2014
Botswana,BWA,..,2015
Botswana,BWA,..,2016
Botswana,BWA,..,2017
Botswana,BWA,..,2018
Botswana,BWA,..,2019
Botswana,BWA,..,2020
Brazil,BRA,86.5000534057617,2000
Brazil,BRA,92.0605163574219,2014
Brazil,BRA,92.3437881469727,2015
Brazil,BRA,93.0212020874023,2016
Brazil,BRA,93.2437133789062,2017
Brazil,BRA,93.4250717163086,2018
Brazil,BRA,..,2019
Brazil,BRA,..,2020
British Virgin Islands,VGB,..,2000
British Virgin Islands,VGB,..,2014
British Virgin Islands,VGB,..,2015
British Virgin Islands,VGB,..,2016
British Virgin Islands,VGB,..,2017
British Virgin Islands,VGB,..,2018
British Virgin Islands,VGB,..,2019
British Virgin Islands,VGB,..,2020
Brunei Darussalam,BRN,..,2000
Brunei Darussalam,BRN,..,2014
Brunei Darussalam,BRN,..,2015
Brunei Darussalam,BRN,..,2016
Brunei Darussalam,BRN,..,2017
Brunei Darussalam,BRN,96.3012619018555,2018
Brunei Darussalam,BRN,..,2019
Brunei Darussalam,BRN,..,2020
Bulgaria,BGR,..,2000
Bulgaria,BGR,..,2014
Bulgaria,BGR,..,2015
Bulgaria,BGR,..,2016
Bulgaria,BGR,..,2017
Bulgaria,BGR,..,2018
Bulgaria,BGR,..,2019
Bulgaria,BGR,..,2020
Burkina Faso,BFA,..,2000
Burkina Faso,BFA,26.2202491760254,2014
Burkina Faso,BFA,..,2015
Burkina Faso,BFA,..,2016
Burkina Faso,BFA,..,2017
Burkina Faso,BFA,31.0440807342529,2018
Burkina Faso,BFA,24.6815395355225,2019
Burkina Faso,BFA,..,2020
Burundi,BDI,52.2377586364746,2000
Burundi,BDI,54.641658782959,2014
Burundi,BDI,..,2015
Burundi,BDI,..,2016
Burundi,BDI,61.223690032959,2017
Burundi,BDI,..,2018
Burundi,BDI,..,2019
Burundi,BDI,..,2020
Cabo Verde,CPV,69.4445571899414,2000
Cabo Verde,CPV,..,2014
Cabo Verde,CPV,82.0422210693359,2015
Cabo Verde,CPV,..,2016
Cabo Verde,CPV,..,2017
Cabo Verde,CPV,..,2018
Cabo Verde,CPV,..,2019
Cabo Verde,CPV,..,2020
Cambodia,KHM,..,2000
Cambodia,KHM,71.7817993164062,2014
Cambodia,KHM,75.0338668823242,2015
Cambodia,KHM,..,2016
Cambodia,KHM,..,2017
Cambodia,KHM,..,2018
Cambodia,KHM,..,2019
Cambodia,KHM,..,2020
Cameroon,CMR,58.7217597961426,2000
Cameroon,CMR,..,2014
Cameroon,CMR,..,2015
Cameroon,CMR,..,2016
Cameroon,CMR,..,2017
Cameroon,CMR,71.5862731933594,2018
Cameroon,CMR,..,2019
Cameroon,CMR,73.120002746582,2020
Canada,CAN,..,2000
Canada,CAN,..,2014
Canada,CAN,..,2015
Canada,CAN,..,2016
Canada,CAN,..,2017
Canada,CAN,..,2018
Canada,CAN,..,2019
Canada,CAN,..,2020
Caribbean small states,CSS,90.7538223266602,2000
Caribbean small states,CSS,..,2014
Caribbean small states,CSS,..,2015
Caribbean small states,CSS,..,2016
Caribbean small states,CSS,..,2017
Caribbean small states,CSS,..,2018
Caribbean small states,CSS,..,2019
Caribbean small states,CSS,..,2020
Cayman Islands,CYM,..,2000
Cayman Islands,CYM,..,2014
Cayman Islands,CYM,..,2015
Cayman Islands,CYM,..,2016
Cayman Islands,CYM,99.0214767456055,2017
Cayman Islands,CYM,..,2018
Cayman Islands,CYM,..,2019
Cayman Islands,CYM,..,2020
Central African Republic,CAF,35.290901184082,2000
Central African Republic,CAF,..,2014
Central African Republic,CAF,..,2015
Central African Republic,CAF,..,2016
Central African Republic,CAF,..,2017
Central African Republic,CAF,25.7563800811768,2018
Central African Republic,CAF,..,2019
Central African Republic,CAF,26.2000007629395,2020
Central Europe and the Baltics,CEB,..,2000
Central Europe and the Baltics,CEB,99.1648788452148,2014
Central Europe and the Baltics,CEB,99.1938018798828,2015
Central Europe and the Baltics,CEB,99.2280578613281,2016
Central Europe and the Baltics,CEB,99.2559585571289,2017
Central Europe and the Baltics,CEB,99.2838668823242,2018
Central Europe and the Baltics,CEB,99.3091430664062,2019
Central Europe and the Baltics,CEB,99.3347702026367,2020
Chad,TCD,12.7964200973511,2000
Chad,TCD,..,2014
Chad,TCD,13.9334096908569,2015
Chad,TCD,13.9552297592163,2016
Chad,TCD,..,2017
Chad,TCD,..,2018
Chad,TCD,..,2019
Chad,TCD,..,2020
Channel Islands,CHI,..,2000
Channel Islands,CHI,..,2014
Channel Islands,CHI,..,2015
Channel Islands,CHI,..,2016
Channel Islands,CHI,..,2017
Channel Islands,CHI,..,2018
Channel Islands,CHI,..,2019
Channel Islands,CHI,..,2020
Chile,CHL,..,2000
Chile,CHL,..,2014
Chile,CHL,96.7439575195312,2015
Chile,CHL,..,2016
Chile,CHL,96.3340225219727,2017
Chile,CHL,..,2018
Chile,CHL,..,2019
Chile,CHL,..,2020
China,CHN,86.5266036987305,2000
China,CHN,..,2014
China,CHN,..,2015
China,CHN,..,2016
China,CHN,..,2017
China,CHN,..,2018
China,CHN,..,2019
China,CHN,95.6100006103516,2020
Colombia,COL,..,2000
Colombia,COL,94.4846572875977,2014
Colombia,COL,94.4158172607422,2015
Colombia,COL,94.8902206420898,2016
Colombia,COL,..,2017
Colombia,COL,95.3189163208008,2018
Colombia,COL,95.4690322875977,2019
Colombia,COL,95.8750610351562,2020
Comoros,COM,63.4590187072754,2000
Comoros,COM,..,2014
Comoros,COM,..,2015
Comoros,COM,..,2016
Comoros,COM,..,2017
Comoros,COM,..,2018
Comoros,COM,..,2019
Comoros,COM,..,2020
"Congo, Dem. Rep.",COD,..,2000
"Congo, Dem. Rep.",COD,..,2014
"Congo, Dem. Rep.",COD,..,2015
"Congo, Dem. Rep.",COD,66.4999771118164,2016
"Congo, Dem. Rep.",COD,..,2017
"Congo, Dem. Rep.",COD,..,2018
"Congo, Dem. Rep.",COD,..,2019
"Congo, Dem. Rep.",COD,..,2020
"Congo, Rep.",COG,..,2000
"Congo, Rep.",COG,..,2014
"Congo, Rep.",COG,..,2015
"Congo, Rep.",COG,..,2016
"Congo, Rep.",COG,..,2017
"Congo, Rep.",COG,..,2018
"Congo, Rep.",COG,..,2019
"Congo, Rep.",COG,..,2020
Costa Rica,CRI,95.0807876586914,2000
Costa Rica,CRI,..,2014
Costa Rica,CRI,..,2015
Costa Rica,CRI,..,2016
Costa Rica,CRI,..,2017
Costa Rica,CRI,..,2018
Costa Rica,CRI,..,2019
Costa Rica,CRI,..,2020
Cote d'Ivoire,CIV,38.6145095825195,2000
Cote d'Ivoire,CIV,36.7842483520508,2014
Cote d'Ivoire,CIV,..,2015
Cote d'Ivoire,CIV,..,2016
Cote d'Ivoire,CIV,..,2017
Cote d'Ivoire,CIV,..,2018
Cote d'Ivoire,CIV,86.7412490844727,2019
Cote d'Ivoire,CIV,..,2020
Croatia,HRV,..,2000
Croatia,HRV,..,2014
Croatia,HRV,..,2015
Croatia,HRV,..,2016
Croatia,HRV,..,2017
Croatia,HRV,..,2018
Croatia,HRV,..,2019
Croatia,HRV,..,2020
Cuba,CUB,..,2000
Cuba,CUB,..,2014
Cuba,CUB,..,2015
Cuba,CUB,..,2016
Cuba,CUB,..,2017
Cuba,CUB,..,2018
Cuba,CUB,..,2019
Cuba,CUB,..,2020
Curacao,CUW,..,2000
Curacao,CUW,..,2014
Curacao,CUW,..,2015
Curacao,CUW,..,2016
Curacao,CUW,..,2017
Curacao,CUW,..,2018
Curacao,CUW,..,2019
Curacao,CUW,..,2020
Cyprus,CYP,..,2000
Cyprus,CYP,..,2014
Cyprus,CYP,..,2015
Cyprus,CYP,..,2016
Cyprus,CYP,..,2017
Cyprus,CYP,..,2018
Cyprus,CYP,..,2019
Cyprus,CYP,..,2020
Czechia,CZE,..,2000
Czechia,CZE,..,2014
Czechia,CZE,..,2015
Czechia,CZE,..,2016
Czechia,CZE,..,2017
Czechia,CZE,..,2018
Czechia,CZE,..,2019
Czechia,CZE,..,2020
Denmark,DNK,..,2000
Denmark,DNK,..,2014
Denmark,DNK,..,2015
Denmark,DNK,..,2016
Denmark,DNK,..,2017
Denmark,DNK,..,2018
Denmark,DNK,..,2019
Denmark,DNK,..,2020
Djibouti,DJI,..,2000
Djibouti,DJI,..,2014
Djibouti,DJI,..,2015
Djibouti,DJI,..,2016
Djibouti,DJI,..,2017
Djibouti,DJI,..,2018
Djibouti,DJI,..,2019
Djibouti,DJI,..,2020
Dominica,DMA,..,2000
Dominica,DMA,..,2014
Dominica,DMA,..,2015
Dominica,DMA,..,2016
Dominica,DMA,..,2017
Dominica,DMA,..,2018
Dominica,DMA,..,2019
Dominica,DMA,..,2020
Dominican Republic,DOM,..,2000
Dominican Republic,DOM,92.1477890014648,2014
Dominican Republic,DOM,92.3210601806641,2015
Dominican Republic,DOM,93.7641296386719,2016
Dominican Republic,DOM,..,2017
Dominican Republic,DOM,..,2018
Dominican Republic,DOM,..,2019
Dominican Republic,DOM,..,2020
Early-demographic dividend,EAR,59.2753791809082,2000
Early-demographic dividend,EAR,70.9281616210938,2014
Early-demographic dividend,EAR,71.7644271850586,2015
Early-demographic dividend,EAR,72.5756301879883,2016
Early-demographic dividend,EAR,73.0892868041992,2017
Early-demographic dividend,EAR,73.5040969848633,2018
Early-demographic dividend,EAR,73.8940582275391,2019
Early-demographic dividend,EAR,74.4787826538086,2020
East Asia & Pacific,EAS,86.2397308349609,2000
East Asia & Pacific,EAS,92.6412200927734,2014
East Asia & Pacific,EAS,92.8814392089844,2015
East Asia & Pacific,EAS,93.1314468383789,2016
East Asia & Pacific,EAS,93.3517608642578,2017
East Asia & Pacific,EAS,93.5822372436523,2018
East Asia & Pacific,EAS,94.0413589477539,2019
East Asia & Pacific,EAS,94.5039291381836,2020
East Asia & Pacific (IDA & IBRD countries),TEA,86.2199630737305,2000
East Asia & Pacific (IDA & IBRD countries),TEA,92.8425521850586,2014
East Asia & Pacific (IDA & IBRD countries),TEA,93.0748672485352,2015
East Asia & Pacific (IDA & IBRD countries),TEA,93.3281097412109,2016
East Asia & Pacific (IDA & IBRD countries),TEA,93.5433502197266,2017
East Asia & Pacific (IDA & IBRD countries),TEA,93.7767486572266,2018
East Asia & Pacific (IDA & IBRD countries),TEA,94.2181701660156,2019
East Asia & Pacific (IDA & IBRD countries),TEA,94.7149276733398,2020
East Asia & Pacific (excluding high income),EAP,86.4088897705078,2000
East Asia & Pacific (excluding high income),EAP,92.9346084594727,2014
East Asia & Pacific (excluding high income),EAP,93.1638412475586,2015
East Asia & Pacific (excluding high income),EAP,93.4136581420898,2016
East Asia & Pacific (excluding high income),EAP,93.6259918212891,2017
East Asia & Pacific (excluding high income),EAP,93.856201171875,2018
East Asia & Pacific (excluding high income),EAP,94.2917785644531,2019
East Asia & Pacific (excluding high income),EAP,94.7819976806641,2020
Ecuador,ECU,..,2000
Ecuador,ECU,93.2538604736328,2014
Ecuador,ECU,93.2566223144531,2015
Ecuador,ECU,93.3145294189453,2016
Ecuador,ECU,92.0866928100586,2017
Ecuador,ECU,..,2018
Ecuador,ECU,..,2019
Ecuador,ECU,92.4902420043945,2020
"Egypt, Arab Rep.",EGY,..,2000
"Egypt, Arab Rep.",EGY,..,2014
"Egypt, Arab Rep.",EGY,..,2015
"Egypt, Arab Rep.",EGY,..,2016
"Egypt, Arab Rep.",EGY,65.5056915283203,2017
"Egypt, Arab Rep.",EGY,..,2018
"Egypt, Arab Rep.",EGY,..,2019
"Egypt, Arab Rep.",EGY,..,2020
El Salvador,SLV,..,2000
El Salvador,SLV,..,2014
El Salvador,SLV,86.2171020507812,2015
El Salvador,SLV,86.3264236450195,2016
El Salvador,SLV,86.6736373901367,2017
El Salvador,SLV,87.2341384887695,2018
El Salvador,SLV,87.3185882568359,2019
El Salvador,SLV,88.5415267944336,2020
Equatorial Guinea,GNQ,81.6230010986328,2000
Equatorial Guinea,GNQ,..,2014
Equatorial Guinea,GNQ,..,2015
Equatorial Guinea,GNQ,..,2016
Equatorial Guinea,GNQ,..,2017
Equatorial Guinea,GNQ,..,2018
Equatorial Guinea,GNQ,..,2019
Equatorial Guinea,GNQ,..,2020
Eritrea,ERI,..,2000
Eritrea,ERI,..,2014
Eritrea,ERI,..,2015
Eritrea,ERI,..,2016
Eritrea,ERI,..,2017
Eritrea,ERI,68.9461898803711,2018
Eritrea,ERI,..,2019
Eritrea,ERI,..,2020
Estonia,EST,99.7600631713867,2000
Estonia,EST,..,2014
Estonia,EST,..,2015
Estonia,EST,..,2016
Estonia,EST,..,2017
Estonia,EST,..,2018
Estonia,EST,..,2019
Estonia,EST,..,2020
Eswatini,SWZ,80.3287506103516,2000
Eswatini,SWZ,..,2014
Eswatini,SWZ,..,2015
Eswatini,SWZ,..,2016
Eswatini,SWZ,..,2017
Eswatini,SWZ,..,2018
Eswatini,SWZ,..,2019
Eswatini,SWZ,89.4700012207031,2020
Ethiopia,ETH,..,2000
Ethiopia,ETH,..,2014
Ethiopia,ETH,..,2015
Ethiopia,ETH,..,2016
Ethiopia,ETH,44.4233818054199,2017
Ethiopia,ETH,..,2018
Ethiopia,ETH,..,2019
Ethiopia,ETH,..,2020
Euro area,EMU,..,2000
Euro area,EMU,..,2014
Euro area,EMU,..,2015
Euro area,EMU,..,2016
Euro area,EMU,..,2017
Euro area,EMU,..,2018
Euro area,EMU,..,2019
Euro area,EMU,..,2020
Europe & Central Asia,ECS,95.3011627197266,2000
Europe & Central Asia,ECS,97.560432434082,2014
Europe & Central Asia,ECS,97.6148910522461,2015
Europe & Central Asia,ECS,97.7479629516602,2016
Europe & Central Asia,ECS,97.8020172119141,2017
Europe & Central Asia,ECS,97.9582138061523,2018
Europe & Central Asia,ECS,98.0051422119141,2019
Europe & Central Asia,ECS,98.1070709228516,2020
Europe & Central Asia (IDA & IBRD countries),TEC,95.9103164672852,2000
Europe & Central Asia (IDA & IBRD countries),TEC,98.3935775756836,2014
Europe & Central Asia (IDA & IBRD countries),TEC,98.4251327514648,2015
Europe & Central Asia (IDA & IBRD countries),TEC,98.5960998535156,2016
Europe & Central Asia (IDA & IBRD countries),TEC,98.5912704467773,2017
Europe & Central Asia (IDA & IBRD countries),TEC,98.7942886352539,2018
Europe & Central Asia (IDA & IBRD countries),TEC,98.8217086791992,2019
Europe & Central Asia (IDA & IBRD countries),TEC,98.9379577636719,2020
Europe & Central Asia (excluding high income),ECA,95.5314712524414,2000
Europe & Central Asia (excluding high income),ECA,98.2583084106445,2014
Europe & Central Asia (excluding high income),ECA,98.2894973754883,2015
Europe & Central Asia (excluding high income),ECA,98.4836730957031,2016
Europe & Central Asia (excluding high income),ECA,98.472770690918,2017
Europe & Central Asia (excluding high income),ECA,98.7043609619141,2018
Europe & Central Asia (excluding high income),ECA,98.7313232421875,2019
Europe & Central Asia (excluding high income),ECA,98.8617401123047,2020
European Union,EUU,..,2000
European Union,EUU,..,2014
European Union,EUU,..,2015
European Union,EUU,..,2016
European Union,EUU,..,2017
European Union,EUU,..,2018
European Union,EUU,..,2019
European Union,EUU,..,2020
Faroe Islands,FRO,..,2000
Faroe Islands,FRO,..,2014
Faroe Islands,FRO,..,2015
Faroe Islands,FRO,..,2016
Faroe Islands,FRO,..,2017
Faroe Islands,FRO,..,2018
Faroe Islands,FRO,..,2019
Faroe Islands,FRO,..,2020
Fiji,FJI,..,2000
Fiji,FJI,..,2014
Fiji,FJI,..,2015
Fiji,FJI,..,2016
Fiji,FJI,..,2017
Fiji,FJI,..,2018
Fiji,FJI,..,2019
Fiji,FJI,..,2020
Finland,FIN,..,2000
Finland,FIN,..,2014
Finland,FIN,..,2015
Finland,FIN,..,2016
Finland,FIN,..,2017
Finland,FIN,..,2018
Finland,FIN,..,2019
Finland,FIN,..,2020
Fragile and conflict affected situations,FCS,53.6469688415527,2000
Fragile and conflict affected situations,FCS,57.3688812255859,2014
Fragile and conflict affected situations,FCS,56.5096817016602,2015
Fragile and conflict affected situations,FCS,58.5854797363281,2016
Fragile and conflict affected situations,FCS,59.5323715209961,2017
Fragile and conflict affected situations,FCS,57.9161491394043,2018
Fragile and conflict affected situations,FCS,58.7201118469238,2019
Fragile and conflict affected situations,FCS,58.5896415710449,2020
France,FRA,..,2000
France,FRA,..,2014
France,FRA,..,2015
France,FRA,..,2016
France,FRA,..,2017
France,FRA,..,2018
France,FRA,..,2019
France,FRA,..,2020
French Polynesia,PYF,..,2000
French Polynesia,PYF,..,2014
French Polynesia,PYF,..,2015
French Polynesia,PYF,..,2016
French Polynesia,PYF,..,2017
French Polynesia,PYF,..,2018
French Polynesia,PYF,..,2019
French Polynesia,PYF,..,2020
Gabon,GAB,..,2000
Gabon,GAB,..,2014
Gabon,GAB,..,2015
Gabon,GAB,..,2016
Gabon,GAB,..,2017
Gabon,GAB,..,2018
Gabon,GAB,..,2019
Gabon,GAB,..,2020
"Gambia, The",GMB,25.0615501403809,2000
"Gambia, The",GMB,..,2014
"Gambia, The",GMB,41.577018737793,2015
"Gambia, The",GMB,..,2016
"Gambia, The",GMB,..,2017
"Gambia, The",GMB,..,2018
"Gambia, The",GMB,..,2019
"Gambia, The",GMB,..,2020
Georgia,GEO,..,2000
Georgia,GEO,99.5145797729492,2014
Georgia,GEO,..,2015
Georgia,GEO,..,2016
Georgia,GEO,99.2947463989258,2017
Georgia,GEO,..,2018
Georgia,GEO,..,2019
Georgia,GEO,..,2020
Germany,DEU,..,2000
Germany,DEU,..,2014
Germany,DEU,..,2015
Germany,DEU,..,2016
Germany,DEU,..,2017
Germany,DEU,..,2018
Germany,DEU,..,2019
Germany,DEU,..,2020
Ghana,GHA,49.7919616699219,2000
Ghana,GHA,..,2014
Ghana,GHA,..,2015
Ghana,GHA,..,2016
Ghana,GHA,..,2017
Ghana,GHA,..,2018
Ghana,GHA,..,2019
Ghana,GHA,76.1900024414062,2020
Gibraltar,GIB,..,2000
Gibraltar,GIB,..,2014
Gibraltar,GIB,..,2015
Gibraltar,GIB,..,2016
Gibraltar,GIB,..,2017
Gibraltar,GIB,..,2018
Gibraltar,GIB,..,2019
Gibraltar,GIB,..,2020
Greece,GRC,..,2000
Greece,GRC,..,2014
Greece,GRC,..,2015
Greece,GRC,..,2016
Greece,GRC,..,2017
Greece,GRC,..,2018
Greece,GRC,..,2019
Greece,GRC,..,2020
Greenland,GRL,..,2000
Greenland,GRL,..,2014
Greenland,GRL,..,2015
Greenland,GRL,..,2016
Greenland,GRL,..,2017
Greenland,GRL,..,2018
Greenland,GRL,..,2019
Greenland,GRL,..,2020
Grenada,GRD,..,2000
Grenada,GRD,..,2014
Grenada,GRD,..,2015
Grenada,GRD,..,2016
Grenada,GRD,..,2017
Grenada,GRD,..,2018
Grenada,GRD,..,2019
Grenada,GRD,..,2020
Guam,GUM,99.5699996948242,2000
Guam,GUM,..,2014
Guam,GUM,..,2015
Guam,GUM,..,2016
Guam,GUM,..,2017
Guam,GUM,..,2018
Guam,GUM,..,2019
Guam,GUM,..,2020
Guatemala,GTM,..,2000
Guatemala,GTM,76.3706588745117,2014
Guatemala,GTM,..,2015
Guatemala,GTM,..,2016
Guatemala,GTM,..,2017
Guatemala,GTM,76.7233810424805,2018
Guatemala,GTM,..,2019
Guatemala,GTM,..,2020
Guinea,GIN,..,2000
Guinea,GIN,21.9622497558594,2014
Guinea,GIN,..,2015
Guinea,GIN,..,2016
Guinea,GIN,..,2017
Guinea,GIN,27.6925601959229,2018
Guinea,GIN,..,2019
Guinea,GIN,..,2020
Guinea-Bissau,GNB,27.4942092895508,2000
Guinea-Bissau,GNB,30.7685108184814,2014
Guinea-Bissau,GNB,..,2015
Guinea-Bissau,GNB,..,2016
Guinea-Bissau,GNB,..,2017
Guinea-Bissau,GNB,..,2018
Guinea-Bissau,GNB,..,2019
Guinea-Bissau,GNB,..,2020
Guyana,GUY,..,2000
Guyana,GUY,85.0346069335938,2014
Guyana,GUY,..,2015
Guyana,GUY,..,2016
Guyana,GUY,..,2017
Guyana,GUY,..,2018
Guyana,GUY,..,2019
Guyana,GUY,..,2020
Haiti,HTI,..,2000
Haiti,HTI,..,2014
Haiti,HTI,..,2015
Haiti,HTI,58.3005218505859,2016
Haiti,HTI,..,2017
Haiti,HTI,..,2018
Haiti,HTI,..,2019
Haiti,HTI,..,2020
Heavily indebted poor countries (HIPC),HPC,41.0363807678223,2000
Heavily indebted poor countries (HIPC),HPC,51.9952583312988,2014
Heavily indebted poor countries (HIPC),HPC,52.668758392334,2015
Heavily indebted poor countries (HIPC),HPC,53.8300285339355,2016
Heavily indebted poor countries (HIPC),HPC,55.1465797424316,2017
Heavily indebted poor countries (HIPC),HPC,56.7160987854004,2018
Heavily indebted poor countries (HIPC),HPC,57.2313385009766,2019
Heavily indebted poor countries (HIPC),HPC,57.5840492248535,2020
High income,HIC,..,2000
High income,HIC,..,2014
High income,HIC,..,2015
High income,HIC,..,2016
High income,HIC,..,2017
High income,HIC,..,2018
High income,HIC,..,2019
High income,HIC,..,2020
Honduras,HND,..,2000
Honduras,HND,87.025993347168,2014
Honduras,HND,87.8936996459961,2015
Honduras,HND,88.9348602294922,2016
Honduras,HND,..,2017
Honduras,HND,87.2655563354492,2018
Honduras,HND,88.7316970825195,2019
Honduras,HND,..,2020
"Hong Kong SAR, China",HKG,..,2000
"Hong Kong SAR, China",HKG,..,2014
"Hong Kong SAR, China",HKG,..,2015
"Hong Kong SAR, China",HKG,..,2016
"Hong Kong SAR, China",HKG,..,2017
"Hong Kong SAR, China",HKG,..,2018
"Hong Kong SAR, China",HKG,..,2019
"Hong Kong SAR, China",HKG,..,2020
Hungary,HUN,..,2000
Hungary,HUN,..,2014
Hungary,HUN,..,2015
Hungary,HUN,..,2016
Hungary,HUN,..,2017
Hungary,HUN,..,2018
Hungary,HUN,..,2019
Hungary,HUN,..,2020
IBRD only,IBD,76.7589721679688,2000
IBRD only,IBD,84.4365005493164,2014
IBRD only,IBD,84.6464385986328,2015
IBRD only,IBD,85.1535873413086,2016
IBRD only,IBD,85.4462203979492,2017
IBRD only,IBD,85.5339889526367,2018
IBRD only,IBD,85.6540222167969,2019
IBRD only,IBD,86.1236267089844,2020
IDA & IBRD total,IBT,71.1793899536133,2000
IDA & IBRD total,IBT,78.412712097168,2014
IDA & IBRD total,IBT,78.7430801391602,2015
IDA & IBRD total,IBT,79.4350204467773,2016
IDA & IBRD total,IBT,79.8065490722656,2017
IDA & IBRD total,IBT,79.9954833984375,2018
IDA & IBRD total,IBT,80.2309799194336,2019
IDA & IBRD total,IBT,80.5973815917969,2020
IDA blend,IDB,46.9748115539551,2000
IDA blend,IDB,55.2834091186523,2014
IDA blend,IDB,55.8064384460449,2015
IDA blend,IDB,56.757438659668,2016
IDA blend,IDB,57.6557807922363,2017
IDA blend,IDB,57.6906585693359,2018
IDA blend,IDB,58.2003593444824,2019
IDA blend,IDB,58.5982818603516,2020
IDA only,IDX,46.3634185791016,2000
IDA only,IDX,55.7290191650391,2014
IDA only,IDX,57.0279884338379,2015
IDA only,IDX,59.0164413452148,2016
IDA only,IDX,60.0085983276367,2017
IDA only,IDX,61.2633285522461,2018
IDA only,IDX,62.4390106201172,2019
IDA only,IDX,62.7120704650879,2020
IDA total,IDA,46.5638313293457,2000
IDA total,IDA,55.5826416015625,2014
IDA total,IDA,56.6275787353516,2015
IDA total,IDA,58.2772407531738,2016
IDA total,IDA,59.2409782409668,2017
IDA total,IDA,60.0994491577148,2018
IDA total,IDA,61.0611381530762,2019
IDA total,IDA,61.3776206970215,2020
Iceland,ISL,..,2000
Iceland,ISL,..,2014
Iceland,ISL,..,2015
Iceland,ISL,..,2016
Iceland,ISL,..,2017
Iceland,ISL,..,2018
Iceland,ISL,..,2019
Iceland,ISL,..,2020
India,IND,..,2000
India,IND,..,2014
India,IND,..,2015
India,IND,..,2016
India,IND,..,2017
India,IND,..,2018
India,IND,..,2019
India,IND,..,2020
Indonesia,IDN,..,2000
Indonesia,IDN,93.4508972167969,2014
Indonesia,IDN,93.3357086181641,2015
Indonesia,IDN,93.5869216918945,2016
Indonesia,IDN,..,2017
Indonesia,IDN,93.9921798706055,2018
Indonesia,IDN,..,2019
Indonesia,IDN,94.5523529052734,2020
"Iran, Islamic Rep.",IRN,..,2000
"Iran, Islamic Rep.",IRN,79.8393478393555,2014
"Iran, Islamic Rep.",IRN,..,2015
"Iran, Islamic Rep.",IRN,80.7874374389648,2016
"Iran, Islamic Rep.",IRN,..,2017
"Iran, Islamic Rep.",IRN,..,2018
"Iran, Islamic Rep.",IRN,..,2019
"Iran, Islamic Rep.",IRN,..,2020
Iraq,IRQ,64.1695022583008,2000
Iraq,IRQ,74.5999984741211,2014
Iraq,IRQ,..,2015
Iraq,IRQ,76.8000030517578,2016
Iraq,IRQ,79.9000015258789,2017
Iraq,IRQ,..,2018
Iraq,IRQ,..,2019
Iraq,IRQ,..,2020
Ireland,IRL,..,2000
Ireland,IRL,..,2014
Ireland,IRL,..,2015
Ireland,IRL,..,2016
Ireland,IRL,..,2017
Ireland,IRL,..,2018
Ireland,IRL,..,2019
Ireland,IRL,..,2020
Isle of Man,IMN,..,2000
Isle of Man,IMN,..,2014
Isle of Man,IMN,..,2015
Isle of Man,IMN,..,2016
Isle of Man,IMN,..,2017
Isle of Man,IMN,..,2018
Isle of Man,IMN,..,2019
Isle of Man,IMN,..,2020
Israel,ISR,..,2000
Israel,ISR,..,2014
Israel,ISR,..,2015
Israel,ISR,..,2016
Israel,ISR,..,2017
Israel,ISR,..,2018
Israel,ISR,..,2019
Israel,ISR,..,2020
Italy,ITA,..,2000
Italy,ITA,..,2014
Italy,ITA,..,2015
Italy,ITA,..,2016
Italy,ITA,..,2017
Italy,ITA,..,2018
Italy,ITA,99.2238922119141,2019
Italy,ITA,..,2020
Jamaica,JAM,..,2000
Jamaica,JAM,..,2014
Jamaica,JAM,..,2015
Jamaica,JAM,..,2016
Jamaica,JAM,..,2017
Jamaica,JAM,..,2018
Jamaica,JAM,..,2019
Jamaica,JAM,..,2020
Japan,JPN,..,2000
Japan,JPN,..,2014
Japan,JPN,..,2015
Japan,JPN,..,2016
Japan,JPN,..,2017
Japan,JPN,..,2018
Japan,JPN,..,2019
Japan,JPN,..,2020
Jordan,JOR,..,2000
Jordan,JOR,..,2014
Jordan,JOR,..,2015
Jordan,JOR,..,2016
Jordan,JOR,..,2017
Jordan,JOR,..,2018
Jordan,JOR,..,2019
Jordan,JOR,..,2020
Kazakhstan,KAZ,..,2000
Kazakhstan,KAZ,..,2014
Kazakhstan,KAZ,..,2015
Kazakhstan,KAZ,..,2016
Kazakhstan,KAZ,..,2017
Kazakhstan,KAZ,..,2018
Kazakhstan,KAZ,..,2019
Kazakhstan,KAZ,99.8000030517578,2020
Kenya,KEN,77.8929824829102,2000
Kenya,KEN,74.0063171386719,2014
Kenya,KEN,..,2015
Kenya,KEN,..,2016
Kenya,KEN,..,2017
Kenya,KEN,..,2018
Kenya,KEN,..,2019
Kenya,KEN,..,2020
Kiribati,KIR,..,2000
Kiribati,KIR,..,2014
Kiribati,KIR,..,2015
Kiribati,KIR,..,2016
Kiribati,KIR,..,2017
Kiribati,KIR,..,2018
Kiribati,KIR,..,2019
Kiribati,KIR,..,2020
"Korea, Dem. People's Rep.",PRK,..,2000
"Korea, Dem. People's Rep.",PRK,..,2014
"Korea, Dem. People's Rep.",PRK,..,2015
"Korea, Dem. People's Rep.",PRK,..,2016
"Korea, Dem. People's Rep.",PRK,..,2017
"Korea, Dem. People's Rep.",PRK,99.9976119995117,2018
"Korea, Dem. People's Rep.",PRK,..,2019
"Korea, Dem. People's Rep.",PRK,..,2020
"Korea, Rep.",KOR,..,2000
"Korea, Rep.",KOR,..,2014
"Korea, Rep.",KOR,..,2015
"Korea, Rep.",KOR,..,2016
"Korea, Rep.",KOR,..,2017
"Korea, Rep.",KOR,98.4000015258789,2018
"Korea, Rep.",KOR,..,2019
"Korea, Rep.",KOR,..,2020
Kosovo,XKX,..,2000
Kosovo,XKX,..,2014
Kosovo,XKX,..,2015
Kosovo,XKX,..,2016
Kosovo,XKX,..,2017
Kosovo,XKX,..,2018
Kosovo,XKX,..,2019
Kosovo,XKX,..,2020
Kuwait,KWT,..,2000
Kuwait,KWT,..,2014
Kuwait,KWT,94.4700469970703,2015
Kuwait,KWT,..,2016
Kuwait,KWT,94.8257675170898,2017
Kuwait,KWT,94.905158996582,2018
Kuwait,KWT,..,2019
Kuwait,KWT,95.3516998291016,2020
Kyrgyz Republic,KGZ,..,2000
Kyrgyz Republic,KGZ,..,2014
Kyrgyz Republic,KGZ,..,2015
Kyrgyz Republic,KGZ,..,2016
Kyrgyz Republic,KGZ,..,2017
Kyrgyz Republic,KGZ,..,2018
Kyrgyz Republic,KGZ,99.5,2019
Kyrgyz Republic,KGZ,..,2020
Lao PDR,LAO,58.4607009887695,2000
Lao PDR,LAO,..,2014
Lao PDR,LAO,79.3910369873047,2015
Lao PDR,LAO,..,2016
Lao PDR,LAO,..,2017
Lao PDR,LAO,..,2018
Lao PDR,LAO,..,2019
Lao PDR,LAO,..,2020
Late-demographic dividend,LTE,88.1204299926758,2000
Late-demographic dividend,LTE,93.6428985595703,2014
Late-demographic dividend,LTE,93.9332733154297,2015
Late-demographic dividend,LTE,94.2317504882812,2016
Late-demographic dividend,LTE,94.432746887207,2017
Late-demographic dividend,LTE,94.6663208007812,2018
Late-demographic dividend,LTE,94.9144134521484,2019
Late-demographic dividend,LTE,95.2930297851562,2020
Latin America & Caribbean,LCN,88.1074066162109,2000
Latin America & Caribbean,LCN,92.4683990478516,2014
Latin America & Caribbean,LCN,92.5874328613281,2015
Latin America & Caribbean,LCN,93.0710067749023,2016
Latin America & Caribbean,LCN,93.1621322631836,2017
Latin America & Caribbean,LCN,93.330810546875,2018
Latin America & Caribbean,LCN,93.8028564453125,2019
Latin America & Caribbean,LCN,93.8200988769531,2020
Latin America & Caribbean (excluding high income),LAC,87.4741516113281,2000
Latin America & Caribbean (excluding high income),LAC,92.0518493652344,2014
Latin America & Caribbean (excluding high income),LAC,92.173957824707,2015
Latin America & Caribbean (excluding high income),LAC,92.6637115478516,2016
Latin America & Caribbean (excluding high income),LAC,92.7820587158203,2017
Latin America & Caribbean (excluding high income),LAC,92.9597778320312,2018
Latin America & Caribbean (excluding high income),LAC,93.4829711914062,2019
Latin America & Caribbean (excluding high income),LAC,93.4956512451172,2020
Latin America & the Caribbean (IDA & IBRD countries),TLA,87.7749404907227,2000
Latin America & the Caribbean (IDA & IBRD countries),TLA,92.3046035766602,2014
Latin America & the Caribbean (IDA & IBRD countries),TLA,92.4344787597656,2015
Latin America & the Caribbean (IDA & IBRD countries),TLA,92.9338226318359,2016
Latin America & the Caribbean (IDA & IBRD countries),TLA,93.029052734375,2017
Latin America & the Caribbean (IDA & IBRD countries),TLA,93.2039337158203,2018
Latin America & the Caribbean (IDA & IBRD countries),TLA,93.6906433105469,2019
Latin America & the Caribbean (IDA & IBRD countries),TLA,93.7096176147461,2020
Latvia,LVA,99.7097320556641,2000
Latvia,LVA,..,2014
Latvia,LVA,..,2015
Latvia,LVA,..,2016
Latvia,LVA,..,2017
Latvia,LVA,..,2018
Latvia,LVA,..,2019
Latvia,LVA,..,2020
Least developed countries: UN classification,LDC,42.7250785827637,2000
Least developed countries: UN classification,LDC,52.6307907104492,2014
Least developed countries: UN classification,LDC,54.1235084533691,2015
Least developed countries: UN classification,LDC,56.3658294677734,2016
Least developed countries: UN classification,LDC,57.4831008911133,2017
Least developed countries: UN classification,LDC,57.8335189819336,2018
Least developed countries: UN classification,LDC,59.1537208557129,2019
Least developed countries: UN classification,LDC,59.4558906555176,2020
Lebanon,LBN,..,2000
Lebanon,LBN,..,2014
Lebanon,LBN,..,2015
Lebanon,LBN,..,2016
Lebanon,LBN,..,2017
Lebanon,LBN,..,2018
Lebanon,LBN,93.6100006103516,2019
Lebanon,LBN,..,2020
Lesotho,LSO,92.0464477539062,2000
Lesotho,LSO,84.9348907470703,2014
Lesotho,LSO,..,2015
Lesotho,LSO,..,2016
Lesotho,LSO,..,2017
Lesotho,LSO,..,2018
Lesotho,LSO,..,2019
Lesotho,LSO,..,2020
Liberia,LBR,..,2000
Liberia,LBR,..,2014
Liberia,LBR,..,2015
Liberia,LBR,..,2016
Liberia,LBR,34.0922584533691,2017
Liberia,LBR,..,2018
Liberia,LBR,..,2019
Liberia,LBR,..,2020
Libya,LBY,..,2000
Libya,LBY,..,2014
Libya,LBY,..,2015
Libya,LBY,..,2016
Libya,LBY,..,2017
Libya,LBY,..,2018
Libya,LBY,..,2019
Libya,LBY,..,2020
Liechtenstein,LIE,..,2000
Liechtenstein,LIE,..,2014
Liechtenstein,LIE,..,2015
Liechtenstein,LIE,..,2016
Liechtenstein,LIE,..,2017
Liechtenstein,LIE,..,2018
Liechtenstein,LIE,..,2019
Liechtenstein,LIE,..,2020
Lithuania,LTU,..,2000
Lithuania,LTU,..,2014
Lithuania,LTU,..,2015
Lithuania,LTU,..,2016
Lithuania,LTU,..,2017
Lithuania,LTU,..,2018
Lithuania,LTU,..,2019
Lithuania,LTU,..,2020
Low & middle income,LMY,70.7514266967773,2000
Low & middle income,LMY,78.1250228881836,2014
Low & middle income,LMY,78.4618225097656,2015
Low & middle income,LMY,79.1627197265625,2016
Low & middle income,LMY,79.5448608398438,2017
Low & middle income,LMY,79.740119934082,2018
Low & middle income,LMY,79.9843673706055,2019
Low & middle income,LMY,80.359001159668,2020
Low income,LIC,41.6278610229492,2000
Low income,LIC,49.8515815734863,2014
Low income,LIC,50.5955200195312,2015
Low income,LIC,51.7029914855957,2016
Low income,LIC,52.9723014831543,2017
Low income,LIC,52.8249702453613,2018
Low income,LIC,53.2473297119141,2019
Low income,LIC,53.435489654541,2020
Lower middle income,LMC,54.2797317504883,2000
Lower middle income,LMC,65.7448196411133,2014
Lower middle income,LMC,66.814697265625,2015
Lower middle income,LMC,67.7120819091797,2016
Lower middle income,LMC,68.5562896728516,2017
Lower middle income,LMC,69.3815689086914,2018
Lower middle income,LMC,69.6874237060547,2019
Lower middle income,LMC,70.3396987915039,2020
Luxembourg,LUX,..,2000
Luxembourg,LUX,..,2014
Luxembourg,LUX,..,2015
Luxembourg,LUX,..,2016
Luxembourg,LUX,..,2017
Luxembourg,LUX,..,2018
Luxembourg,LUX,..,2019
Luxembourg,LUX,..,2020
"Macao SAR, China",MAC,..,2000
"Macao SAR, China",MAC,..,2014
"Macao SAR, China",MAC,..,2015
"Macao SAR, China",MAC,95.0325698852539,2016
"Macao SAR, China",MAC,..,2017
"Macao SAR, China",MAC,..,2018
"Macao SAR, China",MAC,..,2019
"Macao SAR, China",MAC,..,2020
Madagascar,MDG,65.2785720825195,2000
Madagascar,MDG,..,2014
Madagascar,MDG,..,2015
Madagascar,MDG,..,2016
Madagascar,MDG,..,2017
Madagascar,MDG,75.0705795288086,2018
Madagascar,MDG,..,2019
Madagascar,MDG,..,2020
Malawi,MWI,..,2000
Malawi,MWI,55.130989074707,2014
Malawi,MWI,55.2041091918945,2015
Malawi,MWI,..,2016
Malawi,MWI,..,2017
Malawi,MWI,..,2018
Malawi,MWI,..,2019
Malawi,MWI,..,2020
Malaysia,MYS,..,2000
Malaysia,MYS,..,2014
Malaysia,MYS,..,2015
Malaysia,MYS,..,2016
Malaysia,MYS,..,2017
Malaysia,MYS,..,2018
Malaysia,MYS,..,2019
Malaysia,MYS,..,2020
Maldives,MDV,96.4429779052734,2000
Maldives,MDV,98.6916732788086,2014
Maldives,MDV,..,2015
Maldives,MDV,98.1147079467773,2016
Maldives,MDV,..,2017
Maldives,MDV,..,2018
Maldives,MDV,..,2019
Maldives,MDV,..,2020
Mali,MLI,..,2000
Mali,MLI,..,2014
Mali,MLI,22.1958103179932,2015
Mali,MLI,..,2016
Mali,MLI,..,2017
Mali,MLI,25.7351608276367,2018
Mali,MLI,..,2019
Mali,MLI,22.0784702301025,2020
Malta,MLT,..,2000
Malta,MLT,..,2014
Malta,MLT,..,2015
Malta,MLT,..,2016
Malta,MLT,..,2017
Malta,MLT,..,2018
Malta,MLT,..,2019
Malta,MLT,..,2020
Marshall Islands,MHL,..,2000
Marshall Islands,MHL,..,2014
Marshall Islands,MHL,..,2015
Marshall Islands,MHL,..,2016
Marshall Islands,MHL,..,2017
Marshall Islands,MHL,..,2018
Marshall Islands,MHL,..,2019
Marshall Islands,MHL,..,2020
Mauritania,MRT,43.4173583984375,2000
Mauritania,MRT,..,2014
Mauritania,MRT,..,2015
Mauritania,MRT,..,2016
Mauritania,MRT,..,2017
Mauritania,MRT,..,2018
Mauritania,MRT,..,2019
Mauritania,MRT,..,2020
Mauritius,MUS,80.5000305175781,2000
Mauritius,MUS,90.283317565918,2014
Mauritius,MUS,90.6540222167969,2015
Mauritius,MUS,90.9805526733398,2016
Mauritius,MUS,..,2017
Mauritius,MUS,..,2018
Mauritius,MUS,..,2019
Mauritius,MUS,..,2020
Mexico,MEX,88.6820373535156,2000
Mexico,MEX,93.5913391113281,2014
Mexico,MEX,93.4854965209961,2015
Mexico,MEX,93.9685211181641,2016
Mexico,MEX,94.1657562255859,2017
Mexico,MEX,94.6080474853516,2018
Mexico,MEX,..,2019
Mexico,MEX,94.4951324462891,2020
"Micronesia, Fed. Sts.",FSM,..,2000
"Micronesia, Fed. Sts.",FSM,..,2014
"Micronesia, Fed. Sts.",FSM,..,2015
"Micronesia, Fed. Sts.",FSM,..,2016
"Micronesia, Fed. Sts.",FSM,..,2017
"Micronesia, Fed. Sts.",FSM,..,2018
"Micronesia, Fed. Sts.",FSM,..,2019
"Micronesia, Fed. Sts.",FSM,..,2020
Middle East & North Africa,MEA,58.9154891967773,2000
Middle East & North Africa,MEA,73.085823059082,2014
Middle East & North Africa,MEA,72.0873794555664,2015
Middle East & North Africa,MEA,73.4915924072266,2016
Middle East & North Africa,MEA,74.7790069580078,2017
Middle East & North Africa,MEA,72.0245819091797,2018
Middle East & North Africa,MEA,72.4945220947266,2019
Middle East & North Africa,MEA,73.0420074462891,2020
Middle East & North Africa (IDA & IBRD countries),TMN,56.7147789001465,2000
Middle East & North Africa (IDA & IBRD countries),TMN,70.2232894897461,2014
Middle East & North Africa (IDA & IBRD countries),TMN,69.0115203857422,2015
Middle East & North Africa (IDA & IBRD countries),TMN,70.5940399169922,2016
Middle East & North Africa (IDA & IBRD countries),TMN,72.0637969970703,2017
Middle East & North Africa (IDA & IBRD countries),TMN,68.7706298828125,2018
Middle East & North Africa (IDA & IBRD countries),TMN,69.2698135375977,2019
Middle East & North Africa (IDA & IBRD countries),TMN,69.73779296875,2020
Middle East & North Africa (excluding high income),MNA,56.9714317321777,2000
Middle East & North Africa (excluding high income),MNA,70.4702377319336,2014
Middle East & North Africa (excluding high income),MNA,69.2783279418945,2015
Middle East & North Africa (excluding high income),MNA,70.8509368896484,2016
Middle East & North Africa (excluding high income),MNA,72.3119277954102,2017
Middle East & North Africa (excluding high income),MNA,69.0610427856445,2018
Middle East & North Africa (excluding high income),MNA,69.5580825805664,2019
Middle East & North Africa (excluding high income),MNA,70.0246810913086,2020
Middle income,MIC,72.704460144043,2000
Middle income,MIC,80.3792266845703,2014
Middle income,MIC,80.7119369506836,2015
Middle income,MIC,81.4100799560547,2016
Middle income,MIC,81.7573394775391,2017
Middle income,MIC,82.0184783935547,2018
Middle income,MIC,82.2918472290039,2019
Middle income,MIC,82.7289581298828,2020
Moldova,MDA,95.492301940918,2000
Moldova,MDA,99.1404190063477,2014
Moldova,MDA,..,2015
Moldova,MDA,..,2016
Moldova,MDA,..,2017
Moldova,MDA,..,2018
Moldova,MDA,..,2019
Moldova,MDA,..,2020
Monaco,MCO,..,2000
Monaco,MCO,..,2014
Monaco,MCO,..,2015
Monaco,MCO,..,2016
Monaco,MCO,..,2017
Monaco,MCO,..,2018
Monaco,MCO,..,2019
Monaco,MCO,..,2020
Mongolia,MNG,97.5288009643555,2000
Mongolia,MNG,..,2014
Mongolia,MNG,..,2015
Mongolia,MNG,..,2016
Mongolia,MNG,..,2017
Mongolia,MNG,..,2018
Mongolia,MNG,..,2019
Mongolia,MNG,99.2410888671875,2020
Montenegro,MNE,..,2000
Montenegro,MNE,..,2014
Montenegro,MNE,..,2015
Montenegro,MNE,..,2016
Montenegro,MNE,..,2017
Montenegro,MNE,..,2018
Montenegro,MNE,..,2019
Montenegro,MNE,..,2020
Morocco,MAR,..,2000
Morocco,MAR,53.310920715332,2014
Morocco,MAR,..,2015
Morocco,MAR,..,2016
Morocco,MAR,..,2017
Morocco,MAR,..,2018
Morocco,MAR,..,2019
Morocco,MAR,..,2020
Mozambique,MOZ,..,2000
Mozambique,MOZ,..,2014
Mozambique,MOZ,43.0624618530273,2015
Mozambique,MOZ,..,2016
Mozambique,MOZ,50.2951393127441,2017
Mozambique,MOZ,..,2018
Mozambique,MOZ,..,2019
Mozambique,MOZ,48.5707397460938,2020
Myanmar,MMR,86.4151763916016,2000
Myanmar,MMR,..,2014
Myanmar,MMR,..,2015
Myanmar,MMR,71.8469924926758,2016
Myanmar,MMR,..,2017
Myanmar,MMR,..,2018
Myanmar,MMR,86.2686080932617,2019
Myanmar,MMR,..,2020
Namibia,NAM,..,2000
Namibia,NAM,..,2014
Namibia,NAM,..,2015
Namibia,NAM,..,2016
Namibia,NAM,..,2017
Namibia,NAM,..,2018
Namibia,NAM,..,2019
Namibia,NAM,..,2020
Nauru,NRU,..,2000
Nauru,NRU,..,2014
Nauru,NRU,..,2015
Nauru,NRU,..,2016
Nauru,NRU,..,2017
Nauru,NRU,..,2018
Nauru,NRU,..,2019
Nauru,NRU,..,2020
Nepal,NPL,..,2000
Nepal,NPL,..,2014
Nepal,NPL,..,2015
Nepal,NPL,..,2016
Nepal,NPL,..,2017
Nepal,NPL,..,2018
Nepal,NPL,..,2019
Nepal,NPL,..,2020
Netherlands,NLD,..,2000
Netherlands,NLD,..,2014
Netherlands,NLD,..,2015
Netherlands,NLD,..,2016
Netherlands,NLD,..,2017
Netherlands,NLD,..,2018
Netherlands,NLD,..,2019
Netherlands,NLD,..,2020
New Caledonia,NCL,..,2000
New Caledonia,NCL,..,2014
New Caledonia,NCL,..,2015
New Caledonia,NCL,..,2016
New Caledonia,NCL,..,2017
New Caledonia,NCL,..,2018
New Caledonia,NCL,..,2019
New Caledonia,NCL,..,2020
New Zealand,NZL,..,2000
New Zealand,NZL,..,2014
New Zealand,NZL,..,2015
New Zealand,NZL,..,2016
New Zealand,NZL,..,2017
New Zealand,NZL,..,2018
New Zealand,NZL,..,2019
New Zealand,NZL,..,2020
Nicaragua,NIC,..,2000
Nicaragua,NIC,..,2014
Nicaragua,NIC,82.7793502807617,2015
Nicaragua,NIC,..,2016
Nicaragua,NIC,..,2017
Nicaragua,NIC,..,2018
Nicaragua,NIC,..,2019
Nicaragua,NIC,..,2020
Niger,NER,..,2000
Niger,NER,..,2014
Niger,NER,..,2015
Niger,NER,..,2016
Niger,NER,..,2017
Niger,NER,..,2018
Niger,NER,..,2019
Niger,NER,..,2020
Nigeria,NGA,..,2000
Nigeria,NGA,..,2014
Nigeria,NGA,..,2015
Nigeria,NGA,..,2016
Nigeria,NGA,..,2017
Nigeria,NGA,52.6564788818359,2018
Nigeria,NGA,..,2019
Nigeria,NGA,..,2020
North America,NAC,..,2000
North America,NAC,..,2014
North America,NAC,..,2015
North America,NAC,..,2016
North America,NAC,98.6756973266602,2017
North America,NAC,98.6859588623047,2018
North America,NAC,98.6929397583008,2019
North America,NAC,98.7015075683594,2020
North Macedonia,MKD,..,2000
North Macedonia,MKD,..,2014
North Macedonia,MKD,..,2015
North Macedonia,MKD,..,2016
North Macedonia,MKD,..,2017
North Macedonia,MKD,..,2018
North Macedonia,MKD,..,2019
North Macedonia,MKD,..,2020
Northern Mariana Islands,MNP,..,2000
Northern Mariana Islands,MNP,..,2014
Northern Mariana Islands,MNP,..,2015
Northern Mariana Islands,MNP,..,2016
Northern Mariana Islands,MNP,..,2017
Northern Mariana Islands,MNP,..,2018
Northern Mariana Islands,MNP,..,2019
Northern Mariana Islands,MNP,..,2020
Norway,NOR,..,2000
Norway,NOR,..,2014
Norway,NOR,..,2015
Norway,NOR,..,2016
Norway,NOR,..,2017
Norway,NOR,..,2018
Norway,NOR,..,2019
Norway,NOR,..,2020
Not classified,INX,..,2000
Not classified,INX,..,2014
Not classified,INX,..,2015
Not classified,INX,..,2016
Not classified,INX,..,2017
Not classified,INX,..,2018
Not classified,INX,..,2019
Not classified,INX,..,2020
OECD members,OED,..,2000
OECD members,OED,..,2014
OECD members,OED,..,2015
OECD members,OED,..,2016
OECD members,OED,..,2017
OECD members,OED,..,2018
OECD members,OED,..,2019
OECD members,OED,96.4494094848633,2020
Oman,OMN,..,2000
Oman,OMN,..,2014
Oman,OMN,86.0372085571289,2015
Oman,OMN,..,2016
Oman,OMN,92.2256011962891,2017
Oman,OMN,92.6939926147461,2018
Oman,OMN,..,2019
Oman,OMN,..,2020
Other small states,OSS,75.30126953125,2000
Other small states,OSS,80.3486099243164,2014
Other small states,OSS,81.1061172485352,2015
Other small states,OSS,81.4970397949219,2016
Other small states,OSS,81.7931289672852,2017
Other small states,OSS,82.1173782348633,2018
Other small states,OSS,82.4919586181641,2019
Other small states,OSS,82.9024887084961,2020
Pacific island small states,PSS,..,2000
Pacific island small states,PSS,..,2014
Pacific island small states,PSS,..,2015
Pacific island small states,PSS,..,2016
Pacific island small states,PSS,..,2017
Pacific island small states,PSS,..,2018
Pacific island small states,PSS,..,2019
Pacific island small states,PSS,..,2020
Pakistan,PAK,..,2000
Pakistan,PAK,44.2834205627441,2014
Pakistan,PAK,..,2015
Pakistan,PAK,..,2016
Pakistan,PAK,46.4676704406738,2017
Pakistan,PAK,45.3983993530273,2018
Pakistan,PAK,46.4900398254395,2019
Pakistan,PAK,..,2020
Palau,PLW,..,2000
Palau,PLW,..,2014
Palau,PLW,96.3401489257812,2015
Palau,PLW,..,2016
Palau,PLW,..,2017
Palau,PLW,..,2018
Palau,PLW,..,2019
Palau,PLW,..,2020
Panama,PAN,91.2471771240234,2000
Panama,PAN,..,2014
Panama,PAN,..,2015
Panama,PAN,..,2016
Panama,PAN,..,2017
Panama,PAN,94.881721496582,2018
Panama,PAN,95.3588790893555,2019
Panama,PAN,..,2020
Papua New Guinea,PNG,50.9177398681641,2000
Papua New Guinea,PNG,..,2014
Papua New Guinea,PNG,..,2015
Papua New Guinea,PNG,..,2016
Papua New Guinea,PNG,..,2017
Papua New Guinea,PNG,..,2018
Papua New Guinea,PNG,..,2019
Papua New Guinea,PNG,..,2020
Paraguay,PRY,..,2000
Paraguay,PRY,94.2147979736328,2014
Paraguay,PRY,94.8744201660156,2015
Paraguay,PRY,93.8350524902344,2016
Paraguay,PRY,..,2017
Paraguay,PRY,93.5317077636719,2018
Paraguay,PRY,92.6553421020508,2019
Paraguay,PRY,94.1814117431641,2020
Peru,PER,..,2000
Peru,PER,90.4491806030273,2014
Peru,PER,91.2465286254883,2015
Peru,PER,91.1885299682617,2016
Peru,PER,91.2701263427734,2017
Peru,PER,91.7031097412109,2018
Peru,PER,..,2019
Peru,PER,92.0190277099609,2020
Philippines,PHL,92.6549072265625,2000
Philippines,PHL,..,2014
Philippines,PHL,98.2417526245117,2015
Philippines,PHL,..,2016
Philippines,PHL,..,2017
Philippines,PHL,..,2018
Philippines,PHL,96.8524322509766,2019
Philippines,PHL,..,2020
Poland,POL,..,2000
Poland,POL,..,2014
Poland,POL,..,2015
Poland,POL,..,2016
Poland,POL,..,2017
Poland,POL,..,2018
Poland,POL,..,2019
Poland,POL,..,2020
Portugal,PRT,..,2000
Portugal,PRT,..,2014
Portugal,PRT,..,2015
Portugal,PRT,..,2016
Portugal,PRT,..,2017
Portugal,PRT,..,2018
Portugal,PRT,..,2019
Portugal,PRT,..,2020
Post-demographic dividend,PST,..,2000
Post-demographic dividend,PST,..,2014
Post-demographic dividend,PST,..,2015
Post-demographic dividend,PST,..,2016
Post-demographic dividend,PST,..,2017
Post-demographic dividend,PST,..,2018
Post-demographic dividend,PST,..,2019
Post-demographic dividend,PST,..,2020
Pre-demographic dividend,PRE,44.0267295837402,2000
Pre-demographic dividend,PRE,52.42041015625,2014
Pre-demographic dividend,PRE,51.6706809997559,2015
Pre-demographic dividend,PRE,54.3360786437988,2016
Pre-demographic dividend,PRE,55.7106513977051,2017
Pre-demographic dividend,PRE,55.7557487487793,2018
Pre-demographic dividend,PRE,56.2406806945801,2019
Pre-demographic dividend,PRE,56.6158905029297,2020
Puerto Rico,PRI,..,2000
Puerto Rico,PRI,..,2014
Puerto Rico,PRI,..,2015
Puerto Rico,PRI,..,2016
Puerto Rico,PRI,92.390022277832,2017
Puerto Rico,PRI,..,2018
Puerto Rico,PRI,..,2019
Puerto Rico,PRI,..,2020
Qatar,QAT,..,2000
Qatar,QAT,97.5582733154297,2014
Qatar,QAT,..,2015
Qatar,QAT,..,2016
Qatar,QAT,..,2017
Qatar,QAT,..,2018
Qatar,QAT,..,2019
Qatar,QAT,..,2020
Romania,ROU,..,2000
Romania,ROU,..,2014
Romania,ROU,..,2015
Romania,ROU,..,2016
Romania,ROU,..,2017
Romania,ROU,..,2018
Romania,ROU,..,2019
Romania,ROU,..,2020
Russian Federation,RUS,..,2000
Russian Federation,RUS,..,2014
Russian Federation,RUS,..,2015
Russian Federation,RUS,..,2016
Russian Federation,RUS,..,2017
Russian Federation,RUS,..,2018
Russian Federation,RUS,..,2019
Russian Federation,RUS,..,2020
Rwanda,RWA,59.7503395080566,2000
Rwanda,RWA,66.1374435424805,2014
Rwanda,RWA,..,2015
Rwanda,RWA,..,2016
Rwanda,RWA,..,2017
Rwanda,RWA,69.3945388793945,2018
Rwanda,RWA,..,2019
Rwanda,RWA,..,2020
Samoa,WSM,..,2000
Samoa,WSM,..,2014
Samoa,WSM,..,2015
Samoa,WSM,..,2016
Samoa,WSM,..,2017
Samoa,WSM,..,2018
Samoa,WSM,..,2019
Samoa,WSM,..,2020
San Marino,SMR,..,2000
San Marino,SMR,..,2014
San Marino,SMR,..,2015
San Marino,SMR,..,2016
San Marino,SMR,..,2017
San Marino,SMR,..,2018
San Marino,SMR,..,2019
San Marino,SMR,..,2020
Sao Tome and Principe,STP,..,2000
Sao Tome and Principe,STP,..,2014
Sao Tome and Principe,STP,..,2015
Sao Tome and Principe,STP,..,2016
Sao Tome and Principe,STP,..,2017
Sao Tome and Principe,STP,..,2018
Sao Tome and Principe,STP,..,2019
Sao Tome and Principe,STP,..,2020
Saudi Arabia,SAU,69.2911911010742,2000
Saudi Arabia,SAU,..,2014
Saudi Arabia,SAU,..,2015
Saudi Arabia,SAU,..,2016
Saudi Arabia,SAU,92.7071990966797,2017
Saudi Arabia,SAU,..,2018
Saudi Arabia,SAU,..,2019
Saudi Arabia,SAU,96.0492477416992,2020
Senegal,SEN,..,2000
Senegal,SEN,..,2014
Senegal,SEN,..,2015
Senegal,SEN,..,2016
Senegal,SEN,39.7985610961914,2017
Senegal,SEN,..,2018
Senegal,SEN,..,2019
Senegal,SEN,..,2020
Serbia,SRB,..,2000
Serbia,SRB,..,2014
Serbia,SRB,..,2015
Serbia,SRB,98.2282791137695,2016
Serbia,SRB,..,2017
Serbia,SRB,..,2018
Serbia,SRB,99.115608215332,2019
Serbia,SRB,..,2020
Seychelles,SYC,..,2000
Seychelles,SYC,..,2014
Seychelles,SYC,..,2015
Seychelles,SYC,..,2016
Seychelles,SYC,..,2017
Seychelles,SYC,..,2018
Seychelles,SYC,..,2019
Seychelles,SYC,96.6999969482422,2020
Sierra Leone,SLE,..,2000
Sierra Leone,SLE,..,2014
Sierra Leone,SLE,..,2015
Sierra Leone,SLE,..,2016
Sierra Leone,SLE,..,2017
Sierra Leone,SLE,..,2018
Sierra Leone,SLE,..,2019
Sierra Leone,SLE,..,2020
Singapore,SGP,88.6451797485352,2000
Singapore,SGP,94.9113235473633,2014
Singapore,SGP,95.1906509399414,2015
Singapore,SGP,95.4478912353516,2016
Singapore,SGP,95.6894683837891,2017
Singapore,SGP,95.9194107055664,2018
Singapore,SGP,96.1347579956055,2019
Singapore,SGP,95.8254699707031,2020
Sint Maarten (Dutch part),SXM,..,2000
Sint Maarten (Dutch part),SXM,..,2014
Sint Maarten (Dutch part),SXM,..,2015
Sint Maarten (Dutch part),SXM,..,2016
Sint Maarten (Dutch part),SXM,..,2017
Sint Maarten (Dutch part),SXM,..,2018
Sint Maarten (Dutch part),SXM,..,2019
Sint Maarten (Dutch part),SXM,..,2020
Slovak Republic,SVK,..,2000
Slovak Republic,SVK,..,2014
Slovak Republic,SVK,..,2015
Slovak Republic,SVK,..,2016
Slovak Republic,SVK,..,2017
Slovak Republic,SVK,..,2018
Slovak Republic,SVK,..,2019
Slovak Republic,SVK,..,2020
Slovenia,SVN,..,2000
Slovenia,SVN,..,2014
Slovenia,SVN,..,2015
Slovenia,SVN,..,2016
Slovenia,SVN,..,2017
Slovenia,SVN,..,2018
Slovenia,SVN,..,2019
Slovenia,SVN,..,2020
Small states,SST,79.357780456543,2000
Small states,SST,83.2145690917969,2014
Small states,SST,83.7748870849609,2015
Small states,SST,84.0566711425781,2016
Small states,SST,84.2684326171875,2017
Small states,SST,84.5019378662109,2018
Small states,SST,84.7908782958984,2019
Small states,SST,85.0809707641602,2020
Solomon Islands,SLB,..,2000
Solomon Islands,SLB,..,2014
Solomon Islands,SLB,..,2015
Solomon Islands,SLB,..,2016
Solomon Islands,SLB,..,2017
Solomon Islands,SLB,..,2018
Solomon Islands,SLB,..,2019
Solomon Islands,SLB,..,2020
Somalia,SOM,..,2000
Somalia,SOM,..,2014
Somalia,SOM,..,2015
Somalia,SOM,..,2016
Somalia,SOM,..,2017
Somalia,SOM,..,2018
Somalia,SOM,..,2019
Somalia,SOM,..,2020
South Africa,ZAF,..,2000
South Africa,ZAF,93.0730590820312,2014
South Africa,ZAF,93.4080276489258,2015
South Africa,ZAF,..,2016
South Africa,ZAF,86.4586334228516,2017
South Africa,ZAF,..,2018
South Africa,ZAF,94.5331726074219,2019
South Africa,ZAF,..,2020
South Asia,SAS,44.9287490844727,2000
South Asia,SAS,59.5967483520508,2014
South Asia,SAS,60.7380485534668,2015
South Asia,SAS,62.3422813415527,2016
South Asia,SAS,63.2356109619141,2017
South Asia,SAS,63.7823715209961,2018
South Asia,SAS,63.746768951416,2019
South Asia,SAS,64.6073913574219,2020
South Asia (IDA & IBRD),TSA,44.9287490844727,2000
South Asia (IDA & IBRD),TSA,59.5967483520508,2014
South Asia (IDA & IBRD),TSA,60.7380485534668,2015
South Asia (IDA & IBRD),TSA,62.3422813415527,2016
South Asia (IDA & IBRD),TSA,63.2356109619141,2017
South Asia (IDA & IBRD),TSA,63.7823715209961,2018
South Asia (IDA & IBRD),TSA,63.746768951416,2019
South Asia (IDA & IBRD),TSA,64.6073913574219,2020
South Sudan,SSD,..,2000
South Sudan,SSD,..,2014
South Sudan,SSD,..,2015
South Sudan,SSD,..,2016
South Sudan,SSD,..,2017
South Sudan,SSD,28.8642597198486,2018
South Sudan,SSD,..,2019
South Sudan,SSD,..,2020
Spain,ESP,..,2000
Spain,ESP,97.4873504638672,2014
Spain,ESP,97.5471267700195,2015
Spain,ESP,97.6953582763672,2016
Spain,ESP,..,2017
Spain,ESP,97.9737777709961,2018
Spain,ESP,..,2019
Spain,ESP,98.1870422363281,2020
Sri Lanka,LKA,..,2000
Sri Lanka,LKA,..,2014
Sri Lanka,LKA,..,2015
Sri Lanka,LKA,91.4861068725586,2016
Sri Lanka,LKA,90.9707412719727,2017
Sri Lanka,LKA,90.7956008911133,2018
Sri Lanka,LKA,91.5808715820312,2019
Sri Lanka,LKA,91.59765625,2020
St. Kitts and Nevis,KNA,..,2000
St. Kitts and Nevis,KNA,..,2014
St. Kitts and Nevis,KNA,..,2015
St. Kitts and Nevis,KNA,..,2016
St. Kitts and Nevis,KNA,..,2017
St. Kitts and Nevis,KNA,..,2018
St. Kitts and Nevis,KNA,..,2019
St. Kitts and Nevis,KNA,..,2020
St. Lucia,LCA,..,2000
St. Lucia,LCA,..,2014
St. Lucia,LCA,..,2015
St. Lucia,LCA,..,2016
St. Lucia,LCA,..,2017
St. Lucia,LCA,..,2018
St. Lucia,LCA,..,2019
St. Lucia,LCA,..,2020
St. Martin (French part),MAF,..,2000
St. Martin (French part),MAF,..,2014
St. Martin (French part),MAF,..,2015
St. Martin (French part),MAF,..,2016
St. Martin (French part),MAF,..,2017
St. Martin (French part),MAF,..,2018
St. Martin (French part),MAF,..,2019
St. Martin (French part),MAF,..,2020
St. Vincent and the Grenadines,VCT,..,2000
St. Vincent and the Grenadines,VCT,..,2014
St. Vincent and the Grenadines,VCT,..,2015
St. Vincent and the Grenadines,VCT,..,2016
St. Vincent and the Grenadines,VCT,..,2017
St. Vincent and the Grenadines,VCT,..,2018
St. Vincent and the Grenadines,VCT,..,2019
St. Vincent and the Grenadines,VCT,..,2020
Sub-Saharan Africa,SSF,47.2366600036621,2000
Sub-Saharan Africa,SSF,55.9180183410645,2014
Sub-Saharan Africa,SSF,56.7517204284668,2015
Sub-Saharan Africa,SSF,57.7169799804688,2016
Sub-Saharan Africa,SSF,58.2770500183105,2017
Sub-Saharan Africa,SSF,59.9773292541504,2018
Sub-Saharan Africa,SSF,60.9063911437988,2019
Sub-Saharan Africa,SSF,61.1422500610352,2020
Sub-Saharan Africa (IDA & IBRD countries),TSS,47.2366600036621,2000
Sub-Saharan Africa (IDA & IBRD countries),TSS,55.9180183410645,2014
Sub-Saharan Africa (IDA & IBRD countries),TSS,56.7517204284668,2015
Sub-Saharan Africa (IDA & IBRD countries),TSS,57.7169799804688,2016
Sub-Saharan Africa (IDA & IBRD countries),TSS,58.2770500183105,2017
Sub-Saharan Africa (IDA & IBRD countries),TSS,59.9773292541504,2018
Sub-Saharan Africa (IDA & IBRD countries),TSS,60.9063911437988,2019
Sub-Saharan Africa (IDA & IBRD countries),TSS,61.1422500610352,2020
Sub-Saharan Africa (excluding high income),SSA,47.2299003601074,2000
Sub-Saharan Africa (excluding high income),SSA,55.9129600524902,2014
Sub-Saharan Africa (excluding high income),SSA,56.7468299865723,2015
Sub-Saharan Africa (excluding high income),SSA,57.7122802734375,2016
Sub-Saharan Africa (excluding high income),SSA,58.2724685668945,2017
Sub-Saharan Africa (excluding high income),SSA,59.9730186462402,2018
Sub-Saharan Africa (excluding high income),SSA,60.9022483825684,2019
Sub-Saharan Africa (excluding high income),SSA,61.1382102966309,2020
Sudan,SDN,52.1464004516602,2000
Sudan,SDN,..,2014
Sudan,SDN,..,2015
Sudan,SDN,..,2016
Sudan,SDN,..,2017
Sudan,SDN,56.0632286071777,2018
Sudan,SDN,..,2019
Sudan,SDN,..,2020
Suriname,SUR,..,2000
Suriname,SUR,..,2014
Suriname,SUR,..,2015
Suriname,SUR,..,2016
Suriname,SUR,..,2017
Suriname,SUR,..,2018
Suriname,SUR,..,2019
Suriname,SUR,..,2020
Sweden,SWE,..,2000
Sweden,SWE,..,2014
Sweden,SWE,..,2015
Sweden,SWE,..,2016
Sweden,SWE,..,2017
Sweden,SWE,..,2018
Sweden,SWE,..,2019
Sweden,SWE,..,2020
Switzerland,CHE,..,2000
Switzerland,CHE,..,2014
Switzerland,CHE,..,2015
Switzerland,CHE,..,2016
Switzerland,CHE,..,2017
Switzerland,CHE,..,2018
Switzerland,CHE,..,2019
Switzerland,CHE,..,2020
Syrian Arab Republic,SYR,..,2000
Syrian Arab Republic,SYR,80.9000015258789,2014
Syrian Arab Republic,SYR,..,2015
Syrian Arab Republic,SYR,..,2016
Syrian Arab Republic,SYR,..,2017
Syrian Arab Republic,SYR,..,2018
Syrian Arab Republic,SYR,..,2019
Syrian Arab Republic,SYR,..,2020
Tajikistan,TJK,99.2212295532227,2000
Tajikistan,TJK,..,2014
Tajikistan,TJK,..,2015
Tajikistan,TJK,..,2016
Tajikistan,TJK,..,2017
Tajikistan,TJK,..,2018
Tajikistan,TJK,..,2019
Tajikistan,TJK,..,2020
Tanzania,TZA,..,2000
Tanzania,TZA,..,2014
Tanzania,TZA,73.0938262939453,2015
Tanzania,TZA,..,2016
Tanzania,TZA,..,2017
Tanzania,TZA,..,2018
Tanzania,TZA,..,2019
Tanzania,TZA,..,2020
Thailand,THA,90.5160217285156,2000
Thailand,THA,..,2014
Thailand,THA,91.1919326782227,2015
Thailand,THA,..,2016
Thailand,THA,..,2017
Thailand,THA,92.4285583496094,2018
Thailand,THA,..,2019
Thailand,THA,..,2020
Timor-Leste,TLS,..,2000
Timor-Leste,TLS,..,2014
Timor-Leste,TLS,..,2015
Timor-Leste,TLS,..,2016
Timor-Leste,TLS,..,2017
Timor-Leste,TLS,..,2018
Timor-Leste,TLS,..,2019
Timor-Leste,TLS,66.5,2020
Togo,TGO,38.4532890319824,2000
Togo,TGO,..,2014
Togo,TGO,51.2417793273926,2015
Togo,TGO,..,2016
Togo,TGO,..,2017
Togo,TGO,..,2018
Togo,TGO,55.0514984130859,2019
Togo,TGO,..,2020
Tonga,TON,..,2000
Tonga,TON,..,2014
Tonga,TON,..,2015
Tonga,TON,..,2016
Tonga,TON,..,2017
Tonga,TON,..,2018
Tonga,TON,..,2019
Tonga,TON,..,2020
Trinidad and Tobago,TTO,97.0999984741211,2000
Trinidad and Tobago,TTO,..,2014
Trinidad and Tobago,TTO,..,2015
Trinidad and Tobago,TTO,..,2016
Trinidad and Tobago,TTO,..,2017
Trinidad and Tobago,TTO,..,2018
Trinidad and Tobago,TTO,..,2019
Trinidad and Tobago,TTO,..,2020
Tunisia,TUN,..,2000
Tunisia,TUN,72.2237701416016,2014
Tunisia,TUN,..,2015
Tunisia,TUN,..,2016
Tunisia,TUN,..,2017
Tunisia,TUN,..,2018
Tunisia,TUN,..,2019
Tunisia,TUN,..,2020
Turkiye,TUR,..,2000
Turkiye,TUR,92.4018173217773,2014
Turkiye,TUR,92.6458129882812,2015
Turkiye,TUR,93.5630111694336,2016
Turkiye,TUR,93.4982681274414,2017
Turkiye,TUR,..,2018
Turkiye,TUR,94.4240417480469,2019
Turkiye,TUR,..,2020
Turkmenistan,TKM,..,2000
Turkmenistan,TKM,..,2014
Turkmenistan,TKM,..,2015
Turkmenistan,TKM,..,2016
Turkmenistan,TKM,..,2017
Turkmenistan,TKM,..,2018
Turkmenistan,TKM,..,2019
Turkmenistan,TKM,..,2020
Turks and Caicos Islands,TCA,..,2000
Turks and Caicos Islands,TCA,..,2014
Turks and Caicos Islands,TCA,..,2015
Turks and Caicos Islands,TCA,..,2016
Turks and Caicos Islands,TCA,..,2017
Turks and Caicos Islands,TCA,..,2018
Turks and Caicos Islands,TCA,..,2019
Turks and Caicos Islands,TCA,..,2020
Tuvalu,TUV,..,2000
Tuvalu,TUV,..,2014
Tuvalu,TUV,..,2015
Tuvalu,TUV,..,2016
Tuvalu,TUV,..,2017
Tuvalu,TUV,..,2018
Tuvalu,TUV,..,2019
Tuvalu,TUV,..,2020
Uganda,UGA,..,2000
Uganda,UGA,..,2014
Uganda,UGA,..,2015
Uganda,UGA,..,2016
Uganda,UGA,..,2017
Uganda,UGA,70.8380584716797,2018
Uganda,UGA,..,2019
Uganda,UGA,..,2020
Ukraine,UKR,..,2000
Ukraine,UKR,..,2014
Ukraine,UKR,..,2015
Ukraine,UKR,..,2016
Ukraine,UKR,..,2017
Ukraine,UKR,..,2018
Ukraine,UKR,..,2019
Ukraine,UKR,..,2020
United Arab Emirates,ARE,..,2000
United Arab Emirates,ARE,..,2014
United Arab Emirates,ARE,..,2015
United Arab Emirates,ARE,..,2016
United Arab Emirates,ARE,..,2017
United Arab Emirates,ARE,..,2018
United Arab Emirates,ARE,97.1254272460938,2019
United Arab Emirates,ARE,..,2020
United Kingdom,GBR,..,2000
United Kingdom,GBR,..,2014
United Kingdom,GBR,..,2015
United Kingdom,GBR,..,2016
United Kingdom,GBR,..,2017
United Kingdom,GBR,..,2018
United Kingdom,GBR,..,2019
United Kingdom,GBR,..,2020
United States,USA,..,2000
United States,USA,..,2014
United States,USA,..,2015
United States,USA,..,2016
United States,USA,..,2017
United States,USA,..,2018
United States,USA,..,2019
United States,USA,..,2020
Upper middle income,UMC,87.4902877807617,2000
Upper middle income,UMC,93.6537170410156,2014
Upper middle income,UMC,93.448600769043,2015
Upper middle income,UMC,94.0921173095703,2016
Upper middle income,UMC,94.115478515625,2017
Upper middle income,UMC,93.9795837402344,2018
Upper middle income,UMC,94.3481597900391,2019
Upper middle income,UMC,94.7038726806641,2020
Uruguay,URY,..,2000
Uruguay,URY,98.8090515136719,2014
Uruguay,URY,98.8674621582031,2015
Uruguay,URY,98.8503189086914,2016
Uruguay,URY,98.9639129638672,2017
Uruguay,URY,99.0077362060547,2018
Uruguay,URY,99.0352630615234,2019
Uruguay,URY,..,2020
Uzbekistan,UZB,98.1385803222656,2000
Uzbekistan,UZB,99.9759902954102,2014
Uzbekistan,UZB,99.9757690429688,2015
Uzbekistan,UZB,99.9784088134766,2016
Uzbekistan,UZB,..,2017
Uzbekistan,UZB,99.9858703613281,2018
Uzbekistan,UZB,99.9999465942383,2019
Uzbekistan,UZB,..,2020
Vanuatu,VUT,..,2000
Vanuatu,VUT,83.1999969482422,2014
Vanuatu,VUT,..,2015
Vanuatu,VUT,..,2016
Vanuatu,VUT,..,2017
Vanuatu,VUT,..,2018
Vanuatu,VUT,..,2019
Vanuatu,VUT,..,2020
"Venezuela, RB",VEN,..,2000
"Venezuela, RB",VEN,..,2014
"Venezuela, RB",VEN,96.5600662231445,2015
"Venezuela, RB",VEN,97.2137069702148,2016
"Venezuela, RB",VEN,..,2017
"Venezuela, RB",VEN,..,2018
"Venezuela, RB",VEN,..,2019
"Venezuela, RB",VEN,..,2020
Viet Nam,VNM,86.610107421875,2000
Viet Nam,VNM,..,2014
Viet Nam,VNM,..,2015
Viet Nam,VNM,..,2016
Viet Nam,VNM,..,2017
Viet Nam,VNM,..,2018
Viet Nam,VNM,94.5656585693359,2019
Viet Nam,VNM,..,2020
Virgin Islands (U.S.),VIR,..,2000
Virgin Islands (U.S.),VIR,..,2014
Virgin Islands (U.S.),VIR,..,2015
Virgin Islands (U.S.),VIR,..,2016
Virgin Islands (U.S.),VIR,..,2017
Virgin Islands (U.S.),VIR,..,2018
Virgin Islands (U.S.),VIR,..,2019
Virgin Islands (U.S.),VIR,..,2020
West Bank and Gaza,PSE,..,2000
West Bank and Gaza,PSE,94.0963287353516,2014
West Bank and Gaza,PSE,94.530143737793,2015
West Bank and Gaza,PSE,94.8863372802734,2016
West Bank and Gaza,PSE,95.2815780639648,2017
West Bank and Gaza,PSE,95.7418899536133,2018
West Bank and Gaza,PSE,95.9148864746094,2019
West Bank and Gaza,PSE,..,2020
World,WLD,75.606330871582,2000
World,WLD,81.519660949707,2014
World,WLD,81.788688659668,2015
World,WLD,82.3537826538086,2016
World,WLD,82.6576690673828,2017
World,WLD,82.8140106201172,2018
World,WLD,83.0187301635742,2019
World,WLD,83.3252029418945,2020
"Yemen, Rep.",YEM,..,2000
"Yemen, Rep.",YEM,..,2014
"Yemen, Rep.",YEM,..,2015
"Yemen, Rep.",YEM,..,2016
"Yemen, Rep.",YEM,..,2017
"Yemen, Rep.",YEM,..,2018
"Yemen, Rep.",YEM,..,2019
"Yemen, Rep.",YEM,..,2020
Zambia,ZMB,..,2000
Zambia,ZMB,..,2014
Zambia,ZMB,..,2015
Zambia,ZMB,..,2016
Zambia,ZMB,..,2017
Zambia,ZMB,..,2018
Zambia,ZMB,..,2019
Zambia,ZMB,84.3000030517578,2020
Zimbabwe,ZWE,..,2000
Zimbabwe,ZWE,88.2838287353516,2014
Zimbabwe,ZWE,..,2015
Zimbabwe,ZWE,..,2016
Zimbabwe,ZWE,..,2017
Zimbabwe,ZWE,..,2018
Zimbabwe,ZWE,..,2019
Zimbabwe,ZWE,..,2020
