Entity,Code,Year,Patent applications per million people
Albania,ALB,2011,1.0342474
Albania,ALB,2014,3.467286
Albania,ALB,2015,4.8569255
Albania,ALB,2016,6.9418797
Albania,ALB,2017,5.5567884
Albania,ALB,2018,5.21373
Albania,ALB,2019,1.3918451
Algeria,DZA,2000,1.0398177
Algeria,DZA,2001,1.6345638
Algeria,DZA,2002,1.3596967
Algeria,DZA,2003,0.9358657
Algeria,DZA,2004,1.7840563
Algeria,DZA,2005,1.7902284
Algeria,DZA,2006,1.7347049
Algeria,DZA,2007,2.4717634
Algeria,DZA,2010,2.1195688
Algeria,DZA,2011,2.5722735
Algeria,DZA,2012,3.1937249
Algeria,DZA,2013,3.1052117
Algeria,DZA,2014,2.4251702
Algeria,DZA,2015,2.250706
Algeria,DZA,2016,2.6277087
Algeria,DZA,2017,3.6220832
Algeria,DZA,2018,3.625348
Algeria,DZA,2019,2.646037
Algeria,DZA,2020,3.7512944
Andorra,AND,2018,13.3272915
Andorra,AND,2019,39.28707
Andorra,AND,2020,38.598614
Angola,AGO,2018,0.19185549
Angola,AGO,2019,0.06181694
Angola,AGO,2020,2.5427413
Antigua and Barbuda,ATG,2018,54.558945
Argentina,ARG,2000,28.647905
Argentina,ARG,2001,18.436258
Argentina,ARG,2002,18.95208
Argentina,ARG,2003,20.690647
Argentina,ARG,2004,20.326468
Argentina,ARG,2005,26.976871
Argentina,ARG,2006,25.837923
Argentina,ARG,2007,23.497774
Argentina,ARG,2008,19.888876
Argentina,ARG,2009,15.730866
Argentina,ARG,2010,13.430616
Argentina,ARG,2011,16.570034
Argentina,ARG,2012,17.51987
Argentina,ARG,2013,15.1692915
Argentina,ARG,2014,11.88584
Argentina,ARG,2015,12.622216
Argentina,ARG,2016,20.243547
Argentina,ARG,2017,8.920745
Argentina,ARG,2018,9.569142
Argentina,ARG,2019,9.878085
Argentina,ARG,2020,20.650131
Armenia,ARM,2000,37.556908
Armenia,ARM,2001,44.683636
Armenia,ARM,2002,64.41141
Armenia,ARM,2003,48.96069
Armenia,ARM,2005,67.601845
Armenia,ARM,2006,63.439827
Armenia,ARM,2007,44.934128
Armenia,ARM,2008,75.75186
Armenia,ARM,2009,39.132343
Armenia,ARM,2010,46.159653
Armenia,ARM,2011,41.311253
Armenia,ARM,2012,47.007507
Armenia,ARM,2013,43.08286
Armenia,ARM,2014,41.869427
Armenia,ARM,2015,39.255222
Armenia,ARM,2016,43.617214
Armenia,ARM,2017,37.518467
Armenia,ARM,2018,35.606472
Armenia,ARM,2019,39.707806
Armenia,ARM,2020,22.45501
Aruba,ABW,2002,10.893483
Australia,AUS,2000,101.377815
Australia,AUS,2001,113.62133
Australia,AUS,2002,121.38114
Australia,AUS,2003,122.74732
Australia,AUS,2004,128.43123
Australia,AUS,2005,126.6624
Australia,AUS,2006,138.61316
Australia,AUS,2007,130.47966
Australia,AUS,2008,132.7662
Australia,AUS,2009,115.13834
Australia,AUS,2010,109.404686
Australia,AUS,2011,106.58839
Australia,AUS,2012,115.577835
Australia,AUS,2013,132.44324
Australia,AUS,2014,84.7054
Australia,AUS,2015,96.17871
Australia,AUS,2016,108.283676
Australia,AUS,2017,101.78796
Australia,AUS,2018,110.371704
Australia,AUS,2019,103.99426
Australia,AUS,2020,92.247574
Austria,AUT,2000,244.80598
Austria,AUT,2001,225.75658
Austria,AUT,2002,239.13869
Austria,AUT,2003,261.08035
Austria,AUT,2004,275.1121
Austria,AUT,2005,275.91962
Austria,AUT,2006,274.68106
Austria,AUT,2007,287.53232
Austria,AUT,2008,276.16428
Austria,AUT,2009,271.24734
Austria,AUT,2010,289.85406
Austria,AUT,2011,256.69745
Austria,AUT,2012,267.86432
Austria,AUT,2013,254.9666
Austria,AUT,2014,244.791
Austria,AUT,2015,255.13681
Austria,AUT,2016,237.85294
Austria,AUT,2017,235.63521
Austria,AUT,2018,230.6426
Austria,AUT,2019,232.65926
Austria,AUT,2020,238.44325
Azerbaijan,AZE,2001,24.510899
Azerbaijan,AZE,2002,27.949883
Azerbaijan,AZE,2003,29.06999
Azerbaijan,AZE,2004,31.556183
Azerbaijan,AZE,2005,32.46212
Azerbaijan,AZE,2006,28.071447
Azerbaijan,AZE,2007,32.325615
Azerbaijan,AZE,2008,25.111956
Azerbaijan,AZE,2009,28.948544
Azerbaijan,AZE,2010,27.497501
Azerbaijan,AZE,2011,20.621822
Azerbaijan,AZE,2012,15.180943
Azerbaijan,AZE,2013,16.22553
Azerbaijan,AZE,2014,17.245132
Azerbaijan,AZE,2015,18.654665
Azerbaijan,AZE,2016,14.434276
Azerbaijan,AZE,2017,20.255037
Azerbaijan,AZE,2018,15.267139
Azerbaijan,AZE,2019,14.365624
Azerbaijan,AZE,2020,8.7506485
Bahamas,BHS,2012,7.8519025
Bahamas,BHS,2013,2.5929575
Bahamas,BHS,2014,2.569789
Bahamas,BHS,2015,5.0928555
Bahamas,BHS,2016,7.5760255
Bahamas,BHS,2017,10.0243845
Bahrain,BHR,2011,0.82502395
Bahrain,BHR,2012,2.4490836
Bahrain,BHR,2013,2.3777764
Bahrain,BHR,2014,4.5761633
Bahrain,BHR,2015,5.8730383
Bahrain,BHR,2016,4.2563214
Bahrain,BHR,2017,5.4913225
Bahrain,BHR,2018,7.395724
Bahrain,BHR,2019,2.6770267
Bahrain,BHR,2020,4.737803
Bangladesh,BGD,2000,0.5418236
Bangladesh,BGD,2001,0.44808826
Bangladesh,BGD,2002,0.32056102
Bangladesh,BGD,2003,0.42489842
Bangladesh,BGD,2004,0.34584692
Bangladesh,BGD,2005,0.3548299
Bangladesh,BGD,2006,0.15424651
Bangladesh,BGD,2007,0.20119895
Bangladesh,BGD,2008,0.41259423
Bangladesh,BGD,2009,0.37489736
Bangladesh,BGD,2010,0.44477051
Bangladesh,BGD,2011,0.24632016
Bangladesh,BGD,2012,0.44052672
Bangladesh,BGD,2013,0.38953415
Bangladesh,BGD,2014,0.28212124
Bangladesh,BGD,2015,0.25977316
Bangladesh,BGD,2016,0.4818988
Bangladesh,BGD,2017,0.3770227
Bangladesh,BGD,2018,0.42154408
Bangladesh,BGD,2019,0.41083586
Bangladesh,BGD,2020,0.23891874
Barbados,BRB,2003,7.476384
Barbados,BRB,2007,11.051352
Barbados,BRB,2008,3.6677463
Barbados,BRB,2013,10.835293
Barbados,BRB,2014,3.6035907
Barbados,BRB,2020,103.311676
Belarus,BLR,2000,96.91425
Belarus,BLR,2001,91.165634
Belarus,BLR,2002,88.304436
Belarus,BLR,2003,107.49184
Belarus,BLR,2004,106.50306
Belarus,BLR,2005,117.3609
Belarus,BLR,2006,120.30745
Belarus,BLR,2007,142.98814
Belarus,BLR,2008,154.27322
Belarus,BLR,2009,179.6528
Belarus,BLR,2010,180.7546
Belarus,BLR,2011,177.70712
Belarus,BLR,2012,173.41063
Belarus,BLR,2013,153.64545
Belarus,BLR,2014,67.259895
Belarus,BLR,2015,55.97587
Belarus,BLR,2016,46.868027
Belarus,BLR,2017,44.70598
Belarus,BLR,2018,46.722355
Belarus,BLR,2019,30.80431
Belarus,BLR,2020,32.905167
Belgium,BEL,2000,56.213978
Belgium,BEL,2001,55.387157
Belgium,BEL,2002,58.036404
Belgium,BEL,2003,49.891613
Belgium,BEL,2004,49.157608
Belgium,BEL,2005,49.158604
Belgium,BEL,2006,46.3008
Belgium,BEL,2007,42.61431
Belgium,BEL,2008,53.604458
Belgium,BEL,2009,61.93666
Belgium,BEL,2010,56.996044
Belgium,BEL,2011,58.05175
Belgium,BEL,2012,68.44261
Belgium,BEL,2013,64.3955
Belgium,BEL,2014,79.54028
Belgium,BEL,2015,84.36826
Belgium,BEL,2016,93.13557
Belgium,BEL,2017,87.926636
Belgium,BEL,2018,77.91347
Belgium,BEL,2019,76.10397
Belgium,BEL,2020,74.556404
Belize,BLZ,2006,3.4632635
Bhutan,BTN,2012,4.159999
Bhutan,BTN,2013,4.1158023
Bhutan,BTN,2015,1.3453808
Bhutan,BTN,2016,5.335012
Bhutan,BTN,2018,1.3121569
Bhutan,BTN,2019,1.3029876
Bolivia,BOL,2014,0.824403
Bolivia,BOL,2016,1.065434
Bolivia,BOL,2017,5.159356
Bosnia and Herzegovina,BIH,2000,7.4174123
Bosnia and Herzegovina,BIH,2001,12.395884
Bosnia and Herzegovina,BIH,2003,7.648626
Bosnia and Herzegovina,BIH,2004,12.068963
Bosnia and Herzegovina,BIH,2005,16.119984
Bosnia and Herzegovina,BIH,2006,13.553187
Bosnia and Herzegovina,BIH,2008,14.961746
Bosnia and Herzegovina,BIH,2010,14.693948
Bosnia and Herzegovina,BIH,2011,11.487672
Bosnia and Herzegovina,BIH,2012,0.5443101
Bosnia and Herzegovina,BIH,2013,1.9350038
Bosnia and Herzegovina,BIH,2014,11.481153
Bosnia and Herzegovina,BIH,2016,17.2365
Bosnia and Herzegovina,BIH,2017,25.290514
Bosnia and Herzegovina,BIH,2018,24.704924
Bosnia and Herzegovina,BIH,2019,13.389996
Bosnia and Herzegovina,BIH,2020,15.067457
Botswana,BWA,2011,0.46859413
Botswana,BWA,2012,2.2983973
Botswana,BWA,2013,3.608016
Botswana,BWA,2014,1.7696116
Botswana,BWA,2015,1.3014185
Botswana,BWA,2016,0.42509434
Botswana,BWA,2017,1.2490382
Botswana,BWA,2019,0.8000944
Botswana,BWA,2020,0.7854213
Brazil,BRA,2000,18.07547
Brazil,BRA,2001,19.297255
Brazil,BRA,2002,19.28781
Brazil,BRA,2003,21.168566
Brazil,BRA,2004,21.892351
Brazil,BRA,2005,21.702663
Brazil,BRA,2006,20.951094
Brazil,BRA,2007,21.9835
Brazil,BRA,2008,22.21388
Brazil,BRA,2009,21.956888
Brazil,BRA,2010,21.532593
Brazil,BRA,2011,23.68995
Brazil,BRA,2012,23.992674
Brazil,BRA,2013,24.583364
Brazil,BRA,2014,22.89889
Brazil,BRA,2015,22.61826
Brazil,BRA,2016,25.137825
Brazil,BRA,2017,26.282349
Brazil,BRA,2018,23.695488
Brazil,BRA,2019,25.800009
Brazil,BRA,2020,24.765907
Brunei,BRN,2012,49.183914
Brunei,BRN,2013,48.57859
Brunei,BRN,2014,62.3995
Brunei,BRN,2016,37.558598
Brunei,BRN,2017,18.592112
Brunei,BRN,2018,59.868793
Brunei,BRN,2019,18.262423
Brunei,BRN,2020,11.318978
Bulgaria,BGR,2000,28.52664
Bulgaria,BGR,2001,35.221508
Bulgaria,BGR,2002,36.239136
Bulgaria,BGR,2003,35.111008
Bulgaria,BGR,2004,33.437954
Bulgaria,BGR,2005,33.39637
Bulgaria,BGR,2006,31.29008
Bulgaria,BGR,2007,27.335024
Bulgaria,BGR,2008,32.443367
Bulgaria,BGR,2009,31.697227
Bulgaria,BGR,2010,32.006233
Bulgaria,BGR,2011,34.7336
Bulgaria,BGR,2012,32.717503
Bulgaria,BGR,2013,37.94827
Bulgaria,BGR,2014,29.570782
Bulgaria,BGR,2015,38.3076
Bulgaria,BGR,2016,31.74173
Bulgaria,BGR,2017,28.124186
Bulgaria,BGR,2018,25.290049
Bulgaria,BGR,2019,26.373491
Bulgaria,BGR,2020,34.244705
Burkina Faso,BFA,2000,0.16830914
Burkina Faso,BFA,2003,0.07674244
Burkina Faso,BFA,2004,0.14874333
Burkina Faso,BFA,2005,0.07206618
Burkina Faso,BFA,2010,0.12409372
Burundi,BDI,2017,0.26892343
Burundi,BDI,2018,0.17401177
Burundi,BDI,2020,0.16366306
Cambodia,KHM,2013,0.06666804
Cambodia,KHM,2014,0.13148537
Cambodia,KHM,2016,0.19200508
Cambodia,KHM,2018,0.062401555
Canada,CAN,2000,136.45853
Canada,CAN,2001,127.82729
Canada,CAN,2002,126.395164
Canada,CAN,2003,124.258934
Canada,CAN,2004,163.92122
Canada,CAN,2005,160.88322
Canada,CAN,2006,169.74127
Canada,CAN,2007,152.08844
Canada,CAN,2008,152.35468
Canada,CAN,2009,150.83087
Canada,CAN,2010,133.96768
Canada,CAN,2011,138.50554
Canada,CAN,2012,135.73782
Canada,CAN,2013,130.24867
Canada,CAN,2014,118.57211
Canada,CAN,2015,119.69623
Canada,CAN,2016,112.92166
Canada,CAN,2017,110.876015
Canada,CAN,2018,117.428635
Canada,CAN,2019,112.94531
Canada,CAN,2020,117.50204
Cape Verde,CPV,2016,3.5816684
Cape Verde,CPV,2017,3.5400798
Cape Verde,CPV,2018,5.252018
Cape Verde,CPV,2020,1.716308
Chile,CHL,2000,15.698482
Chile,CHL,2001,15.846458
Chile,CHL,2002,24.9143
Chile,CHL,2003,20.745169
Chile,CHL,2004,23.84822
Chile,CHL,2005,22.317959
Chile,CHL,2006,17.814974
Chile,CHL,2007,24.430841
Chile,CHL,2008,31.869951
Chile,CHL,2009,20.376097
Chile,CHL,2010,19.28939
Chile,CHL,2011,19.739637
Chile,CHL,2012,19.375185
Chile,CHL,2013,19.417559
Chile,CHL,2014,25.555336
Chile,CHL,2015,24.789982
Chile,CHL,2016,21.344976
Chile,CHL,2017,23.137333
Chile,CHL,2018,21.709545
Chile,CHL,2019,23.004826
Chile,CHL,2020,19.274294
China,CHN,2000,20.050644
China,CHN,2001,23.601057
China,CHN,2002,31.075954
China,CHN,2003,44.045444
China,CHN,2004,50.728832
China,CHN,2005,71.64219
China,CHN,2006,93.15303
China,CHN,2007,115.82177
China,CHN,2008,146.28162
China,CHN,2009,171.0788
China,CHN,2010,217.37715
China,CHN,2011,306.411
China,CHN,2012,391.72278
China,CHN,2013,512.27075
China,CHN,2014,578.3576
China,CHN,2015,694.7272
China,CHN,2016,859.5405
China,CHN,2017,883.30865
China,CHN,2018,983.5898
China,CHN,2019,874.604
China,CHN,2020,943.7777
Colombia,COL,2000,1.9125268
Colombia,COL,2001,1.6316131
Colombia,COL,2002,1.3348476
Colombia,COL,2003,1.9971899
Colombia,COL,2004,1.8248056
Colombia,COL,2005,2.3448079
Colombia,COL,2006,3.319858
Colombia,COL,2007,2.95567
Colombia,COL,2008,2.8757067
Colombia,COL,2009,2.888483
Colombia,COL,2010,2.9676833
Colombia,COL,2011,4.038942
Colombia,COL,2012,4.652441
Colombia,COL,2013,5.428444
Colombia,COL,2014,5.5700827
Colombia,COL,2015,6.8124332
Colombia,COL,2016,11.443339
Colombia,COL,2017,12.305676
Colombia,COL,2018,8.421784
Colombia,COL,2019,8.408484
Colombia,COL,2020,7.2451453
Costa Rica,CRI,2000,7.0366096
Costa Rica,CRI,2001,5.181062
Costa Rica,CRI,2002,5.5789657
Costa Rica,CRI,2003,7.8785105
Costa Rica,CRI,2004,6.113615
Costa Rica,CRI,2005,3.938929
Costa Rica,CRI,2006,5.0249305
Costa Rica,CRI,2007,4.5044813
Costa Rica,CRI,2008,5.3310575
Costa Rica,CRI,2009,3.5063643
Costa Rica,CRI,2010,1.7307588
Costa Rica,CRI,2011,2.777821
Costa Rica,CRI,2012,1.9000999
Costa Rica,CRI,2013,3.7566202
Costa Rica,CRI,2014,3.096427
Costa Rica,CRI,2015,3.4727607
Costa Rica,CRI,2016,1.8199447
Costa Rica,CRI,2017,3.8046806
Costa Rica,CRI,2018,1.5870692
Costa Rica,CRI,2019,3.146802
Costa Rica,CRI,2020,2.3423285
Cote d'Ivoire,CIV,2012,1.1812432
Croatia,HRV,2000,74.09137
Croatia,HRV,2001,80.323784
Croatia,HRV,2002,73.16735
Croatia,HRV,2003,86.74911
Croatia,HRV,2004,86.64632
Croatia,HRV,2005,81.9471
Croatia,HRV,2006,71.75904
Croatia,HRV,2007,78.083466
Croatia,HRV,2008,75.10812
Croatia,HRV,2009,57.049725
Croatia,HRV,2010,58.82784
Croatia,HRV,2011,52.85123
Croatia,HRV,2012,50.097054
Croatia,HRV,2013,53.378464
Croatia,HRV,2014,39.682835
Croatia,HRV,2015,39.71965
Croatia,HRV,2016,41.432396
Croatia,HRV,2017,35.301403
Croatia,HRV,2018,29.083126
Croatia,HRV,2019,47.218365
Croatia,HRV,2020,28.558372
Cuba,CUB,2005,9.336559
Cuba,CUB,2006,8.347664
Cuba,CUB,2007,6.566169
Cuba,CUB,2008,6.1188617
Cuba,CUB,2009,5.2290206
Cuba,CUB,2011,5.4873505
Cuba,CUB,2012,3.3600688
Cuba,CUB,2013,2.3848255
Cuba,CUB,2014,2.1178906
Cuba,CUB,2016,2.821369
Cuba,CUB,2017,2.5581303
Cuba,CUB,2018,2.5599732
Cuba,CUB,2019,2.3858547
Cuba,CUB,2020,2.9201744
Cyprus,CYP,2003,11.995742
Cyprus,CYP,2004,8.834893
Cyprus,CYP,2005,19.2851
Cyprus,CYP,2007,2.7936213
Cyprus,CYP,2008,10.069553
Cyprus,CYP,2009,5.400642
Cyprus,CYP,2010,3.540785
Cyprus,CYP,2012,3.4585443
Cyprus,CYP,2013,1.7138371
Cyprus,CYP,2014,3.3984795
Cyprus,CYP,2015,5.053542
Cyprus,CYP,2016,2.5044057
Cyprus,CYP,2017,6.619629
Cyprus,CYP,2018,3.281825
Cyprus,CYP,2019,3.2551024
Cyprus,CYP,2020,1.6161094
Czechia,CZE,2000,54.227222
Czechia,CZE,2001,55.52149
Czechia,CZE,2002,51.37637
Czechia,CZE,2003,60.987278
Czechia,CZE,2004,60.715313
Czechia,CZE,2005,57.003216
Czechia,CZE,2006,62.203888
Czechia,CZE,2007,69.26018
Czechia,CZE,2008,68.60279
Czechia,CZE,2009,75.70876
Czechia,CZE,2010,82.94512
Czechia,CZE,2011,74.59715
Czechia,CZE,2012,82.484505
Czechia,CZE,2013,93.58463
Czechia,CZE,2014,86.52511
Czechia,CZE,2015,83.61998
Czechia,CZE,2016,75.230934
Czechia,CZE,2017,75.394196
Czechia,CZE,2018,64.35936
Czechia,CZE,2019,72.602165
Czechia,CZE,2020,63.90686
Democratic Republic of Congo,COD,2018,0.50523984
Democratic Republic of Congo,COD,2019,0.4671499
Democratic Republic of Congo,COD,2020,0.7754178
Denmark,DNK,2000,323.92987
Denmark,DNK,2001,327.75247
Denmark,DNK,2002,337.44214
Denmark,DNK,2003,328.3698
Denmark,DNK,2004,346.5924
Denmark,DNK,2005,304.98605
Denmark,DNK,2006,275.3825
Denmark,DNK,2007,302.9351
Denmark,DNK,2008,296.94232
Denmark,DNK,2009,274.6788
Denmark,DNK,2010,292.9281
Denmark,DNK,2011,282.2804
Denmark,DNK,2012,251.02863
Denmark,DNK,2013,238.38335
Denmark,DNK,2014,243.68861
Denmark,DNK,2015,257.49432
Denmark,DNK,2016,271.95358
Denmark,DNK,2017,259.70468
Denmark,DNK,2018,218.84308
Denmark,DNK,2019,233.09665
Denmark,DNK,2020,216.45699
Djibouti,DJI,2013,1.0290596
Dominican Republic,DOM,2000,0.5854259
Dominican Republic,DOM,2001,1.2688836
Dominican Republic,DOM,2002,1.2506958
Dominican Republic,DOM,2003,2.0179696
Dominican Republic,DOM,2004,2.6539469
Dominican Republic,DOM,2005,0.8729079
Dominican Republic,DOM,2006,1.6156535
Dominican Republic,DOM,2007,3.6161714
Dominican Republic,DOM,2008,0.8400755
Dominican Republic,DOM,2009,1.7620121
Dominican Republic,DOM,2010,1.5344082
Dominican Republic,DOM,2011,1.5145789
Dominican Republic,DOM,2012,1.8941499
Dominican Republic,DOM,2013,1.1814449
Dominican Republic,DOM,2014,1.5560999
Dominican Republic,DOM,2015,2.402499
Dominican Republic,DOM,2016,2.6596782
Dominican Republic,DOM,2017,1.8784199
Dominican Republic,DOM,2018,1.5791138
Dominican Republic,DOM,2019,2.1136043
Dominican Republic,DOM,2020,0.90911835
Ecuador,ECU,2000,0.79198444
Ecuador,ECU,2001,0.54493695
Ecuador,ECU,2002,0.99459726
Ecuador,ECU,2003,0.5262688
Ecuador,ECU,2004,1.034386
Ecuador,ECU,2005,0.7988372
Ecuador,ECU,2006,0.57105887
Ecuador,ECU,2007,0.28066555
Ecuador,ECU,2008,0.13796148
Ecuador,ECU,2009,0.4069792
Ecuador,ECU,2010,0.26685202
Ecuador,ECU,2013,0.44520798
Ecuador,ECU,2014,1.5039483
Ecuador,ECU,2015,1.2348801
Ecuador,ECU,2016,2.737295
Ecuador,ECU,2017,0.958259
Ecuador,ECU,2018,1.998158
Ecuador,ECU,2019,1.6720729
Ecuador,ECU,2020,1.8762157
Egypt,EGY,2000,7.481992
Egypt,EGY,2001,6.36888
Egypt,EGY,2002,8.428126
Egypt,EGY,2003,6.4899735
Egypt,EGY,2004,4.9276066
Egypt,EGY,2005,5.4125614
Egypt,EGY,2007,6.27594
Egypt,EGY,2008,5.736791
Egypt,EGY,2009,5.7309227
Egypt,EGY,2010,6.9339056
Egypt,EGY,2011,6.928247
Egypt,EGY,2012,7.48572
Egypt,EGY,2013,6.8645797
Egypt,EGY,2014,7.86674
Egypt,EGY,2015,7.3472385
Egypt,EGY,2016,9.219913
Egypt,EGY,2017,10.069813
Egypt,EGY,2018,9.610494
Egypt,EGY,2019,9.7236595
Egypt,EGY,2020,9.100627
El Salvador,SLV,2015,1.1234022
El Salvador,SLV,2016,0.6399475
El Salvador,SLV,2017,0.63829845
El Salvador,SLV,2018,0.4779856
El Salvador,SLV,2019,0.15923004
El Salvador,SLV,2020,0.63565373
Estonia,EST,2000,9.306448
Estonia,EST,2001,12.9683
Estonia,EST,2002,13.775693
Estonia,EST,2003,13.132331
Estonia,EST,2004,19.816673
Estonia,EST,2005,16.978367
Estonia,EST,2006,26.731792
Estonia,EST,2007,32.821712
Estonia,EST,2008,46.372025
Estonia,EST,2009,56.947735
Estonia,EST,2010,63.085087
Estonia,EST,2011,46.70662
Estonia,EST,2012,15.120792
Estonia,EST,2013,18.96835
Estonia,EST,2014,33.472015
Estonia,EST,2015,22.819624
Estonia,EST,2016,22.03768
Estonia,EST,2017,28.082426
Estonia,EST,2018,18.152308
Estonia,EST,2019,23.360277
Estonia,EST,2020,15.796018
Ethiopia,ETH,2000,0.04475483
Ethiopia,ETH,2002,0.014069997
Ethiopia,ETH,2003,0.041001055
Ethiopia,ETH,2004,0.013280032
Ethiopia,ETH,2005,0.0129082315
Ethiopia,ETH,2006,0.0627423
Ethiopia,ETH,2007,0.14634827
Ethiopia,ETH,2011,0.043564472
Ethiopia,ETH,2013,0.010300319
Ethiopia,ETH,2014,0.020050775
Ethiopia,ETH,2015,0.17565791
Ethiopia,ETH,2016,0.094972864
Ethiopia,ETH,2017,0.12939247
Ethiopia,ETH,2018,0.1169807
Ethiopia,ETH,2020,0.051198505
Finland,FIN,2000,498.24118
Finland,FIN,2001,460.67786
Finland,FIN,2002,415.72223
Finland,FIN,2003,378.2857
Finland,FIN,2004,384.64902
Finland,FIN,2005,348.83255
Finland,FIN,2006,344.83746
Finland,FIN,2007,341.105
Finland,FIN,2008,338.5806
Finland,FIN,2009,338.27744
Finland,FIN,2010,322.7503
Finland,FIN,2011,306.22626
Finland,FIN,2012,313.63916
Finland,FIN,2013,293.44315
Finland,FIN,2014,259.82178
Finland,FIN,2015,235.2423
Finland,FIN,2016,229.29031
Finland,FIN,2017,252.35352
Finland,FIN,2018,251.47472
Finland,FIN,2019,239.24489
Finland,FIN,2020,287.18857
France,FRA,2000,236.42534
France,FRA,2001,228.73932
France,FRA,2002,227.69691
France,FRA,2003,226.20782
France,FRA,2004,236.73882
France,FRA,2005,236.77046
France,FRA,2006,238.49643
France,FRA,2007,240.04808
France,FRA,2008,237.48804
France,FRA,2009,227.07764
France,FRA,2010,236.17747
France,FRA,2011,233.4518
France,FRA,2012,230.53233
France,FRA,2013,231.94061
France,FRA,2014,228.02867
France,FRA,2015,224.19765
France,FRA,2016,222.0058
France,FRA,2017,224.72841
France,FRA,2018,222.51846
France,FRA,2019,218.9915
France,FRA,2020,198.06125
Georgia,GEO,2000,54.394016
Georgia,GEO,2001,61.286263
Georgia,GEO,2002,47.769993
Georgia,GEO,2003,48.53371
Georgia,GEO,2004,62.423836
Georgia,GEO,2005,56.801212
Georgia,GEO,2006,59.991875
Georgia,GEO,2007,63.484325
Georgia,GEO,2008,57.220905
Georgia,GEO,2009,66.40376
Georgia,GEO,2010,47.695576
Georgia,GEO,2011,36.109898
Georgia,GEO,2012,36.537045
Georgia,GEO,2013,30.110737
Georgia,GEO,2014,29.145002
Georgia,GEO,2015,26.252043
Georgia,GEO,2016,25.456682
Georgia,GEO,2017,19.883858
Georgia,GEO,2018,27.30413
Georgia,GEO,2019,22.541552
Georgia,GEO,2020,21.508734
Germany,DEU,2000,634.39526
Germany,DEU,2001,613.2523
Germany,DEU,2002,584.43024
Germany,DEU,2003,587.82886
Germany,DEU,2004,596.16077
Germany,DEU,2005,595.5635
Germany,DEU,2006,591.4424
Germany,DEU,2007,589.44
Germany,DEU,2008,606.2734
Germany,DEU,2009,588.95685
Germany,DEU,2010,578.5054
Germany,DEU,2011,577.0578
Germany,DEU,2012,571.7049
Germany,DEU,2013,579.7338
Germany,DEU,2014,588.25665
Germany,DEU,2015,577.3381
Germany,DEU,2016,588.83954
Germany,DEU,2017,578.3403
Germany,DEU,2018,562.3505
Germany,DEU,2019,560.8303
Germany,DEU,2020,507.14642
Ghana,GHA,2016,0.47370437
Ghana,GHA,2017,0.4963228
Ghana,GHA,2018,0.421112
Ghana,GHA,2020,0.37289777
Greece,GRC,2000,27.722132
Greece,GRC,2001,34.771828
Greece,GRC,2002,33.884193
Greece,GRC,2003,35.371983
Greece,GRC,2004,34.097794
Greece,GRC,2005,41.57125
Greece,GRC,2006,47.901615
Greece,GRC,2007,51.84154
Greece,GRC,2008,56.71135
Greece,GRC,2009,63.13598
Greece,GRC,2010,65.97918
Greece,GRC,2011,65.51728
Greece,GRC,2012,57.28028
Greece,GRC,2013,63.95162
Greece,GRC,2014,59.928352
Greece,GRC,2015,50.894615
Greece,GRC,2016,56.373447
Greece,GRC,2017,46.57588
Greece,GRC,2018,40.439095
Greece,GRC,2019,33.667404
Greece,GRC,2020,38.05091
Grenada,GRD,2020,16.17181
Guatemala,GTM,2000,4.601269
Guatemala,GTM,2001,2.4980855
Guatemala,GTM,2002,0.65094274
Guatemala,GTM,2003,0.4773077
Guatemala,GTM,2004,0.7002565
Guatemala,GTM,2005,1.2944671
Guatemala,GTM,2006,2.0876203
Guatemala,GTM,2007,0.6570969
Guatemala,GTM,2008,0.35766783
Guatemala,GTM,2009,0.49090374
Guatemala,GTM,2010,0.48132706
Guatemala,GTM,2011,0.26966065
Guatemala,GTM,2012,0.46270874
Guatemala,GTM,2013,0.25935858
Guatemala,GTM,2014,0.63638556
Guatemala,GTM,2015,0.43746978
Guatemala,GTM,2016,0.18415071
Guatemala,GTM,2017,0.18095489
Guatemala,GTM,2018,0.35607937
Guatemala,GTM,2019,0.40920505
Guatemala,GTM,2020,0.40316272
Guyana,GUY,2014,1.3313346
Guyana,GUY,2016,1.3173547
Guyana,GUY,2018,2.5460906
Haiti,HTI,2011,0.10045892
Haiti,HTI,2012,0.19785249
Haiti,HTI,2014,0.19207239
Honduras,HND,2000,0.6008959
Honduras,HND,2001,1.0237119
Honduras,HND,2002,0.9971635
Honduras,HND,2011,0.23195103
Honduras,HND,2012,0.9098798
Honduras,HND,2013,0.669594
Honduras,HND,2015,0.43036157
Honduras,HND,2016,1.0569932
Honduras,HND,2017,0.41550475
Honduras,HND,2018,0.8169222
Hong Kong,HKG,2000,7.5766635
Hong Kong,HKG,2001,10.879892
Hong Kong,HKG,2002,16.353117
Hong Kong,HKG,2003,15.537729
Hong Kong,HKG,2004,18.363224
Hong Kong,HKG,2005,22.488522
Hong Kong,HKG,2006,24.710514
Hong Kong,HKG,2007,22.852402
Hong Kong,HKG,2008,24.536665
Hong Kong,HKG,2009,21.001888
Hong Kong,HKG,2010,18.647203
Hong Kong,HKG,2011,25.22518
Hong Kong,HKG,2012,23.638172
Hong Kong,HKG,2013,30.972397
Hong Kong,HKG,2014,26.114704
Hong Kong,HKG,2015,32.297974
Hong Kong,HKG,2016,31.334366
Hong Kong,HKG,2017,43.42286
Hong Kong,HKG,2018,41.96984
Hong Kong,HKG,2019,46.157207
Hong Kong,HKG,2020,56.39282
Hungary,HUN,2000,79.395775
Hungary,HUN,2001,90.29319
Hungary,HUN,2002,82.96871
Hungary,HUN,2003,74.71788
Hungary,HUN,2004,74.09976
Hungary,HUN,2005,69.985374
Hungary,HUN,2006,71.39261
Hungary,HUN,2007,68.61749
Hungary,HUN,2008,68.13982
Hungary,HUN,2009,75.6351
Hungary,HUN,2010,64.98557
Hungary,HUN,2011,66.510956
Hungary,HUN,2012,69.743065
Hungary,HUN,2013,64.88364
Hungary,HUN,2014,55.330887
Hungary,HUN,2015,57.80024
Hungary,HUN,2016,62.760403
Hungary,HUN,2017,50.66943
Hungary,HUN,2018,41.63103
Hungary,HUN,2019,43.697174
Hungary,HUN,2020,43.894867
Iceland,ISL,2000,181.19225
Iceland,ISL,2001,171.78215
Iceland,ISL,2002,246.69995
Iceland,ISL,2003,196.6833
Iceland,ISL,2004,225.74599
Iceland,ISL,2005,158.22945
Iceland,ISL,2006,147.98445
Iceland,ISL,2007,195.60121
Iceland,ISL,2008,157.37029
Iceland,ISL,2009,200.74716
Iceland,ISL,2010,179.05046
Iceland,ISL,2011,156.58862
Iceland,ISL,2012,115.269104
Iceland,ISL,2013,101.84054
Iceland,ISL,2014,155.6539
Iceland,ISL,2015,120.8211
Iceland,ISL,2016,104.2669
Iceland,ISL,2017,104.76049
Iceland,ISL,2018,158.66225
Iceland,ISL,2019,130.27077
Iceland,ISL,2020,119.99498
India,IND,2000,2.0818515
India,IND,2001,2.2048788
India,IND,2002,2.451942
India,IND,2003,3.0651097
India,IND,2004,3.532628
India,IND,2005,4.0887246
India,IND,2006,4.849989
India,IND,2007,5.292127
India,IND,2008,5.324285
India,IND,2009,5.934751
India,IND,2010,7.135985
India,IND,2011,7.0299387
India,IND,2012,7.495564
India,IND,2013,8.263291
India,IND,2014,9.210199
India,IND,2015,9.508896
India,IND,2016,9.860035
India,IND,2017,11.047886
India,IND,2018,11.8984375
India,IND,2019,14.065382
India,IND,2020,16.572052
Indonesia,IDN,2000,0.7333967
Indonesia,IDN,2001,0.9764526
Indonesia,IDN,2002,1.0630802
Indonesia,IDN,2003,0.90102154
Indonesia,IDN,2004,1.0046978
Indonesia,IDN,2005,1.0270748
Indonesia,IDN,2006,1.2424642
Indonesia,IDN,2007,1.2092398
Indonesia,IDN,2008,1.6222813
Indonesia,IDN,2009,1.7221254
Indonesia,IDN,2010,2.0818293
Indonesia,IDN,2011,2.1570241
Indonesia,IDN,2013,2.6176984
Indonesia,IDN,2014,2.7397287
Indonesia,IDN,2015,4.0834923
Indonesia,IDN,2016,4.2046947
Indonesia,IDN,2017,8.586049
Indonesia,IDN,2018,5.268344
Indonesia,IDN,2019,11.473281
Indonesia,IDN,2020,4.815014
Iran,IRN,2000,6.255304
Iran,IRN,2001,10.363727
Iran,IRN,2002,13.516099
Iran,IRN,2003,18.939087
Iran,IRN,2004,35.128017
Iran,IRN,2005,57.720867
Iran,IRN,2006,83.75918
Iran,IRN,2007,147.23569
Iran,IRN,2008,210.0837
Iran,IRN,2009,163.93379
Iran,IRN,2010,147.37204
Iran,IRN,2011,151.01587
Iran,IRN,2012,137.36923
Iran,IRN,2013,144.08813
Iran,IRN,2014,171.11948
Iran,IRN,2016,179.21829
Iran,IRN,2017,180.62819
Iran,IRN,2018,139.08362
Iran,IRN,2019,133.64645
Iran,IRN,2020,130.55304
Iraq,IRQ,2015,8.872336
Iraq,IRQ,2017,15.471533
Iraq,IRQ,2018,16.08743
Iraq,IRQ,2019,17.731894
Iraq,IRQ,2020,14.921168
Ireland,IRL,2016,16.752226
Ireland,IRL,2017,12.992837
Ireland,IRL,2018,15.720324
Ireland,IRL,2019,11.8463545
Ireland,IRL,2020,15.163392
Israel,ISR,2000,261.40457
Israel,ISR,2001,200.06464
Israel,ISR,2002,190.82237
Israel,ISR,2003,205.22191
Israel,ISR,2004,234.08162
Israel,ISR,2005,248.58064
Israel,ISR,2006,196.42621
Israel,ISR,2007,232.30702
Israel,ISR,2008,215.98608
Israel,ISR,2009,192.6468
Israel,ISR,2010,197.85933
Israel,ISR,2011,182.31174
Israel,ISR,2012,173.73325
Israel,ISR,2013,155.43555
Israel,ISR,2014,143.05972
Israel,ISR,2015,160.46901
Israel,ISR,2016,159.33296
Israel,ISR,2017,172.81932
Israel,ISR,2018,178.08813
Israel,ISR,2019,158.92337
Israel,ISR,2020,187.4967
Italy,ITA,2000,138.27449
Italy,ITA,2007,157.45558
Italy,ITA,2008,145.00822
Italy,ITA,2009,147.97816
Italy,ITA,2010,148.3891
Italy,ITA,2011,146.5033
Italy,ITA,2012,140.20566
Italy,ITA,2013,137.7324
Italy,ITA,2014,142.58292
Italy,ITA,2016,147.17567
Italy,ITA,2017,144.04034
Italy,ITA,2018,148.98769
Italy,ITA,2019,154.5173
Italy,ITA,2020,169.0908
Jamaica,JAM,2000,4.211005
Jamaica,JAM,2001,1.5235716
Jamaica,JAM,2002,5.685591
Jamaica,JAM,2003,3.3949018
Jamaica,JAM,2004,4.1290874
Jamaica,JAM,2005,3.735709
Jamaica,JAM,2006,7.807684
Jamaica,JAM,2007,2.221217
Jamaica,JAM,2008,5.5322423
Jamaica,JAM,2009,6.2444787
Jamaica,JAM,2010,5.120882
Jamaica,JAM,2011,7.282873
Jamaica,JAM,2012,9.058565
Jamaica,JAM,2013,7.9332623
Jamaica,JAM,2014,11.851141
Jamaica,JAM,2015,2.5049608
Jamaica,JAM,2016,6.7791796
Jamaica,JAM,2017,3.9168377
Jamaica,JAM,2018,9.246608
Jamaica,JAM,2019,4.9755206
Jamaica,JAM,2020,3.5455487
Japan,JPN,2000,3054.8281
Japan,JPN,2001,3043.834
Japan,JPN,2002,2902.2227
Japan,JPN,2003,2809.2344
Japan,JPN,2004,2885.6606
Japan,JPN,2005,2879.223
Japan,JPN,2006,2713.4802
Japan,JPN,2007,2605.3223
Japan,JPN,2008,2577.4211
Japan,JPN,2009,2305.0408
Japan,JPN,2010,2264.3926
Japan,JPN,2011,2246.5913
Japan,JPN,2012,2244.855
Japan,JPN,2013,2128.237
Japan,JPN,2014,2086.3337
Japan,JPN,2015,2034.0833
Japan,JPN,2016,2049.2644
Japan,JPN,2017,2055.0051
Japan,JPN,2018,2008.857
Japan,JPN,2019,1950.6218
Japan,JPN,2020,1815.2296
Jordan,JOR,2000,14.042244
Jordan,JOR,2001,10.0710535
Jordan,JOR,2002,3.9806418
Jordan,JOR,2003,4.632957
Jordan,JOR,2004,7.591606
Jordan,JOR,2005,8.628977
Jordan,JOR,2006,12.344562
Jordan,JOR,2007,9.114137
Jordan,JOR,2008,7.5382037
Jordan,JOR,2009,8.848894
Jordan,JOR,2010,6.4923234
Jordan,JOR,2011,5.625895
Jordan,JOR,2012,6.655698
Jordan,JOR,2013,4.548516
Jordan,JOR,2014,4.6199884
Jordan,JOR,2015,4.3184032
Jordan,JOR,2016,2.2078025
Jordan,JOR,2017,2.5451808
Jordan,JOR,2018,2.2944849
Jordan,JOR,2019,1.9628586
Jordan,JOR,2020,3.294072
Kazakhstan,KAZ,2000,91.82046
Kazakhstan,KAZ,2001,105.16129
Kazakhstan,KAZ,2002,103.91837
Kazakhstan,KAZ,2003,110.010506
Kazakhstan,KAZ,2004,113.130325
Kazakhstan,KAZ,2005,97.27741
Kazakhstan,KAZ,2006,90.565796
Kazakhstan,KAZ,2007,102.02336
Kazakhstan,KAZ,2008,91.562874
Kazakhstan,KAZ,2009,92.2428
Kazakhstan,KAZ,2010,101.69692
Kazakhstan,KAZ,2011,83.90197
Kazakhstan,KAZ,2013,105.15554
Kazakhstan,KAZ,2014,99.020615
Kazakhstan,KAZ,2015,71.26074
Kazakhstan,KAZ,2016,54.92695
Kazakhstan,KAZ,2017,57.60362
Kazakhstan,KAZ,2018,42.560997
Kazakhstan,KAZ,2020,42.309364
Kenya,KEN,2002,0.7016511
Kenya,KEN,2003,0.6515214
Kenya,KEN,2004,0.8910136
Kenya,KEN,2005,0.94858086
Kenya,KEN,2006,1.110351
Kenya,KEN,2007,1.0779036
Kenya,KEN,2008,1.6076803
Kenya,KEN,2009,1.1891652
Kenya,KEN,2010,1.8546219
Kenya,KEN,2011,3.1664016
Kenya,KEN,2012,2.812984
Kenya,KEN,2013,2.8353045
Kenya,KEN,2014,2.8800926
Kenya,KEN,2015,2.9241328
Kenya,KEN,2016,3.0065978
Kenya,KEN,2017,2.758021
Kenya,KEN,2018,4.884562
Kenya,KEN,2019,5.770199
Kenya,KEN,2020,6.559486
Kuwait,KWT,2016,3.211391
Kuwait,KWT,2018,0.23163214
Kyrgyzstan,KGZ,2000,16.210133
Kyrgyzstan,KGZ,2001,16.862583
Kyrgyzstan,KGZ,2002,24.469597
Kyrgyzstan,KGZ,2003,35.248184
Kyrgyzstan,KGZ,2007,29.274132
Kyrgyzstan,KGZ,2008,25.255241
Kyrgyzstan,KGZ,2009,26.966703
Kyrgyzstan,KGZ,2010,24.435696
Kyrgyzstan,KGZ,2011,22.33293
Kyrgyzstan,KGZ,2012,19.531406
Kyrgyzstan,KGZ,2013,19.407084
Kyrgyzstan,KGZ,2014,22.702154
Kyrgyzstan,KGZ,2015,20.62558
Kyrgyzstan,KGZ,2016,13.957423
Kyrgyzstan,KGZ,2017,22.380991
Kyrgyzstan,KGZ,2019,14.548575
Kyrgyzstan,KGZ,2020,9.805631
Laos,LAO,2005,0.51256037
Laos,LAO,2006,0.84081703
Laos,LAO,2007,0.33105156
Laos,LAO,2008,0.16297626
Laos,LAO,2013,0.15149826
Laos,LAO,2014,0.14944406
Laos,LAO,2015,0.14733139
Laos,LAO,2017,0.4286985
Laos,LAO,2018,0.14074579
Latvia,LVA,2000,40.96072
Latvia,LVA,2001,49.591927
Latvia,LVA,2002,64.48423
Latvia,LVA,2003,39.66279
Latvia,LVA,2004,47.71471
Latvia,LVA,2005,50.153034
Latvia,LVA,2006,51.726086
Latvia,LVA,2007,63.876945
Latvia,LVA,2008,95.79564
Latvia,LVA,2009,112.873825
Latvia,LVA,2010,84.69991
Latvia,LVA,2011,83.29425
Latvia,LVA,2012,93.9797
Latvia,LVA,2013,110.75609
Latvia,LVA,2014,51.21728
Latvia,LVA,2015,68.27477
Latvia,LVA,2016,48.138386
Latvia,LVA,2017,46.039078
Latvia,LVA,2018,44.42993
Latvia,LVA,2019,42.785168
Latvia,LVA,2020,49.023304
Lebanon,LBN,2013,18.48963
Lebanon,LBN,2014,12.750335
Lebanon,LBN,2015,17.190344
Lesotho,LSO,2018,1.8198113
Lesotho,LSO,2019,0.44929484
Lithuania,LTU,2000,18.335173
Lithuania,LTU,2001,19.100346
Lithuania,LTU,2002,24.17658
Lithuania,LTU,2003,18.44549
Lithuania,LTU,2004,20.45233
Lithuania,LTU,2005,20.15689
Lithuania,LTU,2006,19.561008
Lithuania,LTU,2007,18.946247
Lithuania,LTU,2008,26.981897
Lithuania,LTU,2009,28.612015
Lithuania,LTU,2010,34.405632
Lithuania,LTU,2011,30.001936
Lithuania,LTU,2012,35.582077
Lithuania,LTU,2013,38.63693
Lithuania,LTU,2014,41.069435
Lithuania,LTU,2015,34.078285
Lithuania,LTU,2016,32.38258
Lithuania,LTU,2017,27.888222
Lithuania,LTU,2018,28.162863
Lithuania,LTU,2019,31.589111
Lithuania,LTU,2020,33.68473
Luxembourg,LUX,2000,195.11792
Luxembourg,LUX,2001,115.57969
Luxembourg,LUX,2002,91.94474
Luxembourg,LUX,2003,35.44913
Luxembourg,LUX,2004,50.240498
Luxembourg,LUX,2005,51.62756
Luxembourg,LUX,2006,55.03787
Luxembourg,LUX,2007,31.258009
Luxembourg,LUX,2008,98.231224
Luxembourg,LUX,2009,120.51193
Luxembourg,LUX,2010,155.79549
Luxembourg,LUX,2011,164.02711
Luxembourg,LUX,2012,205.42937
Luxembourg,LUX,2013,208.07707
Luxembourg,LUX,2014,230.18478
Luxembourg,LUX,2015,224.79211
Luxembourg,LUX,2016,245.13376
Luxembourg,LUX,2017,261.61768
Luxembourg,LUX,2018,250.0329
Luxembourg,LUX,2019,188.71545
Luxembourg,LUX,2020,204.63165
Macao,MAC,2005,6.13964
Macao,MAC,2007,1.9404815
Macao,MAC,2008,5.6705627
Macao,MAC,2009,1.8415325
Macao,MAC,2010,7.1773725
Macao,MAC,2011,7.005082
Macao,MAC,2012,8.579626
Macao,MAC,2013,10.11153
Macao,MAC,2014,3.310365
Macao,MAC,2015,4.876122
Macao,MAC,2017,1.565896
Macao,MAC,2018,1.5361078
Macao,MAC,2020,4.4359865
Madagascar,MDG,2000,0.43166092
Madagascar,MDG,2002,0.23239684
Madagascar,MDG,2003,0.16925906
Madagascar,MDG,2004,0.87667507
Madagascar,MDG,2005,0.37249547
Madagascar,MDG,2006,0.20671512
Madagascar,MDG,2007,0.45169476
Madagascar,MDG,2008,0.68247426
Madagascar,MDG,2009,0.047355004
Madagascar,MDG,2010,0.4141539
Madagascar,MDG,2011,0.13423926
Madagascar,MDG,2012,0.17416868
Madagascar,MDG,2013,0.1695772
Madagascar,MDG,2014,0.20647523
Madagascar,MDG,2015,0.12071992
Madagascar,MDG,2016,0.23527618
Madagascar,MDG,2017,0.3439113
Madagascar,MDG,2018,0.3352387
Madagascar,MDG,2020,0.21257614
Malawi,MWI,2000,0.26715633
Malawi,MWI,2015,0.35421336
Malawi,MWI,2016,0.17235808
Malaysia,MYS,2000,8.977931
Malaysia,MYS,2001,11.511086
Malaysia,MYS,2002,13.337504
Malaysia,MYS,2003,15.198416
Malaysia,MYS,2004,20.605331
Malaysia,MYS,2005,20.136139
Malaysia,MYS,2006,20.030619
Malaysia,MYS,2007,24.729996
Malaysia,MYS,2008,29.56879
Malaysia,MYS,2009,43.732178
Malaysia,MYS,2010,42.86551
Malaysia,MYS,2011,36.86934
Malaysia,MYS,2012,37.558727
Malaysia,MYS,2013,39.78788
Malaysia,MYS,2014,44.206364
Malaysia,MYS,2015,40.94135
Malaysia,MYS,2016,35.176853
Malaysia,MYS,2017,36.46506
Malaysia,MYS,2018,34.44522
Malaysia,MYS,2019,32.648434
Malaysia,MYS,2020,29.789167
Malta,MLT,2000,57.6135
Malta,MLT,2001,64.650406
Malta,MLT,2002,54.36018
Malta,MLT,2007,24.266485
Malta,MLT,2008,33.864933
Malta,MLT,2009,19.253494
Malta,MLT,2010,28.65617
Malta,MLT,2011,21.247612
Malta,MLT,2012,25.586632
Malta,MLT,2013,29.712181
Malta,MLT,2014,11.199488
Malta,MLT,2015,19.711554
Malta,MLT,2016,6.414135
Malta,MLT,2017,10.427377
Malta,MLT,2018,4.068431
Malta,MLT,2019,9.927608
Malta,MLT,2020,11.642257
Mauritius,MUS,2008,1.5677778
Mauritius,MUS,2011,0.7774605
Mauritius,MUS,2012,3.1037755
Mauritius,MUS,2013,1.5495491
Mauritius,MUS,2014,2.3217802
Mauritius,MUS,2015,0.7733001
Mauritius,MUS,2016,1.5457038
Mauritius,MUS,2017,0.77235407
Mauritius,MUS,2018,12.351531
Mauritius,MUS,2019,3.0857437
Mauritius,MUS,2020,4.6231017
Mexico,MEX,2000,4.403646
Mexico,MEX,2001,5.372542
Mexico,MEX,2002,5.2122
Mexico,MEX,2003,4.569003
Mexico,MEX,2004,5.435524
Mexico,MEX,2005,5.538569
Mexico,MEX,2006,5.3701677
Mexico,MEX,2007,5.807781
Mexico,MEX,2008,6.2451854
Mexico,MEX,2009,7.4021096
Mexico,MEX,2010,8.450899
Mexico,MEX,2011,9.32979
Mexico,MEX,2012,11.178695
Mexico,MEX,2013,10.31625
Mexico,MEX,2014,10.492111
Mexico,MEX,2015,11.352486
Mexico,MEX,2016,10.780188
Mexico,MEX,2017,10.85972
Mexico,MEX,2018,12.53892
Mexico,MEX,2019,10.432879
Mexico,MEX,2020,8.984248
Moldova,MDA,2000,56.449722
Moldova,MDA,2001,104.03523
Moldova,MDA,2002,57.623074
Moldova,MDA,2003,71.56843
Moldova,MDA,2004,73.38773
Moldova,MDA,2005,94.21749
Moldova,MDA,2006,76.84995
Moldova,MDA,2007,85.89454
Moldova,MDA,2008,71.60806
Moldova,MDA,2009,35.738136
Moldova,MDA,2010,37.790367
Moldova,MDA,2011,26.980906
Moldova,MDA,2012,26.516903
Moldova,MDA,2013,19.610529
Moldova,MDA,2014,20.069866
Moldova,MDA,2015,19.527735
Moldova,MDA,2016,28.215961
Moldova,MDA,2017,22.952257
Moldova,MDA,2018,29.282213
Moldova,MDA,2019,27.335619
Moldova,MDA,2020,27.554031
Monaco,MCO,2000,184.64948
Monaco,MCO,2001,184.80872
Monaco,MCO,2002,246.86786
Monaco,MCO,2003,154.57861
Monaco,MCO,2004,217.00043
Monaco,MCO,2005,62.18519
Monaco,MCO,2006,187.34778
Monaco,MCO,2007,345.46652
Monaco,MCO,2008,219.51143
Monaco,MCO,2009,92.51264
Monaco,MCO,2010,180.70656
Monaco,MCO,2011,176.62123
Monaco,MCO,2012,115.19742
Monaco,MCO,2013,141.0477
Monaco,MCO,2014,166.05319
Monaco,MCO,2015,135.93976
Monaco,MCO,2016,188.73012
Monaco,MCO,2017,485.58093
Monaco,MCO,2018,107.96221
Monaco,MCO,2019,269.84
Monaco,MCO,2020,162.41237
Mongolia,MNG,2001,42.869644
Mongolia,MNG,2002,48.50434
Mongolia,MNG,2003,66.36304
Mongolia,MNG,2004,56.344578
Mongolia,MNG,2005,39.073826
Mongolia,MNG,2006,39.903225
Mongolia,MNG,2009,28.49945
Mongolia,MNG,2010,40.702644
Mongolia,MNG,2013,46.74605
Mongolia,MNG,2014,47.884373
Mongolia,MNG,2015,36.76525
Mongolia,MNG,2016,36.969078
Mongolia,MNG,2017,40.051254
Mongolia,MNG,2018,25.91661
Mongolia,MNG,2019,25.9866
Mongolia,MNG,2020,20.034363
Montenegro,MNE,2008,4.750782
Montenegro,MNE,2010,36.447308
Montenegro,MNE,2011,31.655537
Montenegro,MNE,2012,58.446922
Montenegro,MNE,2013,36.280407
Montenegro,MNE,2014,20.495
Montenegro,MNE,2015,36.279377
Montenegro,MNE,2016,15.791203
Montenegro,MNE,2018,4.750902
Montenegro,MNE,2019,25.38059
Montenegro,MNE,2020,7.948393
Morocco,MAR,2000,3.6421683
Morocco,MAR,2004,3.4628432
Morocco,MAR,2005,4.600436
Morocco,MAR,2006,5.7730308
Morocco,MAR,2007,4.802669
Morocco,MAR,2008,5.5950694
Morocco,MAR,2009,4.2131042
Morocco,MAR,2010,4.6819844
Morocco,MAR,2011,5.1361995
Morocco,MAR,2012,5.906663
Morocco,MAR,2013,9.348137
Morocco,MAR,2014,10.365385
Morocco,MAR,2015,6.458969
Morocco,MAR,2016,6.750738
Morocco,MAR,2017,5.573051
Morocco,MAR,2018,5.204924
Morocco,MAR,2019,5.481428
Morocco,MAR,2020,6.8140745
Mozambique,MOZ,2006,0.048225332
Mozambique,MOZ,2007,0.845844
Mozambique,MOZ,2008,0.091551736
Mozambique,MOZ,2009,0.3119894
Mozambique,MOZ,2010,0.6500899
Mozambique,MOZ,2011,0.33669433
Mozambique,MOZ,2012,0.5717176
Mozambique,MOZ,2013,0.51481605
Mozambique,MOZ,2014,0.5376612
Mozambique,MOZ,2015,0.89407945
Mozambique,MOZ,2016,0.5415847
Mozambique,MOZ,2017,0.8400582
Mozambique,MOZ,2018,1.1555239
Mozambique,MOZ,2019,0.7594368
Mozambique,MOZ,2020,0.8339149
Namibia,NAM,2015,5.694988
Namibia,NAM,2016,7.7474303
Namibia,NAM,2017,4.229152
Namibia,NAM,2018,8.729333
Namibia,NAM,2019,3.2697797
Nepal,NPL,2011,0.29340142
Nepal,NPL,2012,0.14635558
Nepal,NPL,2013,0.65737677
Nepal,NPL,2014,0.36413807
Nepal,NPL,2015,0.39840165
Nepal,NPL,2016,0.3948145
Nepal,NPL,2017,0.709637
Netherlands,NLD,2000,155.03986
Netherlands,NLD,2001,132.02658
Netherlands,NLD,2002,132.15385
Netherlands,NLD,2003,141.86882
Netherlands,NLD,2004,135.03304
Netherlands,NLD,2005,136.33148
Netherlands,NLD,2006,132.79692
Netherlands,NLD,2007,126.836105
Netherlands,NLD,2008,147.07692
Netherlands,NLD,2009,155.71896
Netherlands,NLD,2010,152.07207
Netherlands,NLD,2011,154.7768
Netherlands,NLD,2012,141.49289
Netherlands,NLD,2013,137.24739
Netherlands,NLD,2014,135.30667
Netherlands,NLD,2015,129.51035
Netherlands,NLD,2016,133.72644
Netherlands,NLD,2017,130.23615
Netherlands,NLD,2018,122.12165
Netherlands,NLD,2019,128.31693
Netherlands,NLD,2020,126.07142
New Zealand,NZL,2000,379.48096
New Zealand,NZL,2001,454.54697
New Zealand,NZL,2002,465.73682
New Zealand,NZL,2003,458.9616
New Zealand,NZL,2004,399.6163
New Zealand,NZL,2005,458.04498
New Zealand,NZL,2006,515.0735
New Zealand,NZL,2007,448.18246
New Zealand,NZL,2008,294.81943
New Zealand,NZL,2009,361.38553
New Zealand,NZL,2010,364.67422
New Zealand,NZL,2011,342.59442
New Zealand,NZL,2012,323.10837
New Zealand,NZL,2013,362.64438
New Zealand,NZL,2014,362.4121
New Zealand,NZL,2015,257.91885
New Zealand,NZL,2016,230.287
New Zealand,NZL,2017,213.64221
New Zealand,NZL,2018,210.1879
New Zealand,NZL,2019,65.33532
New Zealand,NZL,2020,68.759346
Nicaragua,NIC,2000,2.7326548
Nicaragua,NIC,2011,0.33655563
Nicaragua,NIC,2012,0.66328335
Nicaragua,NIC,2013,0.490246
Nicaragua,NIC,2014,0.16106483
Nigeria,NGA,2011,0.38679168
Nigeria,NGA,2012,0.24694851
Nigeria,NGA,2013,0.28616214
Nigeria,NGA,2016,0.4505294
Nigeria,NGA,2017,0.5168068
Nigeria,NGA,2018,1.9255234
Nigeria,NGA,2019,2.1593227
Nigeria,NGA,2020,1.968056
North Korea,PRK,2005,243.18513
North Korea,PRK,2006,262.0095
North Korea,PRK,2007,281.07477
North Korea,PRK,2009,323.65793
North Korea,PRK,2010,324.79373
North Korea,PRK,2011,321.01627
North Korea,PRK,2012,335.66687
North Korea,PRK,2017,317.24796
North Korea,PRK,2018,306.0283
North Korea,PRK,2019,286.4249
North Korea,PRK,2020,268.17462
North Macedonia,MKD,2000,34.839104
North Macedonia,MKD,2001,32.141956
North Macedonia,MKD,2002,20.341555
North Macedonia,MKD,2003,23.175531
North Macedonia,MKD,2004,21.19584
North Macedonia,MKD,2005,25.49711
North Macedonia,MKD,2006,26.428572
North Macedonia,MKD,2007,50.396114
North Macedonia,MKD,2008,16.297356
North Macedonia,MKD,2009,18.662136
North Macedonia,MKD,2010,12.895042
North Macedonia,MKD,2011,17.643328
North Macedonia,MKD,2012,23.815353
North Macedonia,MKD,2013,19.97888
North Macedonia,MKD,2020,22.263508
Norway,NOR,2000,291.9039
Norway,NOR,2001,263.40164
Norway,NOR,2002,259.56085
Norway,NOR,2003,236.355
Norway,NOR,2004,248.678
Norway,NOR,2005,247.2051
Norway,NOR,2006,240.07306
Norway,NOR,2007,260.108
Norway,NOR,2008,241.1582
Norway,NOR,2009,258.014
Norway,NOR,2010,228.43718
Norway,NOR,2011,226.50354
Norway,NOR,2012,201.03374
Norway,NOR,2013,216.70383
Norway,NOR,2014,215.26196
Norway,NOR,2015,222.14272
Norway,NOR,2016,234.31274
Norway,NOR,2017,218.28947
Norway,NOR,2018,203.67744
Norway,NOR,2019,178.93587
Norway,NOR,2020,163.57376
Oman,OMN,2015,1.1928096
Oman,OMN,2016,0.68211585
Oman,OMN,2017,0.8806978
Oman,OMN,2018,3.4773839
Oman,OMN,2019,6.5178156
Pakistan,PAK,2000,0.29798552
Pakistan,PAK,2001,0.36428103
Pakistan,PAK,2002,0.33688018
Pakistan,PAK,2003,0.3415696
Pakistan,PAK,2004,0.4277796
Pakistan,PAK,2005,0.82008535
Pakistan,PAK,2006,0.511035
Pakistan,PAK,2007,0.5991496
Pakistan,PAK,2008,0.914313
Pakistan,PAK,2010,0.58625543
Pakistan,PAK,2011,0.46323633
Pakistan,PAK,2012,0.4747637
Pakistan,PAK,2013,0.7353745
Pakistan,PAK,2014,0.70107496
Pakistan,PAK,2015,0.9906655
Pakistan,PAK,2016,0.9553923
Pakistan,PAK,2017,0.8919508
Pakistan,PAK,2018,1.3926088
Pakistan,PAK,2019,1.4017439
Pakistan,PAK,2020,1.4876975
Panama,PAN,2000,2.3319824
Panama,PAN,2011,5.693095
Panama,PAN,2013,2.355061
Panama,PAN,2014,3.342938
Panama,PAN,2015,3.5379426
Panama,PAN,2016,16.888796
Panama,PAN,2017,8.056501
Panama,PAN,2018,32.410957
Panama,PAN,2019,8.033006
Panama,PAN,2020,5.1229615
Papua New Guinea,PNG,2008,0.14009528
Papua New Guinea,PNG,2015,0.115178555
Paraguay,PRY,2000,2.146837
Paraguay,PRY,2001,2.3025823
Paraguay,PRY,2002,2.080766
Paraguay,PRY,2003,2.2416248
Paraguay,PRY,2004,3.3232853
Paraguay,PRY,2005,4.382056
Paraguay,PRY,2006,3.794256
Paraguay,PRY,2007,6.6187873
Paraguay,PRY,2008,2.3028598
Paraguay,PRY,2009,2.6303887
Paraguay,PRY,2010,3.1203315
Paraguay,PRY,2018,5.2767687
Paraguay,PRY,2019,0.6125547
Paraguay,PRY,2020,2.115219
Peru,PER,2000,1.5006881
Peru,PER,2001,1.3325974
Peru,PER,2002,1.0609299
Peru,PER,2003,1.1584405
Peru,PER,2004,1.3623043
Peru,PER,2005,0.9592408
Peru,PER,2006,1.3741549
Peru,PER,2007,0.97900796
Peru,PER,2008,1.0761578
Peru,PER,2009,1.2754519
Peru,PER,2010,1.334265
Peru,PER,2011,1.3230331
Peru,PER,2012,1.815151
Peru,PER,2013,2.4301894
Peru,PER,2014,2.7344048
Peru,PER,2015,2.1815674
Peru,PER,2016,2.3126752
Peru,PER,2017,3.1640074
Peru,PER,2018,2.7636366
Peru,PER,2019,4.1736655
Peru,PER,2020,3.7532163
Philippines,PHL,2000,1.975417
Philippines,PHL,2001,1.6954242
Philippines,PHL,2002,1.8330436
Philippines,PHL,2003,1.699966
Philippines,PHL,2004,1.8674467
Philippines,PHL,2005,2.4344652
Philippines,PHL,2006,2.536921
Philippines,PHL,2007,2.5122437
Philippines,PHL,2008,2.3670628
Philippines,PHL,2009,1.8505179
Philippines,PHL,2010,1.7963432
Philippines,PHL,2011,1.9307041
Philippines,PHL,2012,1.6525162
Philippines,PHL,2013,2.2066174
Philippines,PHL,2014,3.2963169
Philippines,PHL,2015,3.6396685
Philippines,PHL,2016,3.1179895
Philippines,PHL,2017,3.0260873
Philippines,PHL,2018,4.872485
Philippines,PHL,2019,4.5388327
Philippines,PHL,2020,4.242765
Poland,POL,2000,62.434372
Poland,POL,2001,56.953884
Poland,POL,2002,59.848667
Poland,POL,2003,58.723713
Poland,POL,2004,61.690266
Poland,POL,2005,52.571667
Poland,POL,2006,55.9574
Poland,POL,2007,62.0946
Poland,POL,2008,64.58499
Poland,POL,2009,75.19073
Poland,POL,2010,82.98496
Poland,POL,2011,100.43798
Poland,POL,2012,114.17218
Poland,POL,2013,109.74593
Poland,POL,2014,102.14639
Poland,POL,2015,121.28711
Poland,POL,2016,110.5831
Poland,POL,2017,101.83527
Poland,POL,2018,109.21184
Poland,POL,2019,100.97782
Poland,POL,2020,104.35
Portugal,PRT,2000,7.863595
Portugal,PRT,2001,10.31642
Portugal,PRT,2002,12.462955
Portugal,PRT,2003,11.93506
Portugal,PRT,2004,11.712586
Portugal,PRT,2005,15.014281
Portugal,PRT,2006,17.450771
Portugal,PRT,2007,23.661814
Portugal,PRT,2008,36.008064
Portugal,PRT,2009,53.911964
Portugal,PRT,2010,47.12704
Portugal,PRT,2011,54.047302
Portugal,PRT,2012,59.018723
Portugal,PRT,2013,61.827866
Portugal,PRT,2014,69.36719
Portugal,PRT,2015,89.23889
Portugal,PRT,2016,70.06847
Portugal,PRT,2017,62.478607
Portugal,PRT,2018,64.23817
Portugal,PRT,2019,68.31928
Portugal,PRT,2020,67.48762
Qatar,QAT,2012,1.5742495
Qatar,QAT,2013,4.4214983
Qatar,QAT,2014,2.2578757
Qatar,QAT,2016,6.1652875
Qatar,QAT,2017,7.0065093
Qatar,QAT,2019,13.892639
Qatar,QAT,2020,29.34368
Romania,ROU,2000,45.757545
Romania,ROU,2001,51.748844
Romania,ROU,2002,68.25677
Romania,ROU,2003,41.012375
Romania,ROU,2004,44.012737
Romania,ROU,2005,43.428246
Romania,ROU,2006,38.929848
Romania,ROU,2007,39.866516
Romania,ROU,2008,48.306797
Romania,ROU,2009,51.49925
Romania,ROU,2010,67.96094
Romania,ROU,2011,70.424324
Romania,ROU,2012,50.752064
Romania,ROU,2013,49.485336
Romania,ROU,2014,47.609913
Romania,ROU,2015,48.980015
Romania,ROU,2016,50.763165
Romania,ROU,2017,55.73929
Romania,ROU,2018,56.103046
Romania,ROU,2019,45.12346
Romania,ROU,2020,42.02234
Russia,RUS,2000,159.19524
Russia,RUS,2001,169.43216
Russia,RUS,2002,162.86816
Russia,RUS,2003,172.26329
Russia,RUS,2004,159.227
Russia,RUS,2005,164.42276
Russia,RUS,2006,194.53229
Russia,RUS,2007,192.1845
Russia,RUS,2008,193.673
Russia,RUS,2009,178.80237
Russia,RUS,2010,200.51299
Russia,RUS,2011,184.8086
Russia,RUS,2012,199.82683
Russia,RUS,2013,199.8168
Russia,RUS,2014,166.83638
Russia,RUS,2015,202.31787
Russia,RUS,2016,184.6541
Russia,RUS,2017,156.59402
Russia,RUS,2018,171.13359
Russia,RUS,2019,160.1251
Russia,RUS,2020,163.16052
Rwanda,RWA,2012,3.6899242
Rwanda,RWA,2014,0.4398137
Rwanda,RWA,2015,0.42944396
Rwanda,RWA,2016,0.2514479
Rwanda,RWA,2017,0.32705542
Rwanda,RWA,2018,0.4787816
Saint Lucia,LCA,2016,28.340012
Saint Lucia,LCA,2017,16.932411
Saint Lucia,LCA,2018,11.24265
Samoa,WSM,2014,4.956163
Samoa,WSM,2015,4.911929
Samoa,WSM,2018,4.7683764
Samoa,WSM,2019,9.437746
San Marino,SMR,2013,330.2609
San Marino,SMR,2014,119.70672
San Marino,SMR,2015,208.37674
San Marino,SMR,2016,354.40048
San Marino,SMR,2017,410.78607
San Marino,SMR,2018,409.60825
San Marino,SMR,2019,321.60922
San Marino,SMR,2020,264.41037
Saudi Arabia,SAU,2000,3.527108
Saudi Arabia,SAU,2001,2.0827737
Saudi Arabia,SAU,2002,2.696322
Saudi Arabia,SAU,2003,2.4189177
Saudi Arabia,SAU,2004,3.4232385
Saudi Arabia,SAU,2005,4.8775187
Saudi Arabia,SAU,2006,4.688201
Saudi Arabia,SAU,2007,4.8484726
Saudi Arabia,SAU,2010,9.7919445
Saudi Arabia,SAU,2011,11.508758
Saudi Arabia,SAU,2013,15.595965
Saudi Arabia,SAU,2014,20.29536
Saudi Arabia,SAU,2015,21.832169
Saudi Arabia,SAU,2016,32.02033
Saudi Arabia,SAU,2017,26.584295
Saudi Arabia,SAU,2018,30.784052
Saudi Arabia,SAU,2019,33.15901
Saudi Arabia,SAU,2020,35.94733
Serbia,SRB,2004,60.152103
Serbia,SRB,2005,47.503853
Serbia,SRB,2006,55.42162
Serbia,SRB,2007,50.913998
Serbia,SRB,2008,49.981865
Serbia,SRB,2009,41.49304
Serbia,SRB,2010,37.889927
Serbia,SRB,2011,23.61918
Serbia,SRB,2012,25.291922
Serbia,SRB,2013,26.56385
Serbia,SRB,2014,26.776371
Serbia,SRB,2015,23.671783
Serbia,SRB,2016,25.62293
Serbia,SRB,2017,22.90726
Serbia,SRB,2018,21.926802
Serbia,SRB,2019,22.699463
Serbia,SRB,2020,18.755072
Seychelles,SYC,2020,28.423895
Singapore,SGP,2000,127.2942
Singapore,SGP,2001,127.14308
Singapore,SGP,2002,149.3967
Singapore,SGP,2003,148.116
Singapore,SGP,2004,150.10278
Singapore,SGP,2005,130.96582
Singapore,SGP,2006,139.52718
Singapore,SGP,2007,149.25174
Singapore,SGP,2008,163.89702
Singapore,SGP,2009,149.67947
Singapore,SGP,2010,173.3292
Singapore,SGP,2011,199.94884
Singapore,SGP,2012,200.89192
Singapore,SGP,2013,208.65039
Singapore,SGP,2014,233.91057
Singapore,SGP,2015,259.99908
Singapore,SGP,2016,280.29025
Singapore,SGP,2017,279.12274
Singapore,SGP,2018,270.87253
Singapore,SGP,2019,294.38797
Singapore,SGP,2020,300.85245
Slovakia,SVK,2000,43.893093
Slovakia,SVK,2001,45.75504
Slovakia,SVK,2002,48.1842
Slovakia,SVK,2003,39.07427
Slovakia,SVK,2004,40.000507
Slovakia,SVK,2005,28.8305
Slovakia,SVK,2006,35.892025
Slovakia,SVK,2007,44.437164
Slovakia,SVK,2008,31.031427
Slovakia,SVK,2009,32.65952
Slovakia,SVK,2010,43.362015
Slovakia,SVK,2011,41.460857
Slovakia,SVK,2012,31.05772
Slovakia,SVK,2013,33.981293
Slovakia,SVK,2014,38.932964
Slovakia,SVK,2015,42.031918
Slovakia,SVK,2016,40.506664
Slovakia,SVK,2017,33.643307
Slovakia,SVK,2018,39.8403
Slovakia,SVK,2019,37.770916
Slovakia,SVK,2020,37.751884
Slovenia,SVN,2000,154.71147
Slovenia,SVN,2001,151.82935
Slovenia,SVN,2002,151.22728
Slovenia,SVN,2003,155.82486
Slovenia,SVN,2004,171.27995
Slovenia,SVN,2005,171.5899
Slovenia,SVN,2006,142.53242
Slovenia,SVN,2007,163.5998
Slovenia,SVN,2008,147.98158
Slovenia,SVN,2009,182.34454
Slovenia,SVN,2010,214.84532
Slovenia,SVN,2011,227.55255
Slovenia,SVN,2018,121.086586
South Africa,ZAF,2000,19.11851
South Africa,ZAF,2001,20.453226
South Africa,ZAF,2002,20.624607
South Africa,ZAF,2003,19.166788
South Africa,ZAF,2004,19.688581
South Africa,ZAF,2005,20.462223
South Africa,ZAF,2006,17.49786
South Africa,ZAF,2007,18.30143
South Africa,ZAF,2008,17.007538
South Africa,ZAF,2009,16.063856
South Africa,ZAF,2010,15.854033
South Africa,ZAF,2011,12.508742
South Africa,ZAF,2012,11.440392
South Africa,ZAF,2013,11.842533
South Africa,ZAF,2014,14.653873
South Africa,ZAF,2015,15.910087
South Africa,ZAF,2016,12.477343
South Africa,ZAF,2017,12.852833
South Africa,ZAF,2018,11.458043
South Africa,ZAF,2019,9.76121
South Africa,ZAF,2020,9.217385
South Korea,KOR,2000,1556.5975
South Korea,KOR,2001,1566.2241
South Korea,KOR,2002,1618.1091
South Korea,KOR,2003,1899.7369
South Korea,KOR,2004,2205.2373
South Korea,KOR,2005,2551.453
South Korea,KOR,2006,2611.3987
South Korea,KOR,2007,2669.0046
South Korea,KOR,2008,2626.3965
South Korea,KOR,2009,2620.3164
South Korea,KOR,2010,2700.201
South Korea,KOR,2011,2807.2876
South Korea,KOR,2012,2984.5557
South Korea,KOR,2013,3193.2866
South Korea,KOR,2014,3245.2402
South Korea,KOR,2015,3280.2625
South Korea,KOR,2016,3185.0332
South Korea,KOR,2017,3088.3118
South Korea,KOR,2018,3145.719
South Korea,KOR,2019,3312.5542
South Korea,KOR,2020,3481.109
Spain,ESP,2000,66.51669
Spain,ESP,2001,61.709034
Spain,ESP,2002,66.61419
Spain,ESP,2003,66.61099
Spain,ESP,2004,66.83012
Spain,ESP,2005,69.58851
Spain,ESP,2006,70.03157
Spain,ESP,2007,72.20562
Spain,ESP,2008,79.01399
Spain,ESP,2009,77.55386
Spain,ESP,2010,76.56834
Spain,ESP,2011,73.40159
Spain,ESP,2012,69.851875
Spain,ESP,2013,64.9308
Spain,ESP,2014,63.55383
Spain,ESP,2015,60.282555
Spain,ESP,2016,59.066147
Spain,ESP,2017,46.51795
Spain,ESP,2018,32.59101
Spain,ESP,2019,27.32787
Spain,ESP,2020,30.212942
Sri Lanka,LKA,2000,3.7813478
Sri Lanka,LKA,2001,6.3424015
Sri Lanka,LKA,2002,6.436183
Sri Lanka,LKA,2003,4.9214683
Sri Lanka,LKA,2004,6.1568666
Sri Lanka,LKA,2005,7.5734987
Sri Lanka,LKA,2006,7.6997766
Sri Lanka,LKA,2007,7.5204253
Sri Lanka,LKA,2008,9.908487
Sri Lanka,LKA,2009,9.862085
Sri Lanka,LKA,2010,10.886102
Sri Lanka,LKA,2011,9.300209
Sri Lanka,LKA,2013,15.521659
Sri Lanka,LKA,2015,10.217141
Sri Lanka,LKA,2016,13.068543
Sri Lanka,LKA,2017,12.879638
Sri Lanka,LKA,2018,15.893823
Sri Lanka,LKA,2019,16.443674
Sri Lanka,LKA,2020,16.255987
Sudan,SDN,2000,0.22814748
Sudan,SDN,2001,0.037109535
Sudan,SDN,2002,0.07254176
Sudan,SDN,2003,0.21284911
Sudan,SDN,2004,0.13873687
Sudan,SDN,2005,0.20311041
Sudan,SDN,2006,0.098902285
Sudan,SDN,2007,0.09618107
Sudan,SDN,2008,10.603382
Sudan,SDN,2009,10.076436
Sudan,SDN,2010,7.468895
Sudan,SDN,2011,7.2342443
Sudan,SDN,2013,7.4741516
Sudan,SDN,2015,6.9948077
Sudan,SDN,2016,7.2123013
Sudan,SDN,2017,6.907602
Sudan,SDN,2018,8.309709
Sudan,SDN,2019,5.50517
Sudan,SDN,2020,3.4428067
Sweden,SWE,2000,476.156
Sweden,SWE,2001,441.28485
Sweden,SWE,2002,376.2039
Sweden,SWE,2003,337.55487
Sweden,SWE,2004,307.40994
Sweden,SWE,2005,278.62048
Sweden,SWE,2006,268.65173
Sweden,SWE,2007,275.7447
Sweden,SWE,2008,276.18616
Sweden,SWE,2009,235.01805
Sweden,SWE,2010,234.07217
Sweden,SWE,2011,211.6741
Sweden,SWE,2012,239.43112
Sweden,SWE,2013,241.68471
Sweden,SWE,2014,203.53923
Sweden,SWE,2015,206.91733
Sweden,SWE,2016,204.15294
Sweden,SWE,2017,198.04755
Sweden,SWE,2018,180.86456
Sweden,SWE,2019,175.49802
Sweden,SWE,2020,170.123
Switzerland,CHE,2000,290.02853
Switzerland,CHE,2001,257.32193
Switzerland,CHE,2002,251.08298
Switzerland,CHE,2003,249.77052
Switzerland,CHE,2004,236.00648
Switzerland,CHE,2005,221.17708
Switzerland,CHE,2006,232.77548
Switzerland,CHE,2007,224.34639
Switzerland,CHE,2008,208.6855
Switzerland,CHE,2009,217.72853
Switzerland,CHE,2010,207.35208
Switzerland,CHE,2011,201.87112
Switzerland,CHE,2012,185.09862
Switzerland,CHE,2013,188.54231
Switzerland,CHE,2014,180.75691
Switzerland,CHE,2015,178.34427
Switzerland,CHE,2016,174.6109
Switzerland,CHE,2017,158.19325
Switzerland,CHE,2018,150.68535
Switzerland,CHE,2019,159.6391
Switzerland,CHE,2020,160.21098
Syria,SYR,2000,15.146257
Syria,SYR,2001,11.298456
Syria,SYR,2002,10.661834
Syria,SYR,2003,12.094469
Syria,SYR,2004,11.335981
Syria,SYR,2005,5.6501565
Syria,SYR,2006,6.3812227
Syria,SYR,2015,10.30972
Syria,SYR,2017,6.3213224
Syria,SYR,2018,5.3275504
Syria,SYR,2019,6.020424
Syria,SYR,2020,3.6586654
Tajikistan,TJK,2000,7.1736
Tajikistan,TJK,2001,12.950916
Tajikistan,TJK,2002,5.9617004
Tajikistan,TJK,2003,4.496068
Tajikistan,TJK,2004,4.705048
Tajikistan,TJK,2005,4.3295336
Tajikistan,TJK,2006,3.6840632
Tajikistan,TJK,2009,1.4728323
Tajikistan,TJK,2010,0.91842
Tajikistan,TJK,2011,0.51382047
Tajikistan,TJK,2012,0.37705576
Tajikistan,TJK,2013,0.24580255
Tajikistan,TJK,2019,0.10710069
Tanzania,TZA,2015,0.019032095
Thailand,THA,2000,8.895358
Thailand,THA,2001,8.389645
Thailand,THA,2002,9.576072
Thailand,THA,2003,12.380945
Thailand,THA,2004,12.539969
Thailand,THA,2005,13.536639
Thailand,THA,2006,15.681656
Thailand,THA,2007,14.141044
Thailand,THA,2008,13.397053
Thailand,THA,2009,15.11495
Thailand,THA,2010,17.782207
Thailand,THA,2011,13.490927
Thailand,THA,2012,14.749044
Thailand,THA,2013,22.593153
Thailand,THA,2014,14.379452
Thailand,THA,2015,14.638433
Thailand,THA,2016,15.550859
Thailand,THA,2017,13.80853
Thailand,THA,2018,12.709516
Thailand,THA,2019,12.130516
Thailand,THA,2020,12.074039
Trinidad and Tobago,TTO,2002,1.4859172
Trinidad and Tobago,TTO,2004,2.2039702
Trinidad and Tobago,TTO,2005,0.73041856
Trinidad and Tobago,TTO,2007,1.4441882
Trinidad and Tobago,TTO,2008,0.71797407
Trinidad and Tobago,TTO,2012,1.3982308
Trinidad and Tobago,TTO,2014,2.75736
Trinidad and Tobago,TTO,2015,2.054541
Trinidad and Tobago,TTO,2016,2.0417414
Trinidad and Tobago,TTO,2018,2.658325
Trinidad and Tobago,TTO,2019,0.6579121
Trinidad and Tobago,TTO,2020,0.6586999
Tunisia,TUN,2000,4.7506776
Tunisia,TUN,2001,2.2010753
Tunisia,TUN,2002,4.4578447
Tunisia,TUN,2003,3.4334602
Tunisia,TUN,2004,4.469391
Tunisia,TUN,2005,5.3906546
Tunisia,TUN,2006,7.3448334
Tunisia,TUN,2007,7.183094
Tunisia,TUN,2008,7.115851
Tunisia,TUN,2009,9.7361965
Tunisia,TUN,2010,10.37167
Tunisia,TUN,2011,12.417824
Tunisia,TUN,2012,13.423559
Tunisia,TUN,2013,9.911255
Tunisia,TUN,2014,12.424585
Tunisia,TUN,2015,15.573926
Tunisia,TUN,2016,20.110107
Tunisia,TUN,2017,14.562152
Tunisia,TUN,2018,15.084169
Turkey,TUR,2000,4.32046
Turkey,TUR,2001,5.1788774
Turkey,TUR,2002,6.2738047
Turkey,TUR,2003,7.3129888
Turkey,TUR,2004,10.061212
Turkey,TUR,2005,13.507079
Turkey,TUR,2006,15.402005
Turkey,TUR,2007,25.685102
Turkey,TUR,2008,31.141016
Turkey,TUR,2009,35.375244
Turkey,TUR,2010,43.44538
Turkey,TUR,2011,52.376945
Turkey,TUR,2012,58.90211
Turkey,TUR,2013,57.354694
Turkey,TUR,2014,61.014904
Turkey,TUR,2015,67.1972
Turkey,TUR,2016,76.895164
Turkey,TUR,2017,99.58604
Turkey,TUR,2018,86.41541
Turkey,TUR,2019,94.28415
Turkey,TUR,2020,94.13394
Uganda,UGA,2003,0.1897192
Uganda,UGA,2004,0.44205275
Uganda,UGA,2005,0.10734764
Uganda,UGA,2006,0.3822998
Uganda,UGA,2007,0.20249881
Uganda,UGA,2013,0.2834984
Uganda,UGA,2014,0.13760252
Uganda,UGA,2015,0.24014501
Uganda,UGA,2016,0.41292125
Uganda,UGA,2017,0.6230204
Uganda,UGA,2018,0.14452468
Uganda,UGA,2019,0.32596743
Uganda,UGA,2020,0.2927624
Ukraine,UKR,2000,114.976036
Ukraine,UKR,2001,148.8809
Ukraine,UKR,2002,33.370476
Ukraine,UKR,2003,34.344666
Ukraine,UKR,2004,86.53894
Ukraine,UKR,2005,75.41682
Ukraine,UKR,2006,74.56127
Ukraine,UKR,2007,74.2771
Ukraine,UKR,2008,61.329136
Ukraine,UKR,2009,53.07008
Ukraine,UKR,2010,55.950764
Ukraine,UKR,2011,58.199142
Ukraine,UKR,2012,54.860317
Ukraine,UKR,2013,63.036472
Ukraine,UKR,2014,54.42093
Ukraine,UKR,2015,50.486225
Ukraine,UKR,2016,49.80643
Ukraine,UKR,2017,51.122707
Ukraine,UKR,2018,47.404827
Ukraine,UKR,2019,47.431526
Ukraine,UKR,2020,30.995455
United Arab Emirates,ARE,2010,2.9474962
United Arab Emirates,ARE,2011,3.8483024
United Arab Emirates,ARE,2012,2.6543639
United Arab Emirates,ARE,2013,2.3994918
United Arab Emirates,ARE,2014,3.282044
United Arab Emirates,ARE,2015,3.925127
United Arab Emirates,ARE,2016,6.337371
United Arab Emirates,ARE,2017,6.9472804
United Arab Emirates,ARE,2018,6.2362065
United Arab Emirates,ARE,2019,5.9706936
United Arab Emirates,ARE,2020,4.1992893
United Kingdom,GBR,2000,374.68112
United Kingdom,GBR,2001,362.5363
United Kingdom,GBR,2002,347.4646
United Kingdom,GBR,2003,342.432
United Kingdom,GBR,2004,319.65543
United Kingdom,GBR,2005,295.32785
United Kingdom,GBR,2006,287.54828
United Kingdom,GBR,2007,283.62402
United Kingdom,GBR,2008,267.61295
United Kingdom,GBR,2009,256.81445
United Kingdom,GBR,2010,246.81306
United Kingdom,GBR,2011,242.43771
United Kingdom,GBR,2012,240.87614
United Kingdom,GBR,2013,232.83772
United Kingdom,GBR,2014,234.6021
United Kingdom,GBR,2015,227.93628
United Kingdom,GBR,2016,211.34654
United Kingdom,GBR,2017,201.33261
United Kingdom,GBR,2018,193.65376
United Kingdom,GBR,2019,180.61159
United Kingdom,GBR,2020,178.79652
United States,USA,2000,583.5547
United States,USA,2001,621.8261
United States,USA,2002,638.9625
United States,USA,2003,649.03687
United States,USA,2004,644.7946
United States,USA,2005,700.2599
United States,USA,2006,739.889
United States,USA,2007,797.1999
United States,USA,2008,757.57886
United States,USA,2009,729.0218
United States,USA,2010,777.6039
United States,USA,2011,789.32294
United States,USA,2012,848.82635
United States,USA,2013,901.2316
United States,USA,2014,885.298
United States,USA,2015,888.2566
United States,USA,2016,902.5605
United States,USA,2017,891.18195
United States,USA,2018,858.35785
United States,USA,2019,852.8155
United States,USA,2020,802.4778
Uruguay,URY,2000,13.364814
Uruguay,URY,2001,15.7530985
Uruguay,URY,2002,9.073186
Uruguay,URY,2003,13.594328
Uruguay,URY,2004,11.165416
Uruguay,URY,2005,7.234001
Uruguay,URY,2006,9.3309355
Uruguay,URY,2007,10.514783
Uruguay,URY,2008,9.891698
Uruguay,URY,2009,8.97086
Uruguay,URY,2010,6.8602386
Uruguay,URY,2011,5.949493
Uruguay,URY,2012,6.525994
Uruguay,URY,2014,10.909112
Uruguay,URY,2015,7.6407213
Uruguay,URY,2017,6.7208133
Uzbekistan,UZB,2000,30.290194
Uzbekistan,UZB,2001,31.803946
Uzbekistan,UZB,2002,27.952583
Uzbekistan,UZB,2003,35.937744
Uzbekistan,UZB,2004,10.405976
Uzbekistan,UZB,2005,9.934736
Uzbekistan,UZB,2006,11.995473
Uzbekistan,UZB,2007,11.863951
Uzbekistan,UZB,2008,9.449334
Uzbekistan,UZB,2009,8.449352
Uzbekistan,UZB,2010,12.930628
Uzbekistan,UZB,2011,9.70491
Uzbekistan,UZB,2012,8.710961
Uzbekistan,UZB,2013,9.978901
Uzbekistan,UZB,2014,11.331336
Uzbekistan,UZB,2015,9.305507
Uzbekistan,UZB,2016,11.222889
Uzbekistan,UZB,2017,11.17522
Uzbekistan,UZB,2018,14.48401
Uzbekistan,UZB,2019,11.341256
Uzbekistan,UZB,2020,10.618415
Venezuela,VEN,2000,2.2924764
Venezuela,VEN,2002,2.6449883
Venezuela,VEN,2003,3.2968698
Venezuela,VEN,2004,3.2028148
Venezuela,VEN,2005,4.537139
Venezuela,VEN,2006,3.7266507
Venezuela,VEN,2007,2.2888203
Venezuela,VEN,2008,1.8257428
Venezuela,VEN,2009,2.1180534
Venezuela,VEN,2010,2.4377482
Venezuela,VEN,2011,2.0964968
Venezuela,VEN,2012,2.2056007
Venezuela,VEN,2013,2.4800572
Venezuela,VEN,2014,1.8215986
Venezuela,VEN,2015,1.5394834
Venezuela,VEN,2016,1.1385274
Venezuela,VEN,2017,3.1410086
Vietnam,VNM,2000,0.43037352
Vietnam,VNM,2001,0.651484
Vietnam,VNM,2002,0.85563034
Vietnam,VNM,2003,0.9573393
Vietnam,VNM,2004,1.251348
Vietnam,VNM,2005,2.1649683
Vietnam,VNM,2006,2.334673
Vietnam,VNM,2007,2.5836966
Vietnam,VNM,2008,2.3832545
Vietnam,VNM,2009,2.983248
Vietnam,VNM,2010,3.5007029
Vietnam,VNM,2011,3.39562
Vietnam,VNM,2012,4.277652
Vietnam,VNM,2013,4.907623
Vietnam,VNM,2014,5.3378344
Vietnam,VNM,2015,6.3129535
Vietnam,VNM,2016,6.0133243
Vietnam,VNM,2017,6.295659
Vietnam,VNM,2018,6.806138
Vietnam,VNM,2019,7.517485
Vietnam,VNM,2020,10.564034
World,OWID_WRL,2000,142.26938
World,OWID_WRL,2001,143.86717
World,OWID_WRL,2002,140.8179
World,OWID_WRL,2003,144.6379
World,OWID_WRL,2004,149.26453
World,OWID_WRL,2005,158.39769
World,OWID_WRL,2006,161.89319
World,OWID_WRL,2007,167.26265
World,OWID_WRL,2008,170.62077
World,OWID_WRL,2009,166.18573
World,OWID_WRL,2010,177.06416
World,OWID_WRL,2011,193.02641
World,OWID_WRL,2012,212.19829
World,OWID_WRL,2013,234.54633
World,OWID_WRL,2014,244.05186
World,OWID_WRL,2015,264.52222
World,OWID_WRL,2016,293.75226
World,OWID_WRL,2017,295.17795
World,OWID_WRL,2018,309.54776
World,OWID_WRL,2019,287.4197
World,OWID_WRL,2020,293.89285
Yemen,YEM,2000,0.3757642
Yemen,YEM,2001,0.31342304
Yemen,YEM,2002,0.4577669
Yemen,YEM,2003,0.7925186
Yemen,YEM,2004,0.48231342
Yemen,YEM,2005,0.9380566
Yemen,YEM,2006,0.63733983
Yemen,YEM,2007,0.48583272
Yemen,YEM,2010,0.80827856
Yemen,YEM,2011,0.27477264
Yemen,YEM,2012,1.3728203
Yemen,YEM,2013,1.5935365
Yemen,YEM,2014,1.0449204
Yemen,YEM,2015,0.17533676
Yemen,YEM,2016,0.54655993
Yemen,YEM,2017,0.49942756
Yemen,YEM,2019,1.9019426
Yemen,YEM,2020,1.8585032
Zambia,ZMB,2001,0.588699
Zambia,ZMB,2002,0.28548878
Zambia,ZMB,2003,0.27680457
Zambia,ZMB,2004,0.08938113
Zambia,ZMB,2005,0.43234366
Zambia,ZMB,2006,0.3341249
Zambia,ZMB,2007,1.5320014
Zambia,ZMB,2008,2.0228791
Zambia,ZMB,2009,0.67577237
Zambia,ZMB,2010,0.3625265
Zambia,ZMB,2011,0.2102928
Zambia,ZMB,2012,0.47474808
Zambia,ZMB,2013,0.8532997
Zambia,ZMB,2014,0.88957816
Zambia,ZMB,2015,1.2309033
Zambia,ZMB,2016,0.894574
Zambia,ZMB,2017,0.69371957
Zambia,ZMB,2018,0.61673373
Zambia,ZMB,2019,0.108811095
Zambia,ZMB,2020,0.84532124
Zimbabwe,ZWE,2015,0.63582057
Zimbabwe,ZWE,2016,0.5535296
