Entity,Code,Year,"Primary completion rate, total (% of relevant age group)"
Afghanistan,AFG,2016,80.49504
Afghanistan,AFG,2017,84.41495
Afghanistan,AFG,2018,85.62533
Afghanistan,AFG,2019,84.33059
Albania,ALB,2000,96.58269
Albania,ALB,2001,96.39394
Albania,ALB,2003,94.44817
Albania,ALB,2004,93.4378
Albania,ALB,2007,96.19241
Albania,ALB,2008,92.39359
Albania,ALB,2009,91.05149
Albania,ALB,2010,88.83624
Albania,ALB,2011,92.98266
Albania,ALB,2012,98.67213
Albania,ALB,2013,89.53918
Albania,ALB,2014,100.98472
Albania,ALB,2015,98.86159
Albania,ALB,2016,99.88155
Albania,ALB,2017,101.9837
Albania,ALB,2018,101.53786
Albania,ALB,2019,103.32275
Albania,ALB,2020,100.73241
Algeria,DZA,2000,80.16639
Algeria,DZA,2001,86.29779
Algeria,DZA,2002,88.0823
Algeria,DZA,2003,89.71992
Algeria,DZA,2004,91.3253
Algeria,DZA,2005,93.07539
Algeria,DZA,2006,83.62891
Algeria,DZA,2007,94.39851
Algeria,DZA,2008,112.97665
Algeria,DZA,2009,91.88226
Algeria,DZA,2010,95.617
Algeria,DZA,2011,97.6363
Algeria,DZA,2012,101.55288
Algeria,DZA,2013,106.03168
Algeria,DZA,2014,108.39158
Algeria,DZA,2015,105.54672
Algeria,DZA,2016,105.59005
Algeria,DZA,2017,105.63671
Algeria,DZA,2018,105.14396
Algeria,DZA,2019,101.36463
Algeria,DZA,2020,103.66353
Angola,AGO,2008,39.19701
Angola,AGO,2009,38.78758
Angola,AGO,2010,39.80721
Angola,AGO,2011,46.18715
Antigua and Barbuda,ATG,2008,110.5548
Antigua and Barbuda,ATG,2009,101.2633
Antigua and Barbuda,ATG,2010,106.60995
Antigua and Barbuda,ATG,2011,103.67695
Antigua and Barbuda,ATG,2013,108.10811
Antigua and Barbuda,ATG,2014,111.15032
Antigua and Barbuda,ATG,2015,92.55548
Antigua and Barbuda,ATG,2016,93.5879
Antigua and Barbuda,ATG,2017,98.18578
Antigua and Barbuda,ATG,2018,96.19883
Antigua and Barbuda,ATG,2019,99.48415
Argentina,ARG,2000,97.34647
Argentina,ARG,2001,96.82166
Argentina,ARG,2002,100.51583
Argentina,ARG,2003,98.16794
Argentina,ARG,2004,96.57995
Argentina,ARG,2005,94.64183
Argentina,ARG,2006,97.10248
Argentina,ARG,2007,99.86782
Argentina,ARG,2008,103.14217
Argentina,ARG,2009,103.30387
Argentina,ARG,2010,103.56741
Argentina,ARG,2011,103.88771
Argentina,ARG,2012,103.35225
Argentina,ARG,2013,101.64501
Argentina,ARG,2014,103.10644
Argentina,ARG,2015,102.97374
Argentina,ARG,2016,103.89357
Argentina,ARG,2017,99.96276
Argentina,ARG,2018,98.70625
Argentina,ARG,2019,98.54724
Argentina,ARG,2020,101.34521
Armenia,ARM,2002,93.70576
Armenia,ARM,2003,89.27111
Armenia,ARM,2004,100.04747
Armenia,ARM,2005,92.69158
Armenia,ARM,2006,93.81121
Armenia,ARM,2007,102.06971
Armenia,ARM,2008,105.79289
Armenia,ARM,2010,94.49523
Armenia,ARM,2011,93.80897
Armenia,ARM,2012,93.85169
Armenia,ARM,2014,96.65223
Armenia,ARM,2015,94.59064
Armenia,ARM,2016,90.75161
Armenia,ARM,2017,91.98771
Armenia,ARM,2018,89.87896
Armenia,ARM,2019,93.13852
Armenia,ARM,2020,93.16529
Aruba,ABW,2000,97.14286
Aruba,ABW,2001,94.40407
Aruba,ABW,2002,94.75524
Aruba,ABW,2003,90.21592
Aruba,ABW,2004,90.5599
Aruba,ABW,2005,88.19797
Aruba,ABW,2006,93.18612
Aruba,ABW,2007,95.58824
Aruba,ABW,2008,95.13303
Aruba,ABW,2009,96.24258
Aruba,ABW,2010,94.7861
Aruba,ABW,2013,96.57064
Aruba,ABW,2014,101.18056
Austria,AUT,2002,100.2222
Austria,AUT,2004,98.7443
Austria,AUT,2011,96.77202
Austria,AUT,2012,96.69372
Austria,AUT,2013,97.60601
Austria,AUT,2014,98.69185
Austria,AUT,2015,100.37379
Austria,AUT,2016,99.65672
Austria,AUT,2017,99.45318
Austria,AUT,2018,99.813
Austria,AUT,2019,99.4085
Austria,AUT,2020,99.66526
Azerbaijan,AZE,2000,89.51351
Azerbaijan,AZE,2001,95.16858
Azerbaijan,AZE,2002,97.58601
Azerbaijan,AZE,2003,92.69615
Azerbaijan,AZE,2004,95.59543
Azerbaijan,AZE,2005,93.43062
Azerbaijan,AZE,2006,91.60543
Azerbaijan,AZE,2007,98.13037
Azerbaijan,AZE,2008,90.73683
Azerbaijan,AZE,2009,91.77172
Azerbaijan,AZE,2010,89.51445
Azerbaijan,AZE,2011,92.80683
Azerbaijan,AZE,2012,91.99119
Azerbaijan,AZE,2013,88.08941
Azerbaijan,AZE,2014,98.12571
Azerbaijan,AZE,2015,103.28021
Azerbaijan,AZE,2016,111.30191
Azerbaijan,AZE,2017,107.17217
Azerbaijan,AZE,2018,100.21995
Azerbaijan,AZE,2019,100.38334
Azerbaijan,AZE,2020,99.5178
Bahamas,BHS,2005,101.86549
Bahamas,BHS,2006,95.83603
Bahrain,BHR,2000,98.78815
Bahrain,BHR,2001,96.68489
Bahrain,BHR,2002,100.54143
Bahrain,BHR,2003,100.10331
Bahrain,BHR,2004,102.04712
Bahrain,BHR,2005,101.62845
Bahrain,BHR,2011,89.47138
Bahrain,BHR,2012,93.22642
Bahrain,BHR,2013,94.48237
Bahrain,BHR,2014,96.64722
Bahrain,BHR,2015,98.74027
Bahrain,BHR,2016,99.51365
Bahrain,BHR,2017,99.4512
Bahrain,BHR,2018,97.87412
Bahrain,BHR,2019,100.24119
Bangladesh,BGD,2005,66.32055
Bangladesh,BGD,2008,59.02299
Bangladesh,BGD,2009,65.45804
Bangladesh,BGD,2010,67.83219
Bangladesh,BGD,2011,112.35787
Barbados,BRB,2000,98.39069
Barbados,BRB,2001,106.10086
Barbados,BRB,2002,103.47805
Barbados,BRB,2003,106.61055
Barbados,BRB,2004,97.66053
Barbados,BRB,2005,91.6478
Barbados,BRB,2006,93.93862
Barbados,BRB,2007,92.27579
Barbados,BRB,2008,94.60026
Barbados,BRB,2009,95.74749
Barbados,BRB,2010,95.61658
Barbados,BRB,2011,98.16754
Barbados,BRB,2018,88.74687
Barbados,BRB,2019,90.09367
Barbados,BRB,2020,96.04076
Belarus,BLR,2000,102.32492
Belarus,BLR,2001,106.73311
Belarus,BLR,2002,132.67657
Belarus,BLR,2003,103.18908
Belarus,BLR,2004,102.71907
Belarus,BLR,2005,98.86845
Belarus,BLR,2006,97.65107
Belarus,BLR,2007,96.30975
Belarus,BLR,2008,99.11292
Belarus,BLR,2009,105.84522
Belarus,BLR,2010,106.97272
Belarus,BLR,2011,107.90568
Belarus,BLR,2012,104.07646
Belarus,BLR,2013,100.26494
Belarus,BLR,2014,98.66791
Belarus,BLR,2015,96.76221
Belarus,BLR,2016,96.86775
Belarus,BLR,2017,101.68101
Belarus,BLR,2018,104.61791
Belarus,BLR,2019,108.76174
Belarus,BLR,2020,98.55618
Belize,BLZ,2000,100.05013
Belize,BLZ,2001,100.81809
Belize,BLZ,2003,97.24398
Belize,BLZ,2004,97.6512
Belize,BLZ,2005,98.44108
Belize,BLZ,2006,97.45409
Belize,BLZ,2007,98.9947
Belize,BLZ,2008,94.90599
Belize,BLZ,2009,99.68442
Belize,BLZ,2010,100.7419
Belize,BLZ,2011,103.95196
Belize,BLZ,2012,108.05772
Belize,BLZ,2013,101.69878
Belize,BLZ,2014,102.0612
Belize,BLZ,2015,104.2318
Belize,BLZ,2016,105.33762
Belize,BLZ,2017,102.60971
Belize,BLZ,2018,104.47448
Belize,BLZ,2019,102.84693
Belize,BLZ,2020,104.45623
Benin,BEN,2000,37.80433
Benin,BEN,2001,41.67732
Benin,BEN,2002,43.78899
Benin,BEN,2003,48.11963
Benin,BEN,2004,51.87132
Benin,BEN,2008,63.6705
Benin,BEN,2010,66.71161
Benin,BEN,2011,71.68802
Benin,BEN,2012,73.04108
Benin,BEN,2013,78.6056
Benin,BEN,2014,79.4544
Benin,BEN,2015,81.14033
Benin,BEN,2016,80.74556
Benin,BEN,2019,64.4396
Benin,BEN,2020,62.42149
Bermuda,BMU,2001,94.46367
Bermuda,BMU,2002,98.95592
Bermuda,BMU,2003,95.68765
Bermuda,BMU,2004,90.12926
Bermuda,BMU,2005,90.48751
Bermuda,BMU,2006,90.59107
Bermuda,BMU,2010,103.20924
Bermuda,BMU,2011,95.56136
Bermuda,BMU,2012,94.80692
Bermuda,BMU,2013,98.23609
Bermuda,BMU,2014,88.95028
Bermuda,BMU,2015,91.57303
Bhutan,BTN,2000,51.06835
Bhutan,BTN,2001,51.48446
Bhutan,BTN,2004,60.16422
Bhutan,BTN,2005,66.09852
Bhutan,BTN,2006,71.05857
Bhutan,BTN,2007,72.63404
Bhutan,BTN,2008,78.43049
Bhutan,BTN,2009,80.8454
Bhutan,BTN,2010,87.095924
Bhutan,BTN,2011,89.05036
Bhutan,BTN,2012,98.97335
Bhutan,BTN,2013,96.63999
Bhutan,BTN,2014,96.23844
Bhutan,BTN,2015,96.588974
Bhutan,BTN,2016,100.66216
Bhutan,BTN,2017,100.02913
Bhutan,BTN,2018,88.16206
Bhutan,BTN,2019,76.99398
Bhutan,BTN,2020,82.074196
Bolivia,BOL,2010,97.25596
Bolivia,BOL,2011,96.88193
Bolivia,BOL,2012,97.44642
Bolivia,BOL,2013,94.44821
Bolivia,BOL,2014,90.71196
Bolivia,BOL,2015,88.83914
Bolivia,BOL,2016,89.91243
Bolivia,BOL,2017,91.61031
Bolivia,BOL,2018,94.83978
Bolivia,BOL,2019,91.60415
Bolivia,BOL,2020,92.88169
Bosnia and Herzegovina,BIH,2011,74.04313
Bosnia and Herzegovina,BIH,2012,76.02569
Bosnia and Herzegovina,BIH,2013,79.58563
Bosnia and Herzegovina,BIH,2014,93.24276
Bosnia and Herzegovina,BIH,2015,101.40546
Bosnia and Herzegovina,BIH,2016,93.79035
Bosnia and Herzegovina,BIH,2017,89.0359
Bosnia and Herzegovina,BIH,2018,85.42336
Botswana,BWA,2000,96.82113
Botswana,BWA,2001,99.05276
Botswana,BWA,2002,99.85823
Botswana,BWA,2003,99.35737
Botswana,BWA,2004,98.39903
Botswana,BWA,2005,97.71693
Botswana,BWA,2006,101.55862
Botswana,BWA,2007,98.31128
Botswana,BWA,2008,99.47419
Botswana,BWA,2009,101.0794
Botswana,BWA,2012,101.20842
Botswana,BWA,2013,100.66117
Botswana,BWA,2015,94.55427
Brazil,BRA,2001,112.22961
Brazil,BRA,2002,114.19943
Brazil,BRA,2003,109.36661
Brazil,BRA,2004,100.68465
British Virgin Islands,VGB,2000,111.17647
British Virgin Islands,VGB,2002,109.97151
British Virgin Islands,VGB,2003,102.58621
British Virgin Islands,VGB,2004,112.71676
British Virgin Islands,VGB,2005,107.75862
British Virgin Islands,VGB,2006,107.62712
British Virgin Islands,VGB,2007,89.94565
British Virgin Islands,VGB,2009,82.82828
British Virgin Islands,VGB,2010,94.62103
British Virgin Islands,VGB,2011,87.1734
British Virgin Islands,VGB,2012,90.8046
British Virgin Islands,VGB,2013,93.90519
British Virgin Islands,VGB,2014,82.55034
British Virgin Islands,VGB,2015,95.06726
British Virgin Islands,VGB,2016,90.59633
British Virgin Islands,VGB,2017,95.49763
British Virgin Islands,VGB,2018,79.60688
British Virgin Islands,VGB,2019,81.84143
British Virgin Islands,VGB,2020,98.12332
Brunei,BRN,2000,114.79095
Brunei,BRN,2001,121.65795
Brunei,BRN,2002,117.53295
Brunei,BRN,2003,119.99123
Brunei,BRN,2004,111.28146
Brunei,BRN,2005,107.35931
Brunei,BRN,2006,107.65468
Brunei,BRN,2007,107.42963
Brunei,BRN,2008,105.27432
Brunei,BRN,2009,101.90636
Brunei,BRN,2010,105.339874
Brunei,BRN,2011,110.934395
Brunei,BRN,2012,107.069984
Brunei,BRN,2013,106.12393
Brunei,BRN,2014,100.117546
Brunei,BRN,2015,102.17229
Brunei,BRN,2016,107.35724
Brunei,BRN,2017,107.42722
Brunei,BRN,2018,107.80142
Brunei,BRN,2019,100.09801
Brunei,BRN,2020,104.95828
Bulgaria,BGR,2000,96.15943
Bulgaria,BGR,2001,101.75486
Bulgaria,BGR,2002,96.56689
Bulgaria,BGR,2003,97.79256
Bulgaria,BGR,2004,98.64273
Bulgaria,BGR,2005,98.65926
Bulgaria,BGR,2006,99.35086
Bulgaria,BGR,2007,101.33284
Bulgaria,BGR,2008,95.15365
Bulgaria,BGR,2009,101.7044
Bulgaria,BGR,2010,113.33956
Bulgaria,BGR,2011,110.20104
Bulgaria,BGR,2012,101.81056
Bulgaria,BGR,2013,98.95879
Bulgaria,BGR,2014,97.95254
Bulgaria,BGR,2015,96.19129
Bulgaria,BGR,2016,92.04534
Bulgaria,BGR,2017,89.81647
Bulgaria,BGR,2018,86.61854
Bulgaria,BGR,2019,84.97652
Bulgaria,BGR,2020,87.87634
Burkina Faso,BFA,2000,25.42222
Burkina Faso,BFA,2001,26.67762
Burkina Faso,BFA,2002,27.48547
Burkina Faso,BFA,2003,29.11165
Burkina Faso,BFA,2004,30.42653
Burkina Faso,BFA,2005,31.73658
Burkina Faso,BFA,2006,32.80562
Burkina Faso,BFA,2007,34.97427
Burkina Faso,BFA,2008,38.86926
Burkina Faso,BFA,2009,43.91451
Burkina Faso,BFA,2010,47.05522
Burkina Faso,BFA,2011,53.66107
Burkina Faso,BFA,2012,57.36603
Burkina Faso,BFA,2013,62.34405
Burkina Faso,BFA,2014,60.8495
Burkina Faso,BFA,2015,62.0298
Burkina Faso,BFA,2016,61.72434
Burkina Faso,BFA,2017,63.51922
Burkina Faso,BFA,2018,65.47893
Burkina Faso,BFA,2019,64.54945
Burkina Faso,BFA,2020,64.88917
Burundi,BDI,2000,24.3505
Burundi,BDI,2001,24.78704
Burundi,BDI,2002,25.1834
Burundi,BDI,2003,29.58314
Burundi,BDI,2004,31.792
Burundi,BDI,2005,33.94643
Burundi,BDI,2007,38.66096
Burundi,BDI,2008,41.65349
Burundi,BDI,2009,48.35906
Burundi,BDI,2010,51.54842
Burundi,BDI,2011,56.37577
Burundi,BDI,2012,62.99792
Burundi,BDI,2013,70.71984
Burundi,BDI,2014,69.56656
Burundi,BDI,2015,64.53968
Burundi,BDI,2016,67.67451
Burundi,BDI,2017,68.3787
Burundi,BDI,2018,63.02139
Burundi,BDI,2019,59.37642
Burundi,BDI,2020,52.94527
Cambodia,KHM,2001,51.28442
Cambodia,KHM,2002,59.91038
Cambodia,KHM,2003,66.6234
Cambodia,KHM,2004,77.63146
Cambodia,KHM,2005,86.93857
Cambodia,KHM,2006,89.38886
Cambodia,KHM,2007,90.73403
Cambodia,KHM,2008,85.92165
Cambodia,KHM,2009,83.28927
Cambodia,KHM,2010,85.179
Cambodia,KHM,2011,86.18847
Cambodia,KHM,2012,91.04559
Cambodia,KHM,2013,93.69995
Cambodia,KHM,2014,96.09381
Cambodia,KHM,2015,92.95611
Cambodia,KHM,2016,89.054695
Cambodia,KHM,2017,86.74182
Cambodia,KHM,2018,84.675896
Cambodia,KHM,2019,86.71127
Cambodia,KHM,2020,91.99956
Cameroon,CMR,2000,49.51233
Cameroon,CMR,2003,56.61424
Cameroon,CMR,2004,58.58127
Cameroon,CMR,2006,50.86168
Cameroon,CMR,2007,54.11949
Cameroon,CMR,2008,69.96147
Cameroon,CMR,2009,69.69682
Cameroon,CMR,2010,71.67993
Cameroon,CMR,2011,70.71425
Cameroon,CMR,2012,74.24182
Cameroon,CMR,2014,72.77978
Cameroon,CMR,2015,74.17043
Cameroon,CMR,2016,73.39319
Cameroon,CMR,2017,68.21424
Cameroon,CMR,2018,64.47068
Cameroon,CMR,2019,65.49804
Canada,CAN,2000,97.81784
Cape Verde,CPV,2000,105.99315
Cape Verde,CPV,2001,98.75489
Cape Verde,CPV,2002,98.83446
Cape Verde,CPV,2003,98.8822
Cape Verde,CPV,2004,96.1721
Cape Verde,CPV,2005,81.75217
Cape Verde,CPV,2006,94.72468
Cape Verde,CPV,2007,91.75924
Cape Verde,CPV,2008,99.71652
Cape Verde,CPV,2009,96.83359
Cape Verde,CPV,2010,101.10082
Cape Verde,CPV,2011,96.29145
Cape Verde,CPV,2012,97.75908
Cape Verde,CPV,2013,92.35906
Cape Verde,CPV,2014,94.72225
Cape Verde,CPV,2015,95.21536
Cape Verde,CPV,2016,91.03706
Cape Verde,CPV,2017,87.40142
Cape Verde,CPV,2018,87.29021
Cape Verde,CPV,2019,99.99017
Cayman Islands,CYM,2000,102.31579
Cayman Islands,CYM,2001,101.91205
Cayman Islands,CYM,2002,99.47461
Cayman Islands,CYM,2004,86.29921
Cayman Islands,CYM,2005,85.51402
Cayman Islands,CYM,2006,85.96215
Cayman Islands,CYM,2007,88.87147
Cayman Islands,CYM,2008,91.20879
Cayman Islands,CYM,2011,101.66163
Cayman Islands,CYM,2012,100.0
Cayman Islands,CYM,2013,92.63456
Cayman Islands,CYM,2018,89.55224
Central African Republic,CAF,2004,23.84487
Central African Republic,CAF,2005,26.09931
Central African Republic,CAF,2006,26.11194
Central African Republic,CAF,2008,34.81548
Central African Republic,CAF,2009,37.22557
Central African Republic,CAF,2010,39.2278
Central African Republic,CAF,2011,40.87233
Central African Republic,CAF,2012,42.82416
Central African Republic,CAF,2016,40.87417
Central African Republic,CAF,2017,54.70602
Chad,TCD,2000,22.1474
Chad,TCD,2001,24.38902
Chad,TCD,2002,27.11603
Chad,TCD,2003,31.9352
Chad,TCD,2004,33.48507
Chad,TCD,2005,30.09582
Chad,TCD,2006,29.59753
Chad,TCD,2009,31.07718
Chad,TCD,2010,30.86058
Chad,TCD,2011,33.93759
Chad,TCD,2012,34.40066
Chad,TCD,2013,37.66219
Chad,TCD,2015,37.49597
Chad,TCD,2016,41.32026
Chad,TCD,2017,37.92239
Chad,TCD,2018,40.56022
Chile,CHL,2011,95.71445
Chile,CHL,2012,98.82017
Chile,CHL,2013,98.69904
Chile,CHL,2014,98.90056
Chile,CHL,2015,96.97696
Chile,CHL,2016,95.48255
Chile,CHL,2017,94.75356
Chile,CHL,2018,96.2421
Chile,CHL,2019,98.24702
Chile,CHL,2020,101.47511
China,CHN,2006,91.63242
China,CHN,2007,93.34789
China,CHN,2008,99.27694
China,CHN,2009,98.29463
Colombia,COL,2000,96.01168
Colombia,COL,2001,92.80086
Colombia,COL,2002,92.8196
Colombia,COL,2004,100.10397
Colombia,COL,2005,104.17311
Colombia,COL,2006,110.58097
Colombia,COL,2007,112.73173
Colombia,COL,2008,113.02171
Colombia,COL,2009,117.86193
Colombia,COL,2010,116.95599
Colombia,COL,2011,115.31002
Colombia,COL,2012,109.66822
Colombia,COL,2013,99.79444
Colombia,COL,2014,99.2422
Colombia,COL,2015,100.03305
Colombia,COL,2016,101.71125
Colombia,COL,2017,105.9868
Colombia,COL,2018,106.76939
Colombia,COL,2019,106.76573
Colombia,COL,2020,103.75175
Comoros,COM,2002,58.13922
Comoros,COM,2003,57.26399
Comoros,COM,2004,61.90852
Comoros,COM,2007,64.08012
Comoros,COM,2008,73.323
Comoros,COM,2013,74.6988
Comoros,COM,2014,77.67992
Comoros,COM,2016,68.48216
Comoros,COM,2017,76.72008
Congo,COG,2001,56.53613
Congo,COG,2002,59.27043
Congo,COG,2003,55.88826
Congo,COG,2004,80.37814
Congo,COG,2005,70.05938
Congo,COG,2006,75.98784
Congo,COG,2007,74.3582
Congo,COG,2008,69.18699
Congo,COG,2009,68.3948
Congo,COG,2010,68.42873
Congo,COG,2011,74.98303
Congo,COG,2012,71.60604
Congo,COG,2015,71.11394
Congo,COG,2018,67.07708
Costa Rica,CRI,2000,88.31564
Costa Rica,CRI,2001,91.27375
Costa Rica,CRI,2002,93.49245
Costa Rica,CRI,2004,94.08341
Costa Rica,CRI,2005,93.50606
Costa Rica,CRI,2006,90.26893
Costa Rica,CRI,2007,92.70089
Costa Rica,CRI,2008,94.4894
Costa Rica,CRI,2009,97.94899
Costa Rica,CRI,2010,99.32607
Costa Rica,CRI,2011,104.36045
Costa Rica,CRI,2012,102.4104
Costa Rica,CRI,2013,98.64965
Costa Rica,CRI,2014,98.42607
Costa Rica,CRI,2015,99.5866
Costa Rica,CRI,2016,97.32091
Costa Rica,CRI,2017,96.77837
Costa Rica,CRI,2018,98.59437
Costa Rica,CRI,2019,102.73805
Costa Rica,CRI,2020,104.59214
Cote d'Ivoire,CIV,2000,43.29003
Cote d'Ivoire,CIV,2001,49.22525
Cote d'Ivoire,CIV,2006,43.74017
Cote d'Ivoire,CIV,2007,44.91417
Cote d'Ivoire,CIV,2009,45.82095
Cote d'Ivoire,CIV,2011,53.17803
Cote d'Ivoire,CIV,2012,54.47448
Cote d'Ivoire,CIV,2013,53.29364
Cote d'Ivoire,CIV,2014,54.86824
Cote d'Ivoire,CIV,2015,60.44213
Cote d'Ivoire,CIV,2016,64.16321
Cote d'Ivoire,CIV,2017,71.5999
Cote d'Ivoire,CIV,2018,74.60258
Cote d'Ivoire,CIV,2019,78.75085
Cote d'Ivoire,CIV,2020,81.43596
Croatia,HRV,2000,90.88206
Croatia,HRV,2001,95.01475
Croatia,HRV,2002,98.19368
Croatia,HRV,2003,97.35978
Croatia,HRV,2005,103.44709
Croatia,HRV,2006,101.7197
Croatia,HRV,2007,103.87421
Croatia,HRV,2008,98.67824
Croatia,HRV,2009,93.59109
Croatia,HRV,2010,91.27276
Croatia,HRV,2011,93.08901
Croatia,HRV,2012,92.74301
Croatia,HRV,2013,94.96452
Croatia,HRV,2014,97.93856
Croatia,HRV,2015,103.48404
Croatia,HRV,2016,101.02
Croatia,HRV,2017,95.54716
Croatia,HRV,2018,94.84781
Croatia,HRV,2019,94.53154
Croatia,HRV,2020,95.74845
Cuba,CUB,2000,95.54506
Cuba,CUB,2001,95.89135
Cuba,CUB,2002,102.1481
Cuba,CUB,2003,98.56324
Cuba,CUB,2004,96.585
Cuba,CUB,2005,97.92653
Cuba,CUB,2006,95.89934
Cuba,CUB,2007,94.34615
Cuba,CUB,2008,89.0286
Cuba,CUB,2009,95.75438
Cuba,CUB,2010,94.98465
Cuba,CUB,2011,95.78063
Cuba,CUB,2012,94.9207
Cuba,CUB,2013,93.86077
Cuba,CUB,2014,98.09443
Cuba,CUB,2015,97.07624
Cuba,CUB,2016,92.82561
Cuba,CUB,2017,89.52382
Cuba,CUB,2018,84.13141
Cuba,CUB,2019,86.53215
Cuba,CUB,2020,95.30088
Cyprus,CYP,2000,97.6595
Cyprus,CYP,2001,98.04249
Cyprus,CYP,2002,100.45012
Cyprus,CYP,2003,101.18464
Cyprus,CYP,2004,87.55183
Cyprus,CYP,2005,100.0818
Cyprus,CYP,2006,101.14621
Cyprus,CYP,2007,99.95163
Cyprus,CYP,2008,100.24621
Cyprus,CYP,2009,103.16041
Cyprus,CYP,2010,99.31649
Cyprus,CYP,2011,101.7331
Cyprus,CYP,2012,100.06414
Cyprus,CYP,2013,98.33207
Cyprus,CYP,2014,99.82538
Cyprus,CYP,2015,96.81906
Cyprus,CYP,2016,98.46739
Cyprus,CYP,2017,101.26973
Cyprus,CYP,2018,101.8767
Cyprus,CYP,2019,102.5455
Cyprus,CYP,2020,100.3685
Czechia,CZE,2000,99.34734
Czechia,CZE,2001,99.44711
Czechia,CZE,2002,104.01403
Czechia,CZE,2003,99.17994
Czechia,CZE,2004,99.77955
Czechia,CZE,2005,98.93744
Czechia,CZE,2006,93.8982
Czechia,CZE,2007,95.59894
Czechia,CZE,2008,98.50746
Czechia,CZE,2009,103.52328
Czechia,CZE,2010,106.45678
Czechia,CZE,2011,103.75914
Czechia,CZE,2012,100.99044
Czechia,CZE,2013,99.76104
Czechia,CZE,2014,98.16072
Czechia,CZE,2015,96.07079
Czechia,CZE,2016,97.06747
Czechia,CZE,2017,97.84404
Czechia,CZE,2018,98.54006
Czechia,CZE,2019,101.43765
Czechia,CZE,2020,100.5519
Democratic Republic of Congo,COD,2002,42.70937
Democratic Republic of Congo,COD,2007,55.44419
Democratic Republic of Congo,COD,2008,60.51384
Democratic Republic of Congo,COD,2009,63.11711
Democratic Republic of Congo,COD,2010,63.64162
Democratic Republic of Congo,COD,2011,65.57299
Democratic Republic of Congo,COD,2012,70.90409
Democratic Republic of Congo,COD,2013,69.77173
Democratic Republic of Congo,COD,2014,67.6804
Democratic Republic of Congo,COD,2015,69.91117
Democratic Republic of Congo,COD,2020,81.24054
Denmark,DNK,2000,100.14678
Denmark,DNK,2001,101.35879
Denmark,DNK,2002,105.41577
Denmark,DNK,2004,100.65758
Denmark,DNK,2005,100.35957
Denmark,DNK,2006,102.03966
Denmark,DNK,2007,101.75592
Denmark,DNK,2008,100.97058
Denmark,DNK,2009,97.97302
Denmark,DNK,2010,99.11993
Denmark,DNK,2011,99.62967
Denmark,DNK,2012,98.25849
Denmark,DNK,2013,99.27841
Denmark,DNK,2014,98.77498
Denmark,DNK,2015,98.73803
Denmark,DNK,2016,103.88269
Denmark,DNK,2017,103.7764
Denmark,DNK,2018,101.03663
Denmark,DNK,2019,101.89708
Denmark,DNK,2020,98.53519
Djibouti,DJI,2000,26.69269
Djibouti,DJI,2001,26.41596
Djibouti,DJI,2005,33.60457
Djibouti,DJI,2006,38.25157
Djibouti,DJI,2008,44.66271
Djibouti,DJI,2011,50.78262
Djibouti,DJI,2013,50.69831
Djibouti,DJI,2014,59.97707
Djibouti,DJI,2015,65.59613
Djibouti,DJI,2016,67.35251
Djibouti,DJI,2017,62.97632
Djibouti,DJI,2018,66.38029
Djibouti,DJI,2019,65.57845
Djibouti,DJI,2020,63.03197
Dominica,DMA,2000,119.42724
Dominica,DMA,2001,117.71968
Dominica,DMA,2002,100.5472
Dominica,DMA,2003,94.57162
Dominica,DMA,2004,95.10358
Dominica,DMA,2005,93.39045
Dominica,DMA,2006,84.30521
Dominica,DMA,2007,86.15085
Dominica,DMA,2008,82.23281
Dominica,DMA,2009,78.96996
Dominica,DMA,2010,77.03927
Dominica,DMA,2011,86.68262
Dominica,DMA,2012,97.30413
Dominica,DMA,2013,96.42538
Dominica,DMA,2014,100.85714
Dominica,DMA,2015,105.95358
Dominica,DMA,2016,113.9267
Dominican Republic,DOM,2000,78.81883
Dominican Republic,DOM,2002,92.23331
Dominican Republic,DOM,2004,88.62722
Dominican Republic,DOM,2006,85.80622
Dominican Republic,DOM,2007,92.6831
Dominican Republic,DOM,2009,93.8494
Dominican Republic,DOM,2010,92.69574
Dominican Republic,DOM,2011,93.07074
Dominican Republic,DOM,2012,93.52137
Dominican Republic,DOM,2013,94.23554
Dominican Republic,DOM,2014,95.26005
Dominican Republic,DOM,2015,99.52608
Dominican Republic,DOM,2016,99.15803
Dominican Republic,DOM,2017,95.32809
Dominican Republic,DOM,2018,93.12752
Dominican Republic,DOM,2019,93.30409
Dominican Republic,DOM,2020,96.31631
East Timor,TLS,2008,89.07829
East Timor,TLS,2009,78.66719
East Timor,TLS,2010,75.05753
East Timor,TLS,2011,78.77839
East Timor,TLS,2012,83.29223
East Timor,TLS,2013,88.83339
East Timor,TLS,2014,93.34966
East Timor,TLS,2015,100.04952
East Timor,TLS,2016,99.26175
East Timor,TLS,2017,99.891914
East Timor,TLS,2018,103.839485
East Timor,TLS,2019,105.18214
East Timor,TLS,2020,101.28986
Ecuador,ECU,2000,97.24127
Ecuador,ECU,2001,97.66513
Ecuador,ECU,2002,97.31588
Ecuador,ECU,2003,96.6519
Ecuador,ECU,2004,96.30125
Ecuador,ECU,2005,100.41658
Ecuador,ECU,2006,99.77066
Ecuador,ECU,2007,99.12251
Ecuador,ECU,2009,97.21449
Ecuador,ECU,2010,103.19583
Ecuador,ECU,2011,106.97346
Ecuador,ECU,2012,108.20713
Ecuador,ECU,2013,108.69616
Ecuador,ECU,2014,112.22914
Ecuador,ECU,2015,106.40484
Ecuador,ECU,2016,103.55574
Ecuador,ECU,2017,105.41585
Ecuador,ECU,2018,104.43368
Ecuador,ECU,2019,101.4975
Ecuador,ECU,2020,100.61375
Egypt,EGY,2000,91.26548
Egypt,EGY,2001,89.39921
Egypt,EGY,2002,88.23806
Egypt,EGY,2003,88.66969
Egypt,EGY,2004,90.18924
Egypt,EGY,2005,91.97186
Egypt,EGY,2006,87.35761
Egypt,EGY,2007,90.92532
Egypt,EGY,2009,93.51346
Egypt,EGY,2010,96.02799
Egypt,EGY,2013,100.53014
Egypt,EGY,2016,96.90645
Egypt,EGY,2017,97.18955
Egypt,EGY,2018,100.68521
Egypt,EGY,2019,104.6093
El Salvador,SLV,2000,91.04666
El Salvador,SLV,2001,89.80072
El Salvador,SLV,2002,88.49029
El Salvador,SLV,2003,87.85712
El Salvador,SLV,2005,89.13976
El Salvador,SLV,2006,88.98687
El Salvador,SLV,2007,93.26925
El Salvador,SLV,2008,94.73158
El Salvador,SLV,2009,97.46216
El Salvador,SLV,2010,99.7349
El Salvador,SLV,2011,103.33501
El Salvador,SLV,2012,103.40411
El Salvador,SLV,2013,101.83494
El Salvador,SLV,2014,100.10434
Equatorial Guinea,GNQ,2000,45.02633
Equatorial Guinea,GNQ,2003,36.59059
Equatorial Guinea,GNQ,2005,43.90512
Equatorial Guinea,GNQ,2008,41.04966
Equatorial Guinea,GNQ,2009,42.9639
Equatorial Guinea,GNQ,2010,44.38116
Equatorial Guinea,GNQ,2011,42.45682
Equatorial Guinea,GNQ,2012,44.01268
Equatorial Guinea,GNQ,2015,40.77592
Eritrea,ERI,2000,48.50745
Eritrea,ERI,2001,49.49895
Eritrea,ERI,2002,48.97085
Eritrea,ERI,2003,55.22575
Eritrea,ERI,2004,64.33746
Eritrea,ERI,2005,79.40329
Eritrea,ERI,2006,79.7165
Eritrea,ERI,2007,79.34433
Eritrea,ERI,2008,82.01907
Eritrea,ERI,2009,87.97069
Eritrea,ERI,2010,76.33065
Eritrea,ERI,2011,73.28091
Eritrea,ERI,2012,66.08584
Eritrea,ERI,2013,61.04223
Eritrea,ERI,2014,62.395912
Eritrea,ERI,2015,62.84111
Eritrea,ERI,2017,64.18666
Eritrea,ERI,2018,60.27051
Eritrea,ERI,2019,55.573803
Estonia,EST,2000,95.66775
Estonia,EST,2001,101.40708
Estonia,EST,2002,102.95114
Estonia,EST,2003,106.30589
Estonia,EST,2004,102.32172
Estonia,EST,2005,102.63627
Estonia,EST,2006,94.97764
Estonia,EST,2007,94.75235
Estonia,EST,2008,95.45355
Estonia,EST,2009,98.74659
Estonia,EST,2010,100.63428
Estonia,EST,2011,101.43133
Estonia,EST,2012,103.81794
Estonia,EST,2013,104.32083
Estonia,EST,2014,100.09243
Estonia,EST,2015,98.76664
Estonia,EST,2016,96.44263
Estonia,EST,2017,97.23144
Estonia,EST,2018,96.69463
Estonia,EST,2019,97.43179
Estonia,EST,2020,97.87861
Eswatini,SWZ,2000,69.66107
Eswatini,SWZ,2001,66.96278
Eswatini,SWZ,2002,69.46579
Eswatini,SWZ,2003,66.40332
Eswatini,SWZ,2004,68.15931
Eswatini,SWZ,2005,70.59431
Eswatini,SWZ,2006,72.02888
Eswatini,SWZ,2007,80.49995
Eswatini,SWZ,2009,79.07493
Eswatini,SWZ,2010,83.22717
Eswatini,SWZ,2011,83.80321
Eswatini,SWZ,2012,84.69747
Eswatini,SWZ,2013,86.04703
Eswatini,SWZ,2014,84.54666
Eswatini,SWZ,2015,89.14315
Eswatini,SWZ,2016,95.14886
Eswatini,SWZ,2017,95.81927
Eswatini,SWZ,2018,94.48487
Eswatini,SWZ,2019,88.59643
Ethiopia,ETH,2000,22.31556
Ethiopia,ETH,2001,27.74431
Ethiopia,ETH,2002,31.60785
Ethiopia,ETH,2003,34.92633
Ethiopia,ETH,2004,37.69917
Ethiopia,ETH,2005,43.46148
Ethiopia,ETH,2006,47.19114
Ethiopia,ETH,2007,47.29252
Ethiopia,ETH,2008,49.45279
Ethiopia,ETH,2009,51.35951
Ethiopia,ETH,2010,57.70274
Ethiopia,ETH,2011,52.54763
Ethiopia,ETH,2012,50.30797
Ethiopia,ETH,2013,53.32957
Ethiopia,ETH,2014,53.38833
Ethiopia,ETH,2015,54.1109
Ethiopia,ETH,2016,61.57915
Ethiopia,ETH,2017,63.68956
Ethiopia,ETH,2019,67.74021
Ethiopia,ETH,2020,68.08429
Fiji,FJI,2000,95.01059
Fiji,FJI,2001,97.06312
Fiji,FJI,2002,102.01143
Fiji,FJI,2004,109.3514
Fiji,FJI,2006,111.53127
Fiji,FJI,2008,105.87828
Fiji,FJI,2009,105.14678
Fiji,FJI,2011,104.66778
Fiji,FJI,2012,106.26053
Fiji,FJI,2013,106.87198
Fiji,FJI,2014,108.15872
Fiji,FJI,2015,113.18483
Fiji,FJI,2016,106.724945
Fiji,FJI,2017,107.14286
Fiji,FJI,2018,107.09828
Fiji,FJI,2019,108.86977
Fiji,FJI,2020,107.327614
Finland,FIN,2000,96.20359
Finland,FIN,2001,102.1508
Finland,FIN,2002,100.87145
Finland,FIN,2003,101.91707
Finland,FIN,2004,100.18132
Finland,FIN,2005,100.19322
Finland,FIN,2006,96.77712
Finland,FIN,2007,98.18777
Finland,FIN,2008,98.77861
Finland,FIN,2009,97.86471
Finland,FIN,2010,98.62905
Finland,FIN,2011,98.20484
Finland,FIN,2012,100.03097
Finland,FIN,2013,99.63838
Finland,FIN,2014,98.88854
Finland,FIN,2015,99.03192
Finland,FIN,2016,100.88497
Finland,FIN,2017,101.49832
Finland,FIN,2018,100.37381
Finland,FIN,2019,100.97608
Finland,FIN,2020,99.03176
France,FRA,2000,92.93037
Gabon,GAB,2002,73.26525
Gabon,GAB,2003,71.19044
Gabon,GAB,2019,78.42915
Gambia,GMB,2000,66.12758
Gambia,GMB,2001,65.97637
Gambia,GMB,2002,63.36499
Gambia,GMB,2003,65.83168
Gambia,GMB,2004,64.35019
Gambia,GMB,2005,61.29162
Gambia,GMB,2006,59.51029
Gambia,GMB,2007,66.33713
Gambia,GMB,2008,72.35039
Gambia,GMB,2010,67.10289
Gambia,GMB,2011,63.97331
Gambia,GMB,2012,65.68311
Gambia,GMB,2013,66.418
Gambia,GMB,2014,66.99941
Gambia,GMB,2015,67.4725
Gambia,GMB,2016,69.27261
Gambia,GMB,2017,72.046
Gambia,GMB,2018,74.71024
Gambia,GMB,2019,78.94251
Gambia,GMB,2020,82.26425
Georgia,GEO,2000,118.08933
Georgia,GEO,2001,120.99609
Georgia,GEO,2002,118.18967
Georgia,GEO,2003,106.50509
Georgia,GEO,2004,112.07045
Georgia,GEO,2005,97.77066
Georgia,GEO,2006,92.03657
Georgia,GEO,2007,98.81681
Georgia,GEO,2008,102.38039
Georgia,GEO,2009,105.07451
Georgia,GEO,2010,106.47366
Georgia,GEO,2012,101.43681
Georgia,GEO,2013,104.25811
Georgia,GEO,2014,103.50474
Georgia,GEO,2015,102.94138
Georgia,GEO,2016,115.43395
Georgia,GEO,2017,113.7016
Georgia,GEO,2018,95.50823
Georgia,GEO,2019,92.82787
Georgia,GEO,2020,93.53005
Germany,DEU,2000,104.34692
Germany,DEU,2001,105.79571
Germany,DEU,2002,101.67014
Germany,DEU,2003,100.68124
Germany,DEU,2004,99.47027
Germany,DEU,2005,96.87964
Germany,DEU,2006,98.4968
Germany,DEU,2007,103.53698
Germany,DEU,2008,101.97903
Germany,DEU,2009,102.3838
Germany,DEU,2010,102.01535
Germany,DEU,2011,101.56688
Germany,DEU,2012,98.65314
Germany,DEU,2013,98.39869
Germany,DEU,2014,97.28271
Germany,DEU,2015,98.9183
Germany,DEU,2016,97.9372
Germany,DEU,2017,98.80514
Germany,DEU,2018,100.84332
Germany,DEU,2019,99.0178
Germany,DEU,2020,98.56956
Ghana,GHA,2000,69.08267
Ghana,GHA,2001,65.44559
Ghana,GHA,2002,67.09993
Ghana,GHA,2003,68.19153
Ghana,GHA,2004,67.30166
Ghana,GHA,2005,73.07195
Ghana,GHA,2006,69.42504
Ghana,GHA,2007,74.65209
Ghana,GHA,2008,79.99891
Ghana,GHA,2009,81.27579
Ghana,GHA,2011,88.06565
Ghana,GHA,2012,93.86433
Ghana,GHA,2013,94.82469
Ghana,GHA,2014,93.65453
Ghana,GHA,2015,98.75622
Ghana,GHA,2017,94.72446
Ghana,GHA,2018,93.80911
Gibraltar,GIB,2016,94.68085
Gibraltar,GIB,2017,92.25806
Gibraltar,GIB,2019,100.21834
Gibraltar,GIB,2020,105.94714
Greece,GRC,2004,99.29267
Greece,GRC,2005,96.45877
Greece,GRC,2006,99.09316
Greece,GRC,2007,97.38446
Greece,GRC,2010,95.3191
Greece,GRC,2011,93.15334
Greece,GRC,2012,96.98412
Greece,GRC,2013,95.35901
Greece,GRC,2014,95.57611
Greece,GRC,2015,97.35756
Greece,GRC,2016,97.33734
Greece,GRC,2017,96.76636
Greece,GRC,2018,97.93238
Greece,GRC,2019,96.35046
Greece,GRC,2020,100.60332
Grenada,GRD,2002,96.46629
Grenada,GRD,2003,107.04165
Grenada,GRD,2005,108.76699
Grenada,GRD,2007,105.18186
Grenada,GRD,2008,120.01026
Grenada,GRD,2009,132.4367
Grenada,GRD,2010,123.12296
Grenada,GRD,2013,108.75547
Grenada,GRD,2014,104.64356
Grenada,GRD,2015,128.2345
Grenada,GRD,2017,120.99553
Grenada,GRD,2018,123.00123
Guatemala,GTM,2000,55.51237
Guatemala,GTM,2001,58.03934
Guatemala,GTM,2002,61.58016
Guatemala,GTM,2004,67.26301
Guatemala,GTM,2005,70.9242
Guatemala,GTM,2006,73.92884
Guatemala,GTM,2007,74.67053
Guatemala,GTM,2008,77.55817
Guatemala,GTM,2009,81.62691
Guatemala,GTM,2010,83.62597
Guatemala,GTM,2011,85.79242
Guatemala,GTM,2012,84.75212
Guatemala,GTM,2013,84.86329
Guatemala,GTM,2014,84.66949
Guatemala,GTM,2015,82.71167
Guatemala,GTM,2016,79.13231
Guatemala,GTM,2017,79.94133
Guatemala,GTM,2018,79.69038
Guatemala,GTM,2019,79.13033
Guatemala,GTM,2020,80.73669
Guinea,GIN,2000,31.67451
Guinea,GIN,2001,33.42895
Guinea,GIN,2002,37.352
Guinea,GIN,2003,37.54305
Guinea,GIN,2004,47.19325
Guinea,GIN,2005,53.20788
Guinea,GIN,2006,57.48635
Guinea,GIN,2007,57.76227
Guinea,GIN,2008,50.64951
Guinea,GIN,2009,56.75359
Guinea,GIN,2010,56.91796
Guinea,GIN,2011,59.05986
Guinea,GIN,2012,60.10138
Guinea,GIN,2013,60.82592
Guinea,GIN,2014,62.25954
Guinea,GIN,2015,60.29755
Guinea,GIN,2016,59.66737
Guinea,GIN,2017,53.24326
Guinea,GIN,2018,54.77412
Guinea,GIN,2019,55.2608
Guinea,GIN,2020,59.35111
Guinea-Bissau,GNB,2000,28.31343
Guinea-Bissau,GNB,2010,65.14252
Guyana,GUY,2000,107.87935
Guyana,GUY,2001,92.67053
Guyana,GUY,2003,77.53695
Guyana,GUY,2005,93.45907
Guyana,GUY,2006,93.79519
Guyana,GUY,2007,94.0495
Guyana,GUY,2008,95.53241
Guyana,GUY,2009,98.44822
Guyana,GUY,2010,92.71179
Guyana,GUY,2011,97.63735
Guyana,GUY,2012,97.37594
Honduras,HND,2003,77.66988
Honduras,HND,2005,77.2666
Honduras,HND,2006,81.94037
Honduras,HND,2008,79.56629
Honduras,HND,2009,81.09689
Honduras,HND,2010,84.94979
Honduras,HND,2011,87.47505
Honduras,HND,2012,86.82107
Honduras,HND,2013,80.90408
Honduras,HND,2014,77.19141
Hong Kong,HKG,2012,100.7627
Hong Kong,HKG,2013,99.0784
Hong Kong,HKG,2014,102.26783
Hong Kong,HKG,2015,105.0825
Hong Kong,HKG,2016,104.1517
Hong Kong,HKG,2017,103.11366
Hong Kong,HKG,2018,104.49423
Hong Kong,HKG,2019,106.73275
Hong Kong,HKG,2020,105.4182
Hungary,HUN,2000,96.41895
Hungary,HUN,2001,98.01668
Hungary,HUN,2002,99.41333
Hungary,HUN,2003,96.1854
Hungary,HUN,2004,94.62101
Hungary,HUN,2005,93.81266
Hungary,HUN,2006,98.76646
Hungary,HUN,2007,95.02565
Hungary,HUN,2008,96.58942
Hungary,HUN,2009,96.79566
Hungary,HUN,2010,97.10366
Hungary,HUN,2011,98.72742
Hungary,HUN,2012,97.53673
Hungary,HUN,2013,97.71342
Hungary,HUN,2014,96.46964
Hungary,HUN,2015,96.95035
Hungary,HUN,2016,98.59476
Hungary,HUN,2017,105.05003
Hungary,HUN,2018,98.84925
Hungary,HUN,2019,95.60597
Hungary,HUN,2020,94.42461
Iceland,ISL,2000,99.7825
Iceland,ISL,2001,111.93043
Iceland,ISL,2002,106.06061
Iceland,ISL,2003,109.3578
Iceland,ISL,2004,98.46871
Iceland,ISL,2005,98.52312
Iceland,ISL,2006,96.78497
Iceland,ISL,2007,94.98314
Iceland,ISL,2008,94.78129
Iceland,ISL,2009,98.98027
Iceland,ISL,2010,98.02003
Iceland,ISL,2011,99.86001
Iceland,ISL,2012,98.16384
Iceland,ISL,2013,102.4735
Iceland,ISL,2014,98.06101
Iceland,ISL,2015,96.57388
Iceland,ISL,2016,99.95251
Iceland,ISL,2017,101.84149
Iceland,ISL,2018,99.20509
Iceland,ISL,2019,100.97604
Iceland,ISL,2020,99.37202
India,IND,2000,71.48611
India,IND,2001,72.16954
India,IND,2002,75.56007
India,IND,2003,80.04438
India,IND,2008,94.75758
India,IND,2009,95.74629
India,IND,2011,92.76336
India,IND,2013,96.20089
India,IND,2014,97.57112
India,IND,2015,97.71132
India,IND,2016,96.2307
India,IND,2017,94.37375
India,IND,2019,91.66149
India,IND,2020,94.559135
Indonesia,IDN,2001,93.75627
Indonesia,IDN,2002,95.05402
Indonesia,IDN,2003,95.65924
Indonesia,IDN,2004,95.5957
Indonesia,IDN,2005,94.27344
Indonesia,IDN,2006,92.5609
Indonesia,IDN,2007,96.64581
Indonesia,IDN,2008,96.6926
Indonesia,IDN,2009,98.54909
Indonesia,IDN,2010,100.58909
Indonesia,IDN,2012,103.09826
Indonesia,IDN,2013,101.14563
Indonesia,IDN,2014,103.45153
Indonesia,IDN,2017,100.82592
Indonesia,IDN,2018,102.33484
Iran,IRN,2000,90.7171
Iran,IRN,2001,95.96119
Iran,IRN,2002,97.4656
Iran,IRN,2003,94.36323
Iran,IRN,2004,104.55624
Iran,IRN,2005,106.15255
Iran,IRN,2006,96.41342
Iran,IRN,2007,92.16934
Iran,IRN,2008,94.42535
Iran,IRN,2009,98.14306
Iran,IRN,2010,99.45253
Iran,IRN,2011,98.78841
Iran,IRN,2012,97.20739
Iran,IRN,2015,98.3015
Iran,IRN,2016,100.26438
Iran,IRN,2017,99.43879
Iran,IRN,2019,100.25823
Iran,IRN,2020,101.06068
Iraq,IRQ,2000,56.27178
Iraq,IRQ,2004,79.61645
Iraq,IRQ,2007,66.99707
Ireland,IRL,2000,96.64121
Ireland,IRL,2001,94.71307
Ireland,IRL,2002,94.96613
Ireland,IRL,2003,94.87362
Ireland,IRL,2004,95.52036
Ireland,IRL,2005,94.95695
Ireland,IRL,2013,97.81538
Ireland,IRL,2014,99.83773
Ireland,IRL,2015,98.70778
Ireland,IRL,2016,99.69188
Ireland,IRL,2017,98.28806
Ireland,IRL,2018,97.32834
Ireland,IRL,2019,100.63232
Ireland,IRL,2020,98.97643
Israel,ISR,2002,105.72187
Israel,ISR,2003,105.79345
Israel,ISR,2004,109.42739
Israel,ISR,2005,105.379
Israel,ISR,2006,103.94825
Israel,ISR,2007,104.74735
Israel,ISR,2008,101.45564
Israel,ISR,2009,104.58456
Israel,ISR,2010,102.82708
Israel,ISR,2011,102.11888
Israel,ISR,2012,107.08471
Israel,ISR,2013,102.85441
Israel,ISR,2014,103.6382
Israel,ISR,2015,110.05703
Israel,ISR,2016,103.57875
Israel,ISR,2017,105.55797
Israel,ISR,2018,102.43975
Israel,ISR,2019,101.97083
Israel,ISR,2020,107.29989
Italy,ITA,2000,101.74487
Italy,ITA,2001,104.91228
Italy,ITA,2002,103.36188
Italy,ITA,2003,103.70881
Italy,ITA,2004,102.13256
Italy,ITA,2005,100.30556
Italy,ITA,2006,100.41952
Italy,ITA,2007,102.36107
Italy,ITA,2008,105.73237
Italy,ITA,2009,103.60319
Italy,ITA,2010,104.2058
Italy,ITA,2011,105.36386
Italy,ITA,2012,101.41619
Italy,ITA,2013,100.35933
Italy,ITA,2014,100.11274
Italy,ITA,2015,99.80955
Italy,ITA,2016,97.74971
Italy,ITA,2017,98.81698
Italy,ITA,2018,97.64672
Italy,ITA,2019,97.63696
Italy,ITA,2020,97.55294
Jamaica,JAM,2000,86.36895
Jamaica,JAM,2001,80.85038
Jamaica,JAM,2002,86.6745
Jamaica,JAM,2004,86.59801
Jamaica,JAM,2007,85.98454
Jamaica,JAM,2013,81.38193
Jamaica,JAM,2014,79.51926
Jamaica,JAM,2015,79.25956
Jamaica,JAM,2016,79.69507
Jamaica,JAM,2017,80.92994
Jamaica,JAM,2018,78.89026
Jamaica,JAM,2019,76.9197
Jordan,JOR,2000,94.4665
Jordan,JOR,2002,90.38475
Jordan,JOR,2003,92.94633
Jordan,JOR,2004,93.22077
Jordan,JOR,2005,96.1615
Jordan,JOR,2006,93.67273
Jordan,JOR,2007,96.56779
Jordan,JOR,2008,94.69017
Jordan,JOR,2011,77.24939
Jordan,JOR,2013,73.82997
Jordan,JOR,2014,75.16387
Jordan,JOR,2016,72.06589
Jordan,JOR,2017,71.33764
Jordan,JOR,2018,72.70051
Jordan,JOR,2019,81.67272
Jordan,JOR,2020,81.60357
Kazakhstan,KAZ,2000,93.19256
Kazakhstan,KAZ,2001,95.47871
Kazakhstan,KAZ,2002,96.79334
Kazakhstan,KAZ,2003,98.0269
Kazakhstan,KAZ,2004,104.86485
Kazakhstan,KAZ,2005,105.762
Kazakhstan,KAZ,2006,101.84858
Kazakhstan,KAZ,2007,98.3568
Kazakhstan,KAZ,2008,102.45079
Kazakhstan,KAZ,2009,104.11331
Kazakhstan,KAZ,2010,107.44879
Kazakhstan,KAZ,2011,114.14059
Kazakhstan,KAZ,2012,107.51928
Kazakhstan,KAZ,2013,109.31726
Kazakhstan,KAZ,2014,115.15439
Kazakhstan,KAZ,2015,114.27253
Kazakhstan,KAZ,2016,110.29858
Kazakhstan,KAZ,2017,109.6561
Kazakhstan,KAZ,2018,110.3839
Kazakhstan,KAZ,2019,106.37735
Kazakhstan,KAZ,2020,102.0028
Kenya,KEN,2004,86.32242
Kenya,KEN,2005,86.9425
Kenya,KEN,2014,97.201
Kenya,KEN,2015,99.1434
Kenya,KEN,2016,99.67874
Kiribati,KIR,2000,98.97817
Kiribati,KIR,2001,117.16521
Kiribati,KIR,2002,111.30515
Kiribati,KIR,2003,119.62704
Kiribati,KIR,2004,123.06604
Kiribati,KIR,2005,122.92052
Kiribati,KIR,2006,113.21244
Kiribati,KIR,2007,118.30228
Kiribati,KIR,2008,106.25
Kiribati,KIR,2014,113.18093
Kiribati,KIR,2015,93.88811
Kiribati,KIR,2016,100.86957
Kiribati,KIR,2020,93.4304
Kuwait,KWT,2000,99.54678
Kuwait,KWT,2001,87.31303
Kuwait,KWT,2002,93.39803
Kuwait,KWT,2003,98.4588
Kuwait,KWT,2004,100.62793
Kuwait,KWT,2005,111.69059
Kuwait,KWT,2007,106.4244
Kuwait,KWT,2010,97.45946
Kuwait,KWT,2011,98.99493
Kuwait,KWT,2012,97.88351
Kuwait,KWT,2013,100.0
Kuwait,KWT,2016,100.579
Kuwait,KWT,2017,95.37189
Kuwait,KWT,2018,91.81941
Kuwait,KWT,2019,84.59256
Kuwait,KWT,2020,83.89556
Kyrgyzstan,KGZ,2000,93.64906
Kyrgyzstan,KGZ,2001,93.55748
Kyrgyzstan,KGZ,2002,93.72249
Kyrgyzstan,KGZ,2003,90.65829
Kyrgyzstan,KGZ,2004,92.86183
Kyrgyzstan,KGZ,2005,97.62499
Kyrgyzstan,KGZ,2006,101.51398
Kyrgyzstan,KGZ,2007,97.08724
Kyrgyzstan,KGZ,2008,95.51502
Kyrgyzstan,KGZ,2009,98.01081
Kyrgyzstan,KGZ,2010,97.05923
Kyrgyzstan,KGZ,2011,95.32794
Kyrgyzstan,KGZ,2012,95.74698
Kyrgyzstan,KGZ,2013,99.34651
Kyrgyzstan,KGZ,2014,102.27266
Kyrgyzstan,KGZ,2015,108.20036
Kyrgyzstan,KGZ,2016,101.78587
Kyrgyzstan,KGZ,2017,101.55687
Kyrgyzstan,KGZ,2018,104.51629
Kyrgyzstan,KGZ,2019,108.61537
Kyrgyzstan,KGZ,2020,108.14181
Laos,LAO,2000,67.38773
Laos,LAO,2001,67.54495
Laos,LAO,2002,67.98867
Laos,LAO,2003,67.47633
Laos,LAO,2004,67.82992
Laos,LAO,2005,70.1624
Laos,LAO,2006,73.94615
Laos,LAO,2007,76.45172
Laos,LAO,2008,78.75924
Laos,LAO,2009,81.76179
Laos,LAO,2010,85.67514
Laos,LAO,2011,91.37177
Laos,LAO,2012,95.03048
Laos,LAO,2013,99.32384
Laos,LAO,2014,100.785934
Laos,LAO,2015,101.01142
Laos,LAO,2016,99.73227
Laos,LAO,2017,101.396866
Laos,LAO,2018,97.89004
Laos,LAO,2019,92.16833
Laos,LAO,2020,89.028755
Latvia,LVA,2000,99.42995
Latvia,LVA,2001,100.46699
Latvia,LVA,2002,99.56718
Latvia,LVA,2003,101.00831
Latvia,LVA,2004,104.95696
Latvia,LVA,2005,102.00335
Latvia,LVA,2006,102.69388
Latvia,LVA,2007,101.66496
Latvia,LVA,2008,102.37862
Latvia,LVA,2009,101.09027
Latvia,LVA,2010,102.19276
Latvia,LVA,2011,99.76601
Latvia,LVA,2012,98.53287
Latvia,LVA,2013,99.41633
Latvia,LVA,2014,100.35784
Latvia,LVA,2015,100.01095
Latvia,LVA,2016,98.0601
Latvia,LVA,2017,99.31181
Latvia,LVA,2018,98.39914
Latvia,LVA,2019,98.30753
Latvia,LVA,2020,98.32876
Lesotho,LSO,2000,56.74876
Lesotho,LSO,2001,59.65581
Lesotho,LSO,2002,62.1578
Lesotho,LSO,2003,65.57006
Lesotho,LSO,2004,69.29904
Lesotho,LSO,2005,65.79829
Lesotho,LSO,2006,85.58231
Lesotho,LSO,2007,82.58884
Lesotho,LSO,2008,81.52989
Lesotho,LSO,2009,83.21072
Lesotho,LSO,2010,86.99314
Lesotho,LSO,2011,85.57065
Lesotho,LSO,2012,83.27728
Lesotho,LSO,2013,82.98185
Lesotho,LSO,2014,82.23049
Lesotho,LSO,2015,81.75555
Lesotho,LSO,2016,85.62885
Lesotho,LSO,2018,101.55666
Lesotho,LSO,2019,90.690605
Liberia,LBR,2006,66.62626
Liberia,LBR,2008,62.91722
Liberia,LBR,2009,62.08823
Liberia,LBR,2011,66.84978
Liberia,LBR,2014,60.00973
Liberia,LBR,2017,60.5954
Liechtenstein,LIE,2003,90.38902
Liechtenstein,LIE,2004,109.02062
Liechtenstein,LIE,2005,106.31068
Liechtenstein,LIE,2006,101.78117
Liechtenstein,LIE,2007,102.86976
Liechtenstein,LIE,2008,103.64964
Liechtenstein,LIE,2009,94.59459
Liechtenstein,LIE,2010,111.05398
Liechtenstein,LIE,2011,100.74257
Liechtenstein,LIE,2012,102.23881
Liechtenstein,LIE,2014,92.24806
Liechtenstein,LIE,2015,105.74713
Liechtenstein,LIE,2016,100.25189
Liechtenstein,LIE,2017,90.43928
Liechtenstein,LIE,2018,107.32984
Liechtenstein,LIE,2019,94.4591
Liechtenstein,LIE,2020,104.37158
Lithuania,LTU,2000,101.90319
Lithuania,LTU,2001,102.72063
Lithuania,LTU,2002,102.56753
Lithuania,LTU,2003,101.36677
Lithuania,LTU,2004,103.25766
Lithuania,LTU,2005,102.04354
Lithuania,LTU,2006,102.38199
Lithuania,LTU,2007,104.21471
Lithuania,LTU,2008,98.42683
Lithuania,LTU,2009,99.07627
Lithuania,LTU,2010,99.36398
Lithuania,LTU,2011,99.09666
Lithuania,LTU,2012,101.10349
Lithuania,LTU,2013,101.388
Lithuania,LTU,2014,100.75017
Lithuania,LTU,2015,100.73502
Lithuania,LTU,2016,101.88998
Lithuania,LTU,2017,102.00116
Lithuania,LTU,2018,104.2856
Lithuania,LTU,2019,104.26027
Lithuania,LTU,2020,103.63448
Luxembourg,LUX,2010,84.28455
Luxembourg,LUX,2011,84.36893
Luxembourg,LUX,2012,85.84982
Luxembourg,LUX,2013,82.23399
Luxembourg,LUX,2014,79.67519
Luxembourg,LUX,2015,79.15052
Luxembourg,LUX,2016,79.07543
Luxembourg,LUX,2017,80.28714
Luxembourg,LUX,2018,79.64602
Luxembourg,LUX,2019,82.21828
Luxembourg,LUX,2020,84.04066
Macao,MAC,2000,98.33944
Macao,MAC,2001,97.65399
Macao,MAC,2002,96.72071
Macao,MAC,2003,93.08075
Macao,MAC,2004,96.53009
Macao,MAC,2005,89.4146
Macao,MAC,2006,94.60598
Macao,MAC,2007,92.86459
Macao,MAC,2008,92.93219
Macao,MAC,2009,90.99761
Macao,MAC,2010,92.4899
Macao,MAC,2011,93.04262
Macao,MAC,2012,94.08878
Macao,MAC,2013,90.11976
Macao,MAC,2014,93.26971
Macao,MAC,2015,93.86437
Macao,MAC,2016,98.21862
Macao,MAC,2017,100.95143
Macao,MAC,2018,101.08057
Macao,MAC,2019,103.83422
Macao,MAC,2020,103.1875
Madagascar,MDG,2000,36.70574
Madagascar,MDG,2001,36.19732
Madagascar,MDG,2002,36.25742
Madagascar,MDG,2003,40.09122
Madagascar,MDG,2004,45.97765
Madagascar,MDG,2005,58.28878
Madagascar,MDG,2006,57.07948
Madagascar,MDG,2007,61.22326
Madagascar,MDG,2008,67.43195
Madagascar,MDG,2009,73.94528
Madagascar,MDG,2010,70.37521
Madagascar,MDG,2011,70.69733
Madagascar,MDG,2012,69.12863
Madagascar,MDG,2013,67.96189
Madagascar,MDG,2014,68.1987
Madagascar,MDG,2015,68.65421
Madagascar,MDG,2016,67.57843
Madagascar,MDG,2017,67.00713
Madagascar,MDG,2018,65.46877
Madagascar,MDG,2019,63.27682
Malawi,MWI,2000,63.48489
Malawi,MWI,2001,65.07367
Malawi,MWI,2002,68.62548
Malawi,MWI,2004,60.58399
Malawi,MWI,2005,60.37607
Malawi,MWI,2006,59.8608
Malawi,MWI,2007,60.64087
Malawi,MWI,2008,65.31299
Malawi,MWI,2009,66.76926
Malawi,MWI,2010,69.20667
Malawi,MWI,2011,71.6099
Malawi,MWI,2012,74.80018
Malawi,MWI,2013,80.04419
Malawi,MWI,2014,80.00207
Malawi,MWI,2019,80.34859
Malaysia,MYS,2000,100.66891
Malaysia,MYS,2002,92.83458
Malaysia,MYS,2003,93.5688
Malaysia,MYS,2004,98.23886
Malaysia,MYS,2005,103.80972
Malaysia,MYS,2006,99.90333
Malaysia,MYS,2007,97.90133
Malaysia,MYS,2008,98.89887
Malaysia,MYS,2009,99.55062
Malaysia,MYS,2010,97.25932
Malaysia,MYS,2011,99.982445
Malaysia,MYS,2012,106.72836
Malaysia,MYS,2013,102.85577
Malaysia,MYS,2014,102.29984
Malaysia,MYS,2015,101.75999
Malaysia,MYS,2016,100.00881
Malaysia,MYS,2017,99.4916
Malaysia,MYS,2018,99.363464
Malaysia,MYS,2019,100.657364
Malaysia,MYS,2020,104.63967
Maldives,MDV,2005,134.54251
Maldives,MDV,2006,126.08752
Maldives,MDV,2008,112.17643
Maldives,MDV,2009,120.0
Maldives,MDV,2010,115.66584
Maldives,MDV,2011,109.78186
Maldives,MDV,2012,99.51674
Maldives,MDV,2013,94.7153
Maldives,MDV,2014,102.36837
Maldives,MDV,2015,103.691
Maldives,MDV,2016,106.95806
Maldives,MDV,2017,97.35546
Maldives,MDV,2018,93.17412
Maldives,MDV,2019,91.66667
Mali,MLI,2000,31.06593
Mali,MLI,2001,35.1238
Mali,MLI,2002,36.02548
Mali,MLI,2003,39.05849
Mali,MLI,2004,40.85932
Mali,MLI,2005,42.2631
Mali,MLI,2006,47.31689
Mali,MLI,2007,50.29813
Mali,MLI,2008,52.92718
Mali,MLI,2009,54.47352
Mali,MLI,2010,57.57083
Mali,MLI,2011,58.27115
Mali,MLI,2012,54.55113
Mali,MLI,2013,54.25203
Mali,MLI,2014,53.20569
Mali,MLI,2015,50.92628
Mali,MLI,2016,51.04618
Mali,MLI,2017,49.61439
Malta,MLT,2000,106.99213
Malta,MLT,2001,105.85455
Malta,MLT,2002,106.08009
Malta,MLT,2003,103.44253
Malta,MLT,2004,99.96269
Malta,MLT,2005,96.12183
Malta,MLT,2006,100.01935
Malta,MLT,2007,97.93711
Malta,MLT,2008,101.28738
Malta,MLT,2009,95.12616
Malta,MLT,2010,99.79793
Malta,MLT,2011,101.19354
Malta,MLT,2012,94.63768
Malta,MLT,2013,97.98257
Malta,MLT,2014,102.67994
Malta,MLT,2015,100.20571
Malta,MLT,2016,101.80524
Malta,MLT,2017,101.93419
Malta,MLT,2018,103.57764
Malta,MLT,2019,108.30263
Malta,MLT,2020,109.02237
Marshall Islands,MHL,2002,108.76068
Marshall Islands,MHL,2003,96.88474
Marshall Islands,MHL,2005,103.11355
Marshall Islands,MHL,2006,106.59945
Marshall Islands,MHL,2007,103.98959
Marshall Islands,MHL,2008,99.50454
Marshall Islands,MHL,2009,94.7451
Marshall Islands,MHL,2011,86.86652
Marshall Islands,MHL,2016,70.85459
Marshall Islands,MHL,2019,77.29625
Marshall Islands,MHL,2020,71.69811
Mauritania,MRT,2001,44.76181
Mauritania,MRT,2002,42.78839
Mauritania,MRT,2005,43.46978
Mauritania,MRT,2006,44.63147
Mauritania,MRT,2007,56.34514
Mauritania,MRT,2009,69.21951
Mauritania,MRT,2012,70.43614
Mauritania,MRT,2013,72.62331
Mauritania,MRT,2014,69.68059
Mauritania,MRT,2015,70.39259
Mauritania,MRT,2017,69.71431
Mauritania,MRT,2018,76.05602
Mauritania,MRT,2019,72.90973
Mauritius,MUS,2000,102.79398
Mauritius,MUS,2001,101.88956
Mauritius,MUS,2002,98.338
Mauritius,MUS,2003,99.16805
Mauritius,MUS,2004,96.03674
Mauritius,MUS,2005,97.48793
Mauritius,MUS,2006,95.00874
Mauritius,MUS,2007,97.42126
Mauritius,MUS,2008,97.0626
Mauritius,MUS,2009,94.79415
Mauritius,MUS,2010,99.26861
Mauritius,MUS,2011,98.42845
Mauritius,MUS,2012,95.62267
Mauritius,MUS,2013,97.34062
Mauritius,MUS,2014,96.91483
Mauritius,MUS,2015,100.48056
Mauritius,MUS,2016,101.06866
Mauritius,MUS,2017,98.20008
Mauritius,MUS,2018,100.79118
Mauritius,MUS,2019,98.51373
Mauritius,MUS,2020,96.37744
Mexico,MEX,2000,96.64558
Mexico,MEX,2001,97.434
Mexico,MEX,2002,99.04663
Mexico,MEX,2003,98.93366
Mexico,MEX,2004,100.29503
Mexico,MEX,2005,100.57364
Mexico,MEX,2006,100.8882
Mexico,MEX,2007,101.96069
Mexico,MEX,2008,101.29036
Mexico,MEX,2009,99.82452
Mexico,MEX,2010,100.23939
Mexico,MEX,2011,100.19753
Mexico,MEX,2012,106.01101
Mexico,MEX,2013,109.42504
Mexico,MEX,2014,110.50884
Mexico,MEX,2015,104.90982
Mexico,MEX,2016,103.96939
Mexico,MEX,2017,104.09784
Mexico,MEX,2018,102.25589
Mexico,MEX,2019,102.46554
Mexico,MEX,2020,102.66263
Micronesia (country),FSM,2013,93.4216
Micronesia (country),FSM,2014,95.54247
Micronesia (country),FSM,2015,94.6383
Micronesia (country),FSM,2016,94.3782
Micronesia (country),FSM,2017,86.593124
Micronesia (country),FSM,2018,90.647484
Micronesia (country),FSM,2019,87.52634
Micronesia (country),FSM,2020,79.39572
Moldova,MDA,2014,109.14336
Moldova,MDA,2015,107.10286
Moldova,MDA,2016,106.48902
Moldova,MDA,2017,107.11865
Moldova,MDA,2018,101.60212
Moldova,MDA,2019,102.21956
Moldova,MDA,2020,103.8562
Mongolia,MNG,2000,86.94968
Mongolia,MNG,2001,91.96691
Mongolia,MNG,2002,99.3582
Mongolia,MNG,2003,100.97004
Mongolia,MNG,2004,97.79451
Mongolia,MNG,2005,96.16282
Mongolia,MNG,2015,98.12662
Mongolia,MNG,2016,92.988884
Mongolia,MNG,2017,91.50344
Mongolia,MNG,2018,101.77587
Mongolia,MNG,2019,107.47238
Mongolia,MNG,2020,107.745255
Montenegro,MNE,2011,75.98499
Montenegro,MNE,2012,99.59789
Montenegro,MNE,2015,94.31934
Montenegro,MNE,2016,90.39073
Montenegro,MNE,2017,90.26089
Montenegro,MNE,2018,94.47806
Montenegro,MNE,2019,97.40717
Montenegro,MNE,2020,103.78365
Morocco,MAR,2000,58.7089
Morocco,MAR,2001,60.21665
Morocco,MAR,2002,62.4766
Morocco,MAR,2003,66.78035
Morocco,MAR,2004,74.24164
Morocco,MAR,2005,78.79193
Morocco,MAR,2006,82.50327
Morocco,MAR,2007,83.03487
Morocco,MAR,2008,81.70568
Morocco,MAR,2009,81.34089
Morocco,MAR,2010,85.32665
Morocco,MAR,2011,89.36157
Morocco,MAR,2012,98.01963
Morocco,MAR,2013,96.0231
Morocco,MAR,2014,96.30816
Morocco,MAR,2015,96.25771
Morocco,MAR,2016,95.04204
Morocco,MAR,2017,92.92953
Morocco,MAR,2018,93.59746
Morocco,MAR,2019,97.13573
Morocco,MAR,2020,100.08812
Mozambique,MOZ,2000,16.57523
Mozambique,MOZ,2001,19.36938
Mozambique,MOZ,2002,22.77031
Mozambique,MOZ,2004,29.84896
Mozambique,MOZ,2005,41.82892
Mozambique,MOZ,2006,41.2638
Mozambique,MOZ,2007,45.4419
Mozambique,MOZ,2008,58.13263
Mozambique,MOZ,2009,55.26906
Mozambique,MOZ,2010,58.99485
Mozambique,MOZ,2011,54.87825
Mozambique,MOZ,2012,52.04406
Mozambique,MOZ,2013,49.54563
Mozambique,MOZ,2014,48.809
Mozambique,MOZ,2015,48.95318
Mozambique,MOZ,2017,47.14291
Mozambique,MOZ,2018,51.98764
Mozambique,MOZ,2019,54.72869
Mozambique,MOZ,2020,58.18402
Myanmar,MMR,2000,76.45822
Myanmar,MMR,2001,75.71193
Myanmar,MMR,2002,76.65383
Myanmar,MMR,2003,78.8135
Myanmar,MMR,2004,80.66626
Myanmar,MMR,2006,84.8134
Myanmar,MMR,2007,84.8533
Myanmar,MMR,2008,85.65215
Myanmar,MMR,2009,84.56769
Myanmar,MMR,2010,84.92347
Myanmar,MMR,2018,95.39961
Namibia,NAM,2000,89.43701
Namibia,NAM,2001,92.74833
Namibia,NAM,2002,92.24258
Namibia,NAM,2003,93.51019
Namibia,NAM,2004,86.72067
Namibia,NAM,2005,87.69804
Namibia,NAM,2006,85.10935
Namibia,NAM,2008,81.69798
Namibia,NAM,2009,87.65257
Namibia,NAM,2010,84.51628
Namibia,NAM,2012,90.4427
Namibia,NAM,2013,93.02004
Namibia,NAM,2015,96.72141
Namibia,NAM,2016,97.18127
Namibia,NAM,2017,85.36905
Namibia,NAM,2018,94.08622
Namibia,NAM,2019,93.30261
Namibia,NAM,2020,97.77172
Nauru,NRU,2001,101.33929
Nauru,NRU,2007,97.71689
Nauru,NRU,2012,97.60766
Nauru,NRU,2014,118.4466
Nauru,NRU,2016,131.01852
Nauru,NRU,2019,116.87764
Nepal,NPL,2000,66.74876
Nepal,NPL,2001,66.5065
Nepal,NPL,2002,71.56506
Nepal,NPL,2003,72.62728
Nepal,NPL,2004,72.82317
Nepal,NPL,2005,76.15548
Nepal,NPL,2006,77.01021
Nepal,NPL,2008,77.77894
Nepal,NPL,2012,104.31406
Nepal,NPL,2013,105.54476
Nepal,NPL,2014,109.19846
Nepal,NPL,2015,111.83081
Nepal,NPL,2016,116.80219
Nepal,NPL,2017,115.74726
Nepal,NPL,2019,120.44734
Nicaragua,NIC,2000,65.76514
Nicaragua,NIC,2001,66.88876
Nicaragua,NIC,2002,74.687
Nicaragua,NIC,2003,74.4898
Nicaragua,NIC,2004,75.51402
Nicaragua,NIC,2005,79.23751
Nicaragua,NIC,2006,79.80111
Nicaragua,NIC,2007,80.65654
Nicaragua,NIC,2008,80.15253
Nicaragua,NIC,2010,84.87586
Niger,NER,2000,18.37959
Niger,NER,2001,19.40044
Niger,NER,2002,21.1115
Niger,NER,2003,20.46727
Niger,NER,2004,26.61951
Niger,NER,2005,29.39775
Niger,NER,2006,32.20076
Niger,NER,2007,38.88186
Niger,NER,2008,37.40855
Niger,NER,2009,39.65544
Niger,NER,2010,39.68682
Niger,NER,2011,44.36259
Niger,NER,2012,47.79381
Niger,NER,2013,47.71931
Niger,NER,2014,57.60814
Niger,NER,2015,68.10017
Niger,NER,2016,71.62694
Niger,NER,2017,62.909634
Niger,NER,2019,62.26214
Niger,NER,2020,51.19454
Nigeria,NGA,2000,82.17641
Nigeria,NGA,2004,79.98754
Nigeria,NGA,2005,83.13178
Nigeria,NGA,2006,91.13503
Nigeria,NGA,2007,80.9942
Nigeria,NGA,2008,69.81604
Nigeria,NGA,2009,73.8032
Nigeria,NGA,2010,73.79249
North Korea,PRK,2009,97.33246
North Macedonia,MKD,2000,96.17159
North Macedonia,MKD,2001,94.8504
North Macedonia,MKD,2002,96.16398
North Macedonia,MKD,2003,92.65185
North Macedonia,MKD,2004,91.78143
North Macedonia,MKD,2005,93.18821
North Macedonia,MKD,2006,91.71085
North Macedonia,MKD,2007,91.5907
North Macedonia,MKD,2008,91.76322
North Macedonia,MKD,2009,91.70715
North Macedonia,MKD,2013,89.72982
North Macedonia,MKD,2014,90.13024
North Macedonia,MKD,2015,91.28557
North Macedonia,MKD,2017,91.10782
North Macedonia,MKD,2018,93.41673
North Macedonia,MKD,2019,92.8337
North Macedonia,MKD,2020,94.83007
Norway,NOR,2000,97.92279
Norway,NOR,2001,101.54751
Norway,NOR,2002,102.71236
Norway,NOR,2003,103.50533
Norway,NOR,2004,102.60324
Norway,NOR,2005,100.05779
Norway,NOR,2006,97.57623
Norway,NOR,2007,97.812
Norway,NOR,2008,99.15969
Norway,NOR,2009,101.26142
Norway,NOR,2010,99.36022
Norway,NOR,2011,97.66902
Norway,NOR,2012,99.76106
Norway,NOR,2013,101.04492
Norway,NOR,2014,98.25799
Norway,NOR,2015,97.96967
Norway,NOR,2016,100.85543
Norway,NOR,2017,101.03502
Norway,NOR,2018,99.12391
Norway,NOR,2019,100.50625
Norway,NOR,2020,99.25768
Oman,OMN,2000,82.94512
Oman,OMN,2001,84.4149
Oman,OMN,2002,87.46424
Oman,OMN,2003,89.44495
Oman,OMN,2009,96.38111
Oman,OMN,2011,97.08152
Oman,OMN,2012,101.21167
Oman,OMN,2013,96.12754
Oman,OMN,2014,103.95746
Oman,OMN,2015,99.82886
Oman,OMN,2016,103.64806
Oman,OMN,2017,107.36402
Oman,OMN,2018,100.3571
Oman,OMN,2019,100.91263
Oman,OMN,2020,99.20174
Pakistan,PAK,2005,60.16039
Pakistan,PAK,2006,59.22395
Pakistan,PAK,2007,59.21292
Pakistan,PAK,2008,58.97401
Pakistan,PAK,2009,59.39558
Pakistan,PAK,2010,62.30639
Pakistan,PAK,2011,60.40693
Pakistan,PAK,2012,63.48621
Pakistan,PAK,2013,63.74631
Pakistan,PAK,2014,64.54272
Pakistan,PAK,2016,64.95687
Pakistan,PAK,2018,71.0713
Pakistan,PAK,2019,72.92545
Palau,PLW,2000,95.2381
Palau,PLW,2004,103.90625
Palau,PLW,2013,112.6087
Palau,PLW,2014,100.42918
Palestine,PSE,2000,94.1468
Palestine,PSE,2001,95.70796
Palestine,PSE,2002,92.85393
Palestine,PSE,2003,97.40049
Palestine,PSE,2004,90.43264
Palestine,PSE,2005,92.98548
Palestine,PSE,2007,86.13908
Palestine,PSE,2008,87.79605
Palestine,PSE,2009,89.84792
Palestine,PSE,2010,95.00284
Palestine,PSE,2011,91.79595
Palestine,PSE,2012,92.23402
Palestine,PSE,2013,96.0062
Palestine,PSE,2014,100.05497
Palestine,PSE,2015,99.07182
Palestine,PSE,2016,97.05693
Palestine,PSE,2017,99.82544
Palestine,PSE,2018,96.85254
Palestine,PSE,2019,96.32248
Palestine,PSE,2020,101.6412
Panama,PAN,2000,92.05299
Panama,PAN,2001,92.33393
Panama,PAN,2002,92.76725
Panama,PAN,2004,93.42283
Panama,PAN,2005,92.95417
Panama,PAN,2006,90.4028
Panama,PAN,2007,94.58336
Panama,PAN,2008,97.69869
Panama,PAN,2009,97.70273
Panama,PAN,2010,93.9422
Panama,PAN,2011,98.54007
Panama,PAN,2012,100.63545
Panama,PAN,2013,99.64926
Panama,PAN,2014,96.80075
Panama,PAN,2017,89.79547
Panama,PAN,2020,86.94607
Papua New Guinea,PNG,2000,50.02369
Papua New Guinea,PNG,2001,50.94588
Papua New Guinea,PNG,2002,52.40367
Papua New Guinea,PNG,2003,54.35295
Papua New Guinea,PNG,2014,72.70093
Papua New Guinea,PNG,2016,77.12385
Paraguay,PRY,2000,91.03296
Paraguay,PRY,2001,91.10053
Paraguay,PRY,2002,92.78909
Paraguay,PRY,2003,95.25095
Paraguay,PRY,2004,94.0304
Paraguay,PRY,2005,94.39012
Paraguay,PRY,2006,93.23162
Paraguay,PRY,2007,93.8201
Paraguay,PRY,2008,93.53357
Paraguay,PRY,2009,93.14137
Paraguay,PRY,2010,91.68023
Paraguay,PRY,2011,88.78322
Paraguay,PRY,2012,88.03662
Paraguay,PRY,2013,88.70994
Paraguay,PRY,2014,91.05509
Paraguay,PRY,2015,88.35978
Paraguay,PRY,2016,87.18881
Peru,PER,2000,96.83504
Peru,PER,2001,92.93535
Peru,PER,2002,92.84632
Peru,PER,2003,97.46296
Peru,PER,2004,97.17108
Peru,PER,2005,97.35833
Peru,PER,2006,99.45909
Peru,PER,2007,102.44877
Peru,PER,2008,101.93165
Peru,PER,2009,99.36102
Peru,PER,2010,101.16324
Peru,PER,2011,99.37334
Peru,PER,2012,94.78259
Peru,PER,2013,96.8406
Peru,PER,2014,97.8636
Peru,PER,2015,100.40506
Peru,PER,2016,104.52887
Peru,PER,2017,97.44566
Peru,PER,2018,96.10074
Peru,PER,2019,98.70533
Philippines,PHL,2001,100.41462
Philippines,PHL,2002,94.45062
Philippines,PHL,2003,95.00768
Philippines,PHL,2004,93.72179
Philippines,PHL,2005,93.54664
Philippines,PHL,2006,91.12139
Philippines,PHL,2007,90.91187
Philippines,PHL,2008,91.79592
Philippines,PHL,2009,91.51912
Philippines,PHL,2014,98.58691
Philippines,PHL,2016,103.13461
Philippines,PHL,2017,108.67753
Philippines,PHL,2018,115.4369
Philippines,PHL,2019,105.755264
Philippines,PHL,2020,102.814606
Poland,POL,2000,95.68996
Poland,POL,2001,97.52599
Poland,POL,2002,97.12105
Poland,POL,2003,97.93739
Poland,POL,2004,98.0164
Poland,POL,2005,94.62143
Poland,POL,2006,93.37823
Poland,POL,2007,93.11899
Poland,POL,2009,92.85269
Poland,POL,2010,93.47019
Poland,POL,2011,93.6315
Poland,POL,2012,94.65113
Poland,POL,2013,96.64032
Poland,POL,2014,96.91202
Poland,POL,2015,100.0444
Poland,POL,2016,101.75036
Poland,POL,2017,106.2427
Poland,POL,2018,94.33352
Poland,POL,2019,95.02264
Portugal,PRT,2018,99.57019
Portugal,PRT,2019,100.12519
Portugal,PRT,2020,105.45025
Qatar,QAT,2003,100.42905
Qatar,QAT,2005,93.98363
Qatar,QAT,2006,89.62711
Qatar,QAT,2007,103.67594
Qatar,QAT,2008,106.38184
Qatar,QAT,2009,101.87122
Qatar,QAT,2011,95.49075
Qatar,QAT,2013,96.38107
Qatar,QAT,2014,91.95512
Qatar,QAT,2015,92.64426
Qatar,QAT,2016,94.74805
Qatar,QAT,2017,95.66955
Qatar,QAT,2018,95.78588
Qatar,QAT,2019,95.0208
Qatar,QAT,2020,95.96624
Romania,ROU,2000,93.34966
Romania,ROU,2001,92.67196
Romania,ROU,2002,89.34239
Romania,ROU,2003,94.14788
Romania,ROU,2004,99.36669
Romania,ROU,2005,103.58396
Romania,ROU,2006,99.7478
Romania,ROU,2008,93.02554
Romania,ROU,2009,94.72461
Romania,ROU,2010,96.60372
Romania,ROU,2011,99.89518
Romania,ROU,2012,97.34318
Romania,ROU,2015,95.17482
Romania,ROU,2016,91.86003
Romania,ROU,2018,85.22177
Romania,ROU,2019,85.28923
Romania,ROU,2020,85.29187
Russia,RUS,2000,90.4362
Russia,RUS,2001,92.26701
Russia,RUS,2007,90.6623
Russia,RUS,2008,93.29714
Russia,RUS,2009,98.382
Russia,RUS,2011,97.11336
Russia,RUS,2012,97.71769
Russia,RUS,2013,100.108
Russia,RUS,2014,99.93403
Russia,RUS,2015,100.29785
Russia,RUS,2016,96.14293
Russia,RUS,2018,101.96321
Russia,RUS,2019,105.22585
Rwanda,RWA,2000,25.08176
Rwanda,RWA,2001,26.42844
Rwanda,RWA,2002,32.06347
Rwanda,RWA,2003,41.7366
Rwanda,RWA,2004,40.76082
Rwanda,RWA,2008,51.28987
Rwanda,RWA,2009,69.37141
Rwanda,RWA,2010,71.87429
Rwanda,RWA,2012,71.16143
Rwanda,RWA,2013,69.14878
Rwanda,RWA,2014,62.99047
Rwanda,RWA,2015,63.35087
Rwanda,RWA,2016,69.06014
Rwanda,RWA,2017,78.19881
Rwanda,RWA,2018,86.54635
Rwanda,RWA,2019,97.40033
Saint Kitts and Nevis,KNA,2000,115.14423
Saint Kitts and Nevis,KNA,2001,114.6283
Saint Kitts and Nevis,KNA,2002,116.78487
Saint Kitts and Nevis,KNA,2003,103.67299
Saint Kitts and Nevis,KNA,2004,113.73494
Saint Kitts and Nevis,KNA,2005,112.68473
Saint Kitts and Nevis,KNA,2007,101.35301
Saint Kitts and Nevis,KNA,2008,93.91727
Saint Kitts and Nevis,KNA,2009,105.76923
Saint Kitts and Nevis,KNA,2010,102.03106
Saint Kitts and Nevis,KNA,2011,108.71671
Saint Kitts and Nevis,KNA,2012,110.34913
Saint Kitts and Nevis,KNA,2013,109.09091
Saint Kitts and Nevis,KNA,2014,101.97109
Saint Kitts and Nevis,KNA,2015,107.95148
Saint Kitts and Nevis,KNA,2016,98.08482
Saint Lucia,LCA,2002,105.43385
Saint Lucia,LCA,2003,104.85714
Saint Lucia,LCA,2004,104.11629
Saint Lucia,LCA,2005,99.82563
Saint Lucia,LCA,2006,106.84087
Saint Lucia,LCA,2007,106.64097
Saint Lucia,LCA,2012,90.67288
Saint Lucia,LCA,2013,86.99272
Saint Lucia,LCA,2014,91.33116
Saint Lucia,LCA,2015,84.40228
Saint Lucia,LCA,2016,95.49051
Saint Lucia,LCA,2017,92.07718
Saint Lucia,LCA,2018,94.89362
Saint Lucia,LCA,2019,99.77935
Saint Lucia,LCA,2020,100.36347
Saint Vincent and the Grenadines,VCT,2003,92.98401
Saint Vincent and the Grenadines,VCT,2004,102.10668
Saint Vincent and the Grenadines,VCT,2008,109.47467
Saint Vincent and the Grenadines,VCT,2010,93.84248
Saint Vincent and the Grenadines,VCT,2011,88.33087
Saint Vincent and the Grenadines,VCT,2012,101.71518
Saint Vincent and the Grenadines,VCT,2013,111.13502
Saint Vincent and the Grenadines,VCT,2014,103.06346
Saint Vincent and the Grenadines,VCT,2015,99.39427
Saint Vincent and the Grenadines,VCT,2016,98.73208
Saint Vincent and the Grenadines,VCT,2017,92.71186
Saint Vincent and the Grenadines,VCT,2018,105.54913
Saint Vincent and the Grenadines,VCT,2019,104.91415
Saint Vincent and the Grenadines,VCT,2020,115.63066
Samoa,WSM,2000,94.04709
Samoa,WSM,2001,92.20979
Samoa,WSM,2002,96.77629
Samoa,WSM,2003,100.19235
Samoa,WSM,2004,98.35681
Samoa,WSM,2005,105.67544
Samoa,WSM,2006,105.65873
Samoa,WSM,2007,110.35165
Samoa,WSM,2009,104.48124
Samoa,WSM,2010,106.48661
Samoa,WSM,2011,105.88235
Samoa,WSM,2012,106.24426
Samoa,WSM,2013,110.55814
Samoa,WSM,2014,107.52366
Samoa,WSM,2015,110.32402
Samoa,WSM,2016,110.70655
Samoa,WSM,2017,107.06856
Samoa,WSM,2018,104.78188
Samoa,WSM,2019,108.87114
Samoa,WSM,2020,111.35586
San Marino,SMR,2018,87.8628
San Marino,SMR,2019,102.89017
San Marino,SMR,2020,90.2439
Sao Tome and Principe,STP,2002,54.86076
Sao Tome and Principe,STP,2003,55.33008
Sao Tome and Principe,STP,2004,69.96109
Sao Tome and Principe,STP,2005,73.5248
Sao Tome and Principe,STP,2007,71.16488
Sao Tome and Principe,STP,2008,73.89715
Sao Tome and Principe,STP,2009,81.72529
Sao Tome and Principe,STP,2010,81.78464
Sao Tome and Principe,STP,2011,107.63427
Sao Tome and Principe,STP,2012,90.09964
Sao Tome and Principe,STP,2013,94.68756
Sao Tome and Principe,STP,2014,85.47092
Sao Tome and Principe,STP,2015,86.14948
Sao Tome and Principe,STP,2016,77.48247
Sao Tome and Principe,STP,2017,84.34609
Saudi Arabia,SAU,2005,86.10549
Saudi Arabia,SAU,2007,93.2617
Saudi Arabia,SAU,2008,96.91412
Saudi Arabia,SAU,2011,101.65279
Saudi Arabia,SAU,2012,107.15981
Saudi Arabia,SAU,2013,110.96428
Saudi Arabia,SAU,2017,103.33474
Saudi Arabia,SAU,2018,96.70606
Saudi Arabia,SAU,2019,96.22881
Saudi Arabia,SAU,2020,99.32731
Senegal,SEN,2000,39.0335
Senegal,SEN,2001,43.65107
Senegal,SEN,2002,46.33621
Senegal,SEN,2003,46.42817
Senegal,SEN,2004,47.39707
Senegal,SEN,2005,52.24157
Senegal,SEN,2006,49.1989
Senegal,SEN,2007,50.56675
Senegal,SEN,2008,57.47991
Senegal,SEN,2009,57.89511
Senegal,SEN,2010,57.17406
Senegal,SEN,2011,60.64988
Senegal,SEN,2012,60.14091
Senegal,SEN,2013,60.68395
Senegal,SEN,2014,61.3225
Senegal,SEN,2015,59.66015
Senegal,SEN,2019,61.20201
Senegal,SEN,2020,60.54105
Serbia,SRB,2007,100.51979
Serbia,SRB,2008,104.3832
Serbia,SRB,2009,96.41524
Serbia,SRB,2010,96.44893
Serbia,SRB,2011,104.12765
Serbia,SRB,2012,98.01016
Serbia,SRB,2013,98.90996
Serbia,SRB,2014,101.90126
Serbia,SRB,2015,101.01084
Serbia,SRB,2016,98.83048
Serbia,SRB,2017,99.03387
Serbia,SRB,2018,98.72127
Serbia,SRB,2019,98.66845
Serbia,SRB,2020,97.93856
Seychelles,SYC,2000,98.8757
Seychelles,SYC,2001,105.65438
Seychelles,SYC,2002,106.2621
Seychelles,SYC,2003,107.05421
Seychelles,SYC,2004,103.71599
Seychelles,SYC,2005,115.18468
Seychelles,SYC,2007,112.32194
Seychelles,SYC,2008,112.31778
Seychelles,SYC,2009,106.57207
Seychelles,SYC,2010,110.51829
Seychelles,SYC,2011,110.23865
Seychelles,SYC,2012,104.56656
Seychelles,SYC,2013,104.57719
Seychelles,SYC,2014,111.41095
Seychelles,SYC,2015,108.75472
Seychelles,SYC,2016,112.6462
Seychelles,SYC,2017,102.19702
Seychelles,SYC,2018,101.85312
Seychelles,SYC,2019,98.8
Seychelles,SYC,2020,102.67974
Sierra Leone,SLE,2007,74.27322
Sierra Leone,SLE,2011,67.86105
Sierra Leone,SLE,2012,64.16042
Sierra Leone,SLE,2013,62.9758
Sierra Leone,SLE,2015,59.79026
Sierra Leone,SLE,2016,68.33249
Sierra Leone,SLE,2017,70.19276
Sierra Leone,SLE,2018,81.78534
Sierra Leone,SLE,2019,83.21027
Sierra Leone,SLE,2020,87.19009
Singapore,SGP,2016,99.78927
Singapore,SGP,2017,99.25824
Singapore,SGP,2018,99.92183
Singapore,SGP,2019,98.07795
Singapore,SGP,2020,101.4014
Sint Maarten (Dutch part),SXM,2012,92.0
Sint Maarten (Dutch part),SXM,2014,123.09198
Slovakia,SVK,2000,96.26742
Slovakia,SVK,2001,100.13052
Slovakia,SVK,2002,97.50544
Slovakia,SVK,2003,98.38575
Slovakia,SVK,2004,96.92295
Slovakia,SVK,2005,92.67681
Slovakia,SVK,2006,93.2233
Slovakia,SVK,2007,95.03367
Slovakia,SVK,2008,97.41288
Slovakia,SVK,2009,99.14994
Slovakia,SVK,2010,99.06212
Slovakia,SVK,2011,96.09583
Slovakia,SVK,2012,93.18823
Slovakia,SVK,2013,94.59078
Slovakia,SVK,2014,96.30829
Slovakia,SVK,2015,95.96458
Slovakia,SVK,2016,92.44306
Slovakia,SVK,2017,91.90563
Slovakia,SVK,2018,92.17269
Slovakia,SVK,2019,95.22948
Slovakia,SVK,2020,98.34087
Slovenia,SVN,2000,96.37517
Slovenia,SVN,2001,96.57309
Slovenia,SVN,2002,96.7696
Slovenia,SVN,2003,101.90087
Slovenia,SVN,2008,97.00967
Slovenia,SVN,2009,96.05603
Slovenia,SVN,2010,97.21167
Slovenia,SVN,2011,96.34836
Slovenia,SVN,2012,101.97225
Slovenia,SVN,2013,99.29289
Slovenia,SVN,2014,100.07333
Slovenia,SVN,2015,98.08545
Slovenia,SVN,2016,97.90015
Slovenia,SVN,2017,95.69825
Slovenia,SVN,2018,97.39997
Slovenia,SVN,2019,98.55384
Slovenia,SVN,2020,103.88009
Solomon Islands,SLB,2010,84.89247
Solomon Islands,SLB,2011,85.55439
Solomon Islands,SLB,2012,85.07463
Solomon Islands,SLB,2013,85.7194
Solomon Islands,SLB,2014,86.54979
Solomon Islands,SLB,2015,88.05919
Solomon Islands,SLB,2016,88.32666
Solomon Islands,SLB,2017,87.99547
Solomon Islands,SLB,2018,86.78567
Solomon Islands,SLB,2019,85.6942
South Africa,ZAF,2000,81.04225
South Africa,ZAF,2002,86.34083
South Africa,ZAF,2003,90.57995
South Africa,ZAF,2004,95.65492
South Africa,ZAF,2015,90.11049
South Africa,ZAF,2016,87.25533
South Africa,ZAF,2018,90.3445
South Africa,ZAF,2019,91.99949
South Korea,KOR,2000,103.22698
South Korea,KOR,2001,99.65302
South Korea,KOR,2002,94.81356
South Korea,KOR,2003,100.86785
South Korea,KOR,2004,99.67647
South Korea,KOR,2005,97.84371
South Korea,KOR,2006,99.13932
South Korea,KOR,2007,101.09234
South Korea,KOR,2008,100.1077
South Korea,KOR,2009,101.62335
South Korea,KOR,2010,101.15867
South Korea,KOR,2011,102.97808
South Korea,KOR,2012,109.69977
South Korea,KOR,2013,103.1859
South Korea,KOR,2014,96.15532
South Korea,KOR,2015,101.4108
South Korea,KOR,2016,98.01557
South Korea,KOR,2017,91.35512
South Korea,KOR,2018,95.37677
South Korea,KOR,2019,105.23973
South Korea,KOR,2020,99.72099
South Sudan,SSD,2011,27.43709
South Sudan,SSD,2015,21.473436
Spain,ESP,2004,102.30026
Spain,ESP,2006,96.65484
Spain,ESP,2007,97.13748
Spain,ESP,2008,97.29009
Spain,ESP,2009,97.47839
Spain,ESP,2010,96.78925
Spain,ESP,2011,96.1533
Spain,ESP,2012,99.32011
Spain,ESP,2013,99.21613
Spain,ESP,2014,100.1019
Spain,ESP,2015,103.35968
Spain,ESP,2016,101.20973
Spain,ESP,2017,100.57255
Spain,ESP,2018,98.52602
Spain,ESP,2019,97.44148
Spain,ESP,2020,98.90448
Sri Lanka,LKA,2001,107.29525
Sri Lanka,LKA,2002,112.61933
Sri Lanka,LKA,2003,105.20433
Sri Lanka,LKA,2005,101.16576
Sri Lanka,LKA,2006,100.19559
Sri Lanka,LKA,2007,97.47683
Sri Lanka,LKA,2008,92.49483
Sri Lanka,LKA,2009,92.36516
Sri Lanka,LKA,2010,98.91219
Sri Lanka,LKA,2011,100.13207
Sri Lanka,LKA,2012,97.25628
Sri Lanka,LKA,2013,98.31142
Sri Lanka,LKA,2014,98.10511
Sri Lanka,LKA,2015,99.05147
Sri Lanka,LKA,2016,101.10927
Sri Lanka,LKA,2017,102.39038
Sri Lanka,LKA,2019,99.26298
Sri Lanka,LKA,2020,98.24331
Sudan,SDN,2010,61.11948
Sudan,SDN,2012,57.54983
Sudan,SDN,2013,58.09367
Sudan,SDN,2014,58.24904
Sudan,SDN,2015,59.24305
Sudan,SDN,2016,59.83708
Sudan,SDN,2017,61.68764
Sudan,SDN,2018,64.0855
Suriname,SUR,2005,72.32108
Suriname,SUR,2006,80.05441
Suriname,SUR,2007,69.73761
Suriname,SUR,2008,81.72273
Suriname,SUR,2009,84.2177
Suriname,SUR,2010,87.05618
Suriname,SUR,2011,86.43059
Suriname,SUR,2012,86.74711
Suriname,SUR,2013,85.93082
Suriname,SUR,2014,89.10132
Suriname,SUR,2015,89.56555
Suriname,SUR,2016,88.04
Suriname,SUR,2017,85.34784
Suriname,SUR,2018,85.14813
Suriname,SUR,2019,85.86408
Suriname,SUR,2020,90.32477
Sweden,SWE,2000,99.55305
Sweden,SWE,2001,102.26167
Sweden,SWE,2002,102.59241
Sweden,SWE,2003,106.48901
Sweden,SWE,2004,104.08778
Sweden,SWE,2005,100.13361
Sweden,SWE,2006,95.60119
Sweden,SWE,2007,95.09411
Sweden,SWE,2008,94.2909
Sweden,SWE,2009,93.21915
Sweden,SWE,2010,96.71507
Sweden,SWE,2011,101.39794
Sweden,SWE,2012,102.67948
Sweden,SWE,2013,102.46185
Sweden,SWE,2014,101.0253
Sweden,SWE,2015,103.77177
Sweden,SWE,2016,105.22931
Sweden,SWE,2017,105.38628
Sweden,SWE,2018,104.12405
Sweden,SWE,2019,105.08608
Sweden,SWE,2020,104.65359
Switzerland,CHE,2000,96.67293
Switzerland,CHE,2001,98.05579
Switzerland,CHE,2002,98.28719
Switzerland,CHE,2003,98.4866
Switzerland,CHE,2004,99.44709
Switzerland,CHE,2005,96.96641
Switzerland,CHE,2006,93.92943
Switzerland,CHE,2007,93.3588
Switzerland,CHE,2008,94.40711
Switzerland,CHE,2009,96.10912
Switzerland,CHE,2010,96.19563
Switzerland,CHE,2011,96.65714
Switzerland,CHE,2012,97.41051
Switzerland,CHE,2013,96.85575
Switzerland,CHE,2014,95.57646
Switzerland,CHE,2015,95.77347
Switzerland,CHE,2016,96.82687
Switzerland,CHE,2017,97.15868
Switzerland,CHE,2018,96.21008
Switzerland,CHE,2019,96.36173
Switzerland,CHE,2020,99.57124
Syria,SYR,2000,91.2443
Syria,SYR,2001,92.73814
Syria,SYR,2002,95.01954
Syria,SYR,2003,106.06614
Syria,SYR,2004,107.47379
Syria,SYR,2005,109.00938
Syria,SYR,2006,108.90684
Syria,SYR,2007,106.00998
Syria,SYR,2008,104.09589
Syria,SYR,2009,103.05557
Syria,SYR,2010,103.36705
Syria,SYR,2011,106.9109
Syria,SYR,2012,113.62431
Syria,SYR,2013,72.29299
Tajikistan,TJK,2000,92.57575
Tajikistan,TJK,2001,96.78825
Tajikistan,TJK,2002,97.39144
Tajikistan,TJK,2003,94.96058
Tajikistan,TJK,2004,91.39969
Tajikistan,TJK,2005,100.97834
Tajikistan,TJK,2006,105.37828
Tajikistan,TJK,2007,94.07073
Tajikistan,TJK,2008,96.24758
Tajikistan,TJK,2009,98.94978
Tajikistan,TJK,2010,101.69471
Tajikistan,TJK,2011,102.73772
Tajikistan,TJK,2012,98.15614
Tajikistan,TJK,2014,99.51608
Tajikistan,TJK,2015,101.07425
Tajikistan,TJK,2016,95.38155
Tajikistan,TJK,2017,94.91239
Tanzania,TZA,2000,50.53854
Tanzania,TZA,2001,55.86848
Tanzania,TZA,2002,59.81444
Tanzania,TZA,2004,58.16949
Tanzania,TZA,2005,54.89395
Tanzania,TZA,2006,71.9443
Tanzania,TZA,2007,82.71265
Tanzania,TZA,2009,103.61845
Tanzania,TZA,2010,91.0452
Tanzania,TZA,2011,95.03223
Tanzania,TZA,2012,82.1113
Tanzania,TZA,2013,76.73521
Tanzania,TZA,2014,69.87106
Tanzania,TZA,2015,65.14203
Tanzania,TZA,2016,61.57209
Tanzania,TZA,2017,68.09829
Tanzania,TZA,2018,68.70373
Tanzania,TZA,2019,65.74707
Tanzania,TZA,2020,68.73861
Thailand,THA,2000,84.89218
Thailand,THA,2001,86.88077
Thailand,THA,2017,93.45255
Thailand,THA,2018,93.42047
Thailand,THA,2019,94.411385
Thailand,THA,2020,95.06308
Togo,TGO,2000,66.62779
Togo,TGO,2001,73.85542
Togo,TGO,2003,74.66125
Togo,TGO,2004,76.71295
Togo,TGO,2005,76.04608
Togo,TGO,2006,75.49735
Togo,TGO,2008,67.11388
Togo,TGO,2009,66.05271
Togo,TGO,2010,70.35708
Togo,TGO,2011,71.91787
Togo,TGO,2012,75.12908
Togo,TGO,2013,78.34173
Togo,TGO,2014,84.2005
Togo,TGO,2016,92.71515
Togo,TGO,2017,91.60781
Togo,TGO,2018,89.67256
Togo,TGO,2019,87.42387
Togo,TGO,2020,88.35926
Tonga,TON,2001,105.49631
Tonga,TON,2005,108.05611
Tonga,TON,2006,103.38846
Tonga,TON,2012,103.5685
Tonga,TON,2013,116.09716
Tonga,TON,2020,108.44608
Trinidad and Tobago,TTO,2000,93.35761
Trinidad and Tobago,TTO,2001,86.68157
Trinidad and Tobago,TTO,2003,89.32759
Trinidad and Tobago,TTO,2004,95.03304
Trinidad and Tobago,TTO,2005,91.93032
Trinidad and Tobago,TTO,2007,95.77249
Trinidad and Tobago,TTO,2008,93.45759
Trinidad and Tobago,TTO,2009,95.77075
Trinidad and Tobago,TTO,2010,94.93678
Tunisia,TUN,2000,86.63253
Tunisia,TUN,2001,87.87538
Tunisia,TUN,2002,93.22085
Tunisia,TUN,2003,97.03581
Tunisia,TUN,2004,100.49605
Tunisia,TUN,2005,103.30936
Tunisia,TUN,2007,102.61705
Tunisia,TUN,2008,92.16459
Tunisia,TUN,2009,88.64514
Tunisia,TUN,2010,98.96886
Tunisia,TUN,2013,96.80472
Tunisia,TUN,2014,99.71773
Tunisia,TUN,2015,103.31141
Tunisia,TUN,2016,99.01363
Tunisia,TUN,2017,95.05378
Tunisia,TUN,2020,106.46734
Turkey,TUR,2004,98.16688
Turkey,TUR,2005,102.61311
Turkey,TUR,2006,98.91187
Turkey,TUR,2007,97.34625
Turkey,TUR,2008,98.66828
Turkey,TUR,2009,98.7296
Turkey,TUR,2010,98.97466
Turkey,TUR,2011,101.24824
Turkey,TUR,2012,99.81992
Turkey,TUR,2013,93.88239
Turkey,TUR,2014,91.39782
Turkey,TUR,2015,92.23309
Turkey,TUR,2016,126.76533
Turkey,TUR,2017,89.7489
Turkey,TUR,2018,88.52778
Turkey,TUR,2019,90.84677
Turkey,TUR,2020,93.57749
Turks and Caicos Islands,TCA,2000,97.10611
Turks and Caicos Islands,TCA,2001,103.93939
Turks and Caicos Islands,TCA,2002,94.98607
Turks and Caicos Islands,TCA,2004,88.75306
Turks and Caicos Islands,TCA,2005,88.11189
Turks and Caicos Islands,TCA,2014,60.399334
Turks and Caicos Islands,TCA,2015,53.733765
Turks and Caicos Islands,TCA,2018,129.40141
Tuvalu,TUV,2001,108.55856
Tuvalu,TUV,2002,95.39171
Tuvalu,TUV,2003,104.73934
Tuvalu,TUV,2004,113.04348
Tuvalu,TUV,2005,121.63462
Tuvalu,TUV,2006,113.27014
Tuvalu,TUV,2014,86.97479
Tuvalu,TUV,2015,91.70124
Tuvalu,TUV,2016,84.77366
Tuvalu,TUV,2018,78.71486
Tuvalu,TUV,2019,76.89243
Tuvalu,TUV,2020,89.37008
Uganda,UGA,2001,60.4122
Uganda,UGA,2002,62.56145
Uganda,UGA,2003,62.29132
Uganda,UGA,2004,58.69959
Uganda,UGA,2005,57.47274
Uganda,UGA,2007,53.5267
Uganda,UGA,2008,58.37014
Uganda,UGA,2009,75.11724
Uganda,UGA,2010,57.17233
Uganda,UGA,2011,55.07318
Uganda,UGA,2012,56.38833
Uganda,UGA,2013,56.4577
Uganda,UGA,2014,59.8965
Uganda,UGA,2015,53.77229
Uganda,UGA,2016,54.74301
Uganda,UGA,2017,52.67176
Ukraine,UKR,2000,96.05646
Ukraine,UKR,2001,99.42271
Ukraine,UKR,2002,101.12173
Ukraine,UKR,2005,117.71675
Ukraine,UKR,2006,104.34387
Ukraine,UKR,2007,100.37401
Ukraine,UKR,2008,97.64619
Ukraine,UKR,2009,94.54982
Ukraine,UKR,2010,96.15623
Ukraine,UKR,2011,96.50829
Ukraine,UKR,2012,97.50718
Ukraine,UKR,2013,103.35035
Ukraine,UKR,2014,102.59254
United Arab Emirates,ARE,2000,80.28414
United Arab Emirates,ARE,2001,76.57745
United Arab Emirates,ARE,2002,80.73299
United Arab Emirates,ARE,2007,97.45089
United Arab Emirates,ARE,2012,93.94156
United Arab Emirates,ARE,2013,95.68699
United Arab Emirates,ARE,2014,99.14915
United Arab Emirates,ARE,2015,103.5202
United Arab Emirates,ARE,2019,111.93882
United Arab Emirates,ARE,2020,104.7112
United Kingdom,GBR,2015,102.0105
United Kingdom,GBR,2016,100.88255
United Kingdom,GBR,2017,100.12286
United Kingdom,GBR,2018,100.59746
United Kingdom,GBR,2019,101.59469
United Kingdom,GBR,2020,99.4334
United States,USA,2017,98.8322
United States,USA,2018,100.0927
United States,USA,2019,100.48905
United States,USA,2020,100.92367
Uruguay,URY,2000,97.31546
Uruguay,URY,2001,95.36993
Uruguay,URY,2002,94.87438
Uruguay,URY,2003,91.78017
Uruguay,URY,2004,92.22674
Uruguay,URY,2005,95.43369
Uruguay,URY,2006,99.69514
Uruguay,URY,2007,104.36974
Uruguay,URY,2008,106.77879
Uruguay,URY,2009,106.31305
Uruguay,URY,2010,104.8093
Uruguay,URY,2011,103.78696
Uruguay,URY,2012,102.65774
Uruguay,URY,2013,103.42949
Uruguay,URY,2014,103.9037
Uruguay,URY,2015,103.51099
Uruguay,URY,2016,104.69619
Uruguay,URY,2017,98.69988
Uruguay,URY,2018,103.22465
Uruguay,URY,2020,102.65095
Uzbekistan,UZB,2000,95.76961
Uzbekistan,UZB,2001,100.68832
Uzbekistan,UZB,2002,102.26159
Uzbekistan,UZB,2003,96.66868
Uzbekistan,UZB,2004,94.92826
Uzbekistan,UZB,2005,96.71703
Uzbekistan,UZB,2006,98.63932
Uzbekistan,UZB,2007,96.60795
Uzbekistan,UZB,2008,95.21112
Uzbekistan,UZB,2009,92.27765
Uzbekistan,UZB,2010,91.94624
Uzbekistan,UZB,2011,92.5531
Uzbekistan,UZB,2012,92.95034
Uzbekistan,UZB,2013,96.60859
Uzbekistan,UZB,2014,96.30273
Uzbekistan,UZB,2015,98.24262
Uzbekistan,UZB,2016,96.81922
Uzbekistan,UZB,2017,98.40359
Uzbekistan,UZB,2018,103.02363
Uzbekistan,UZB,2019,105.62269
Uzbekistan,UZB,2020,105.99798
Vanuatu,VUT,2000,92.11485
Vanuatu,VUT,2001,106.01599
Vanuatu,VUT,2004,90.82135
Vanuatu,VUT,2007,83.68969
Vanuatu,VUT,2008,81.14108
Vanuatu,VUT,2009,84.42827
Vanuatu,VUT,2010,83.62583
Vanuatu,VUT,2013,91.674
Vanuatu,VUT,2014,89.2851
Vanuatu,VUT,2019,89.78402
Vanuatu,VUT,2020,94.18134
Venezuela,VEN,2000,83.87856
Venezuela,VEN,2001,85.2697
Venezuela,VEN,2002,91.9578
Venezuela,VEN,2003,89.70029
Venezuela,VEN,2004,89.7403
Venezuela,VEN,2005,91.47278
Venezuela,VEN,2006,95.29815
Venezuela,VEN,2007,97.2884
Venezuela,VEN,2008,95.04342
Venezuela,VEN,2009,95.08797
Venezuela,VEN,2010,93.87697
Venezuela,VEN,2011,95.17514
Venezuela,VEN,2012,96.32139
Venezuela,VEN,2013,96.05864
Venezuela,VEN,2014,96.83641
Venezuela,VEN,2015,96.11709
Venezuela,VEN,2016,94.0508
Venezuela,VEN,2017,92.58874
Vietnam,VNM,2000,99.77178
Vietnam,VNM,2001,105.20235
Vietnam,VNM,2002,102.19417
Vietnam,VNM,2003,100.90922
Vietnam,VNM,2005,93.75769
Vietnam,VNM,2006,97.44434
Vietnam,VNM,2011,103.22786
Vietnam,VNM,2012,102.63969
Vietnam,VNM,2013,100.01659
Vietnam,VNM,2014,107.18288
Vietnam,VNM,2015,105.16446
Vietnam,VNM,2016,105.96399
Vietnam,VNM,2018,110.02121
World,OWID_WRL,2000,81.94934
World,OWID_WRL,2001,82.75844
World,OWID_WRL,2002,83.42602
World,OWID_WRL,2003,84.15606
World,OWID_WRL,2004,84.68312
World,OWID_WRL,2005,85.46636
World,OWID_WRL,2006,85.93443
World,OWID_WRL,2007,86.89914
World,OWID_WRL,2008,88.45117
World,OWID_WRL,2009,89.14604
World,OWID_WRL,2010,88.91131
World,OWID_WRL,2011,88.49231
World,OWID_WRL,2012,89.23522
World,OWID_WRL,2013,89.28035
World,OWID_WRL,2014,89.05456
World,OWID_WRL,2015,88.71502
World,OWID_WRL,2016,89.34527
World,OWID_WRL,2017,89.25736
World,OWID_WRL,2018,89.57498
World,OWID_WRL,2019,89.85734
World,OWID_WRL,2020,90.40921
Yemen,YEM,2001,58.85404
Yemen,YEM,2002,57.9329
Yemen,YEM,2003,61.01327
Yemen,YEM,2004,60.04838
Yemen,YEM,2005,59.80574
Yemen,YEM,2008,63.35874
Yemen,YEM,2010,65.44633
Yemen,YEM,2012,69.84921
Yemen,YEM,2013,69.69536
Yemen,YEM,2016,72.30039
Zambia,ZMB,2000,59.03317
Zambia,ZMB,2002,58.86299
Zambia,ZMB,2004,69.95616
Zambia,ZMB,2005,81.23763
Zambia,ZMB,2006,82.83578
Zambia,ZMB,2007,86.87958
Zambia,ZMB,2008,91.00871
Zambia,ZMB,2009,85.23049
Zambia,ZMB,2010,98.03028
Zambia,ZMB,2012,88.02961
Zambia,ZMB,2013,79.97388
Zimbabwe,ZWE,2001,93.23385
Zimbabwe,ZWE,2002,88.42467
Zimbabwe,ZWE,2003,87.78112
Zimbabwe,ZWE,2012,97.09031
Zimbabwe,ZWE,2013,98.49018
Zimbabwe,ZWE,2014,97.807
Zimbabwe,ZWE,2015,100.62683
Zimbabwe,ZWE,2016,99.26584
Zimbabwe,ZWE,2017,95.47637
Zimbabwe,ZWE,2018,92.19515
Zimbabwe,ZWE,2019,88.50881
Zimbabwe,ZWE,2020,90.01735
