Entity,Code,Year,Researchers in R&D (per million people)
Albania,ALB,2008,155.52783
Algeria,DZA,2005,168.71935
Algeria,DZA,2017,819.3427
American Samoa,ASM,2002,84.63101
American Samoa,ASM,2003,403.33423
American Samoa,ASM,2004,150.80176
American Samoa,ASM,2005,100.73537
Angola,AGO,2011,47.48012
Angola,AGO,2016,18.81599
Argentina,ARG,2000,716.55646
Argentina,ARG,2001,688.2777
Argentina,ARG,2002,692.19183
Argentina,ARG,2003,718.52277
Argentina,ARG,2004,765.6402
Argentina,ARG,2005,819.3777
Argentina,ARG,2006,891.83276
Argentina,ARG,2007,974.7181
Argentina,ARG,2008,1035.9989
Argentina,ARG,2009,1035.6254
Argentina,ARG,2010,1123.8331
Argentina,ARG,2011,1180.673
Argentina,ARG,2012,1203.3712
Argentina,ARG,2013,1198.2644
Argentina,ARG,2014,1206.9419
Argentina,ARG,2015,1230.5394
Argentina,ARG,2016,1259.6401
Argentina,ARG,2017,1210.4565
Argentina,ARG,2018,1224.1792
Argentina,ARG,2019,1230.754
Australia,AUS,2000,3475.3252
Australia,AUS,2002,3771.538
Australia,AUS,2004,4084.1516
Australia,AUS,2006,4248.2563
Australia,AUS,2008,4343.1265
Australia,AUS,2010,4532.4014
Austria,AUT,2002,2965.6846
Austria,AUT,2004,3158.7947
Austria,AUT,2005,3449.3345
Austria,AUT,2006,3524.139
Austria,AUT,2007,3810.0315
Austria,AUT,2008,4136.926
Austria,AUT,2009,4140.1045
Austria,AUT,2010,4349.7173
Austria,AUT,2011,4390.3467
Austria,AUT,2012,4669.4473
Austria,AUT,2013,4724.72
Austria,AUT,2014,4947.875
Austria,AUT,2015,5019.4385
Austria,AUT,2016,5372.2397
Austria,AUT,2017,5387.929
Austria,AUT,2018,5639.0635
Austria,AUT,2019,5895.444
Austria,AUT,2020,5751.3228
Azerbaijan,AZE,2019,1718.7982
Azerbaijan,AZE,2020,1734.8549
Bahrain,BHR,2014,368.99127
Belarus,BLR,2020,1465.7135
Belgium,BEL,2000,2970.1943
Belgium,BEL,2001,3123.9893
Belgium,BEL,2002,2958.845
Belgium,BEL,2003,2967.37
Belgium,BEL,2004,3091.6052
Belgium,BEL,2005,3142.73
Belgium,BEL,2006,3284.4307
Belgium,BEL,2007,3395.0176
Belgium,BEL,2008,3411.7527
Belgium,BEL,2009,3519.855
Belgium,BEL,2010,3732.8313
Belgium,BEL,2011,3875.644
Belgium,BEL,2012,4113.2637
Belgium,BEL,2013,4155.911
Belgium,BEL,2014,4528.915
Belgium,BEL,2015,4711.0454
Belgium,BEL,2016,4780.517
Belgium,BEL,2017,4729.5537
Belgium,BEL,2018,5003.946
Belgium,BEL,2019,5253.2104
Belgium,BEL,2020,5750.144
Bolivia,BOL,2000,71.2736
Bolivia,BOL,2001,122.37427
Bolivia,BOL,2002,118.95484
Bolivia,BOL,2009,143.85751
Bolivia,BOL,2010,163.80159
Bosnia and Herzegovina,BIH,2003,61.59419
Bosnia and Herzegovina,BIH,2004,63.42766
Bosnia and Herzegovina,BIH,2005,67.1423
Bosnia and Herzegovina,BIH,2006,178.23305
Bosnia and Herzegovina,BIH,2007,198.03677
Bosnia and Herzegovina,BIH,2012,160.13994
Bosnia and Herzegovina,BIH,2013,233.86739
Bosnia and Herzegovina,BIH,2014,292.3806
Bosnia and Herzegovina,BIH,2015,365.2284
Bosnia and Herzegovina,BIH,2016,419.99063
Bosnia and Herzegovina,BIH,2017,485.4208
Bosnia and Herzegovina,BIH,2018,471.2501
Bosnia and Herzegovina,BIH,2019,460.03635
Bosnia and Herzegovina,BIH,2020,451.9908
Botswana,BWA,2012,172.43948
Botswana,BWA,2013,185.20781
Brazil,BRA,2000,295.23456
Brazil,BRA,2001,337.39902
Brazil,BRA,2002,398.412
Brazil,BRA,2003,423.24524
Brazil,BRA,2004,483.03027
Brazil,BRA,2005,509.01508
Brazil,BRA,2006,543.2361
Brazil,BRA,2007,555.1294
Brazil,BRA,2008,590.71387
Brazil,BRA,2009,625.52057
Brazil,BRA,2010,686.12494
Brazil,BRA,2011,737.71783
Brazil,BRA,2012,788.4898
Brazil,BRA,2013,838.4721
Brazil,BRA,2014,887.67847
Brunei,BRN,2002,285.48196
Brunei,BRN,2003,277.39014
Brunei,BRN,2004,283.50208
Bulgaria,BGR,2000,1185.1776
Bulgaria,BGR,2001,1162.192
Bulgaria,BGR,2002,1172.479
Bulgaria,BGR,2003,1228.6797
Bulgaria,BGR,2004,1268.8789
Bulgaria,BGR,2005,1307.7988
Bulgaria,BGR,2006,1354.473
Bulgaria,BGR,2007,1478.6176
Bulgaria,BGR,2008,1513.0074
Bulgaria,BGR,2009,1601.3888
Bulgaria,BGR,2010,1478.6516
Bulgaria,BGR,2011,1613.0322
Bulgaria,BGR,2012,1540.7684
Bulgaria,BGR,2013,1683.7931
Bulgaria,BGR,2014,1821.9218
Bulgaria,BGR,2015,1977.2933
Bulgaria,BGR,2016,2237.291
Bulgaria,BGR,2017,2125.1838
Bulgaria,BGR,2018,2342.8699
Bulgaria,BGR,2019,2419.9587
Bulgaria,BGR,2020,2402.12
Burkina Faso,BFA,2010,47.57672
Burundi,BDI,2012,20.928
Burundi,BDI,2018,23.43546
Cambodia,KHM,2002,17.64162
Cambodia,KHM,2015,30.36704
Canada,CAN,2000,3527.483
Canada,CAN,2001,3708.2166
Canada,CAN,2002,3719.2578
Canada,CAN,2003,3913.5483
Canada,CAN,2004,4098.0034
Canada,CAN,2005,4250.0522
Canada,CAN,2006,4323.08
Canada,CAN,2007,4595.395
Canada,CAN,2008,4715.391
Canada,CAN,2009,4451.4785
Canada,CAN,2010,4646.305
Canada,CAN,2011,4780.0815
Canada,CAN,2012,4627.4517
Canada,CAN,2013,4623.1177
Canada,CAN,2014,4541.848
Canada,CAN,2015,4523.315
Canada,CAN,2016,4369.63
Canada,CAN,2017,4422.563
Canada,CAN,2018,4516.304
Cape Verde,CPV,2001,103.27994
Cape Verde,CPV,2002,135.45515
Cape Verde,CPV,2011,50.11456
Cape Verde,CPV,2014,123.48752
Chad,TCD,2016,57.89175
Chile,CHL,2007,335.80615
Chile,CHL,2008,356.65448
Chile,CHL,2009,287.75
Chile,CHL,2010,318.82718
Chile,CHL,2011,352.70682
Chile,CHL,2012,390.68243
Chile,CHL,2013,335.36673
Chile,CHL,2014,427.1219
Chile,CHL,2015,454.95944
Chile,CHL,2016,493.45865
Chile,CHL,2017,492.62094
Chile,CHL,2018,523.46295
Chile,CHL,2019,510.30933
China,CHN,2000,538.5778
China,CHN,2001,571.7104
China,CHN,2002,619.9744
China,CHN,2003,655.44415
China,CHN,2004,700.0701
China,CHN,2005,840.6356
China,CHN,2006,914.3369
China,CHN,2007,1057.4944
China,CHN,2008,1176.4597
China,CHN,2009,846.5596
China,CHN,2010,884.5934
China,CHN,2011,957.565
China,CHN,2012,1014.3119
China,CHN,2013,1066.2098
China,CHN,2014,1089.1964
China,CHN,2015,1150.8193
China,CHN,2016,1196.688
China,CHN,2017,1224.7822
China,CHN,2018,1307.1213
China,CHN,2019,1471.2539
China,CHN,2020,1584.8651
Colombia,COL,2013,57.3604
Colombia,COL,2014,58.29539
Colombia,COL,2015,69.54869
Colombia,COL,2016,89.36161
Colombia,COL,2017,88.0191
Congo,COG,2000,32.5349
Costa Rica,CRI,2003,131.60255
Costa Rica,CRI,2004,108.63507
Costa Rica,CRI,2005,122.92609
Costa Rica,CRI,2008,261.02786
Costa Rica,CRI,2009,339.54617
Costa Rica,CRI,2010,381.87802
Costa Rica,CRI,2011,406.20874
Costa Rica,CRI,2012,337.24402
Costa Rica,CRI,2013,355.11642
Costa Rica,CRI,2014,568.4619
Costa Rica,CRI,2015,495.2758
Costa Rica,CRI,2016,525.37634
Costa Rica,CRI,2017,380.4076
Costa Rica,CRI,2018,345.03857
Cote d'Ivoire,CIV,2005,69.13831
Croatia,HRV,2000,1529.3328
Croatia,HRV,2001,1509.9562
Croatia,HRV,2002,1950.0437
Croatia,HRV,2003,1335.4159
Croatia,HRV,2004,1628.6935
Croatia,HRV,2005,1308.1143
Croatia,HRV,2006,1321.9618
Croatia,HRV,2007,1404.9521
Croatia,HRV,2008,1538.6079
Croatia,HRV,2009,1596.5397
Croatia,HRV,2010,1641.3423
Croatia,HRV,2011,1587.4896
Croatia,HRV,2012,1556.8412
Croatia,HRV,2013,1526.6808
Croatia,HRV,2014,1437.4298
Croatia,HRV,2015,1504.179
Croatia,HRV,2016,1850.4957
Croatia,HRV,2017,1868.3402
Croatia,HRV,2018,1921.1313
Croatia,HRV,2019,2135.436
Croatia,HRV,2020,2219.8313
Cyprus,CYP,2000,434.37808
Cyprus,CYP,2001,471.97958
Cyprus,CYP,2002,609.4827
Cyprus,CYP,2003,677.832
Cyprus,CYP,2004,795.2888
Cyprus,CYP,2005,916.65063
Cyprus,CYP,2006,986.91675
Cyprus,CYP,2007,1029.1975
Cyprus,CYP,2008,1011.38116
Cyprus,CYP,2009,1065.7518
Cyprus,CYP,2010,1077.7004
Cyprus,CYP,2011,1063.7915
Cyprus,CYP,2012,1017.46436
Cyprus,CYP,2013,1036.1305
Cyprus,CYP,2014,1064.925
Cyprus,CYP,2015,1009.0544
Cyprus,CYP,2016,1050.5356
Cyprus,CYP,2017,1196.4325
Cyprus,CYP,2018,1389.4296
Cyprus,CYP,2019,1635.126
Cyprus,CYP,2020,1690.835
Czechia,CZE,2000,1346.2434
Czechia,CZE,2001,1459.1558
Czechia,CZE,2002,1460.5559
Czechia,CZE,2003,1543.9779
Czechia,CZE,2004,1591.8516
Czechia,CZE,2005,2356.0806
Czechia,CZE,2006,2550.5671
Czechia,CZE,2007,2691.5493
Czechia,CZE,2008,2857.0222
Czechia,CZE,2009,2742.0752
Czechia,CZE,2010,2773.96
Czechia,CZE,2011,2903.6616
Czechia,CZE,2012,3139.2354
Czechia,CZE,2013,3237.2358
Czechia,CZE,2014,3402.8262
Czechia,CZE,2015,3592.0737
Czechia,CZE,2016,3516.1716
Czechia,CZE,2017,3682.0334
Czechia,CZE,2018,3862.6833
Czechia,CZE,2019,3976.0042
Czechia,CZE,2020,4127.9336
Democratic Republic of Congo,COD,2015,10.56469
Denmark,DNK,2001,3630.6038
Denmark,DNK,2002,4754.857
Denmark,DNK,2003,4618.923
Denmark,DNK,2004,4843.254
Denmark,DNK,2005,5197.4473
Denmark,DNK,2006,5298.45
Denmark,DNK,2007,5516.356
Denmark,DNK,2008,6493.8955
Denmark,DNK,2009,6656.97
Denmark,DNK,2010,6739.181
Denmark,DNK,2011,7017.939
Denmark,DNK,2012,7143.2886
Denmark,DNK,2013,7071.1377
Denmark,DNK,2014,7310.658
Denmark,DNK,2015,7528.264
Denmark,DNK,2016,7846.6577
Denmark,DNK,2017,7669.906
Denmark,DNK,2018,7636.1333
Denmark,DNK,2019,7739.425
Denmark,DNK,2020,7691.8936
Ecuador,ECU,2001,39.79971
Ecuador,ECU,2002,41.84589
Ecuador,ECU,2003,48.2435
Ecuador,ECU,2006,70.05997
Ecuador,ECU,2007,64.63095
Ecuador,ECU,2008,102.6071
Ecuador,ECU,2009,117.68404
Ecuador,ECU,2010,140.58063
Ecuador,ECU,2011,179.50769
Ecuador,ECU,2012,281.16656
Ecuador,ECU,2013,350.6611
Ecuador,ECU,2014,399.48996
Egypt,EGY,2007,630.9812
Egypt,EGY,2008,438.60397
Egypt,EGY,2009,433.32825
Egypt,EGY,2010,492.40564
Egypt,EGY,2011,491.7635
Egypt,EGY,2012,517.1435
Egypt,EGY,2013,539.0214
Egypt,EGY,2014,675.24225
Egypt,EGY,2015,672.9407
Egypt,EGY,2016,689.2461
Egypt,EGY,2017,677.1002
Egypt,EGY,2018,686.7174
Egypt,EGY,2019,824.9763
Egypt,EGY,2020,837.97974
El Salvador,SLV,2015,63.23987
El Salvador,SLV,2016,65.76315
El Salvador,SLV,2017,63.71196
El Salvador,SLV,2018,71.17553
El Salvador,SLV,2019,72.98305
Estonia,EST,2000,1905.4944
Estonia,EST,2001,1926.3794
Estonia,EST,2002,2212.2869
Estonia,EST,2003,2197.5237
Estonia,EST,2004,2470.7292
Estonia,EST,2005,2457.1274
Estonia,EST,2006,2603.4507
Estonia,EST,2007,2744.9312
Estonia,EST,2008,2969.2412
Estonia,EST,2009,3228.7156
Estonia,EST,2010,3060.5789
Estonia,EST,2011,3397.5818
Estonia,EST,2012,3462.9248
Estonia,EST,2013,3341.0105
Estonia,EST,2014,3284.2632
Estonia,EST,2015,3183.2437
Estonia,EST,2016,3295.0757
Estonia,EST,2017,3542.5461
Estonia,EST,2018,3755.329
Estonia,EST,2019,3767.9685
Estonia,EST,2020,3846.1104
Eswatini,SWZ,2015,142.3435
Ethiopia,ETH,2005,21.06192
Ethiopia,ETH,2007,20.01875
Ethiopia,ETH,2010,42.22959
Ethiopia,ETH,2013,44.73122
Ethiopia,ETH,2017,90.52892
Finland,FIN,2004,7821.8613
Finland,FIN,2005,7526.6304
Finland,FIN,2006,7657.2207
Finland,FIN,2007,7361.5405
Finland,FIN,2008,7684.808
Finland,FIN,2009,7646.337
Finland,FIN,2010,7720.2236
Finland,FIN,2011,7421.582
Finland,FIN,2012,7473.706
Finland,FIN,2013,7206.532
Finland,FIN,2014,7009.2876
Finland,FIN,2015,6844.5474
Finland,FIN,2016,6531.4795
Finland,FIN,2017,6721.83
Finland,FIN,2018,6861.146
Finland,FIN,2019,7227.544
Finland,FIN,2020,7527.361
France,FRA,2000,2915.6946
France,FRA,2001,2986.8584
France,FRA,2002,3117.212
France,FRA,2003,3199.7483
France,FRA,2004,3334.167
France,FRA,2005,3313.2585
France,FRA,2006,3423.7485
France,FRA,2007,3585.806
France,FRA,2008,3659.8848
France,FRA,2009,3747.2847
France,FRA,2010,3873.013
France,FRA,2011,3942.389
France,FRA,2012,4073.2505
France,FRA,2013,4154.8154
France,FRA,2014,4233.638
France,FRA,2015,4336.014
France,FRA,2016,4414.6987
France,FRA,2017,4569.9077
France,FRA,2018,4699.7417
France,FRA,2019,4811.531
France,FRA,2020,4926.189
Gambia,GMB,2008,91.7548
Gambia,GMB,2009,102.85707
Gambia,GMB,2011,31.70743
Gambia,GMB,2018,52.89256
Georgia,GEO,2013,566.3545
Georgia,GEO,2014,1059.4747
Georgia,GEO,2015,1280.4636
Georgia,GEO,2016,1306.5908
Georgia,GEO,2017,1307.4061
Georgia,GEO,2018,1463.7734
Georgia,GEO,2019,1698.8502
Georgia,GEO,2020,1712.4452
Germany,DEU,2000,3167.951
Germany,DEU,2001,3245.8242
Germany,DEU,2002,3260.092
Germany,DEU,2003,3295.277
Germany,DEU,2004,3309.5735
Germany,DEU,2005,3335.035
Germany,DEU,2006,3434.5693
Germany,DEU,2007,3578.5034
Germany,DEU,2008,3733.278
Germany,DEU,2009,3922.2146
Germany,DEU,2010,4058.0002
Germany,DEU,2011,4188.8115
Germany,DEU,2012,4352.3228
Germany,DEU,2013,4366.6865
Germany,DEU,2014,4320.704
Germany,DEU,2015,4743.786
Germany,DEU,2016,4861.743
Germany,DEU,2017,5076.519
Germany,DEU,2018,5217.3003
Germany,DEU,2019,5396.4707
Germany,DEU,2020,5393.1455
Ghana,GHA,2007,17.0833
Ghana,GHA,2010,37.95861
Ghana,GHA,2015,89.11206
Greece,GRC,2001,1290.7059
Greece,GRC,2003,1393.299
Greece,GRC,2005,1745.4921
Greece,GRC,2006,1779.7491
Greece,GRC,2007,1889.6874
Greece,GRC,2011,2278.5178
Greece,GRC,2012,2300.3145
Greece,GRC,2013,2721.311
Greece,GRC,2014,2791.8716
Greece,GRC,2015,3255.9863
Greece,GRC,2016,2769.9
Greece,GRC,2017,3311.4485
Greece,GRC,2018,3486.7156
Greece,GRC,2019,3731.0457
Greece,GRC,2020,4010.3408
Greenland,GRL,2001,536.15497
Greenland,GRL,2002,539.65106
Greenland,GRL,2003,647.175
Greenland,GRL,2004,701.7112
Guam,GUM,2003,285.32117
Guam,GUM,2004,316.25354
Guam,GUM,2005,303.0265
Guatemala,GTM,2005,29.6273
Guatemala,GTM,2006,24.25912
Guatemala,GTM,2007,34.08678
Guatemala,GTM,2008,38.55373
Guatemala,GTM,2009,38.69725
Guatemala,GTM,2010,24.81132
Guatemala,GTM,2011,24.75115
Guatemala,GTM,2012,26.91416
Guatemala,GTM,2013,17.37646
Guatemala,GTM,2014,20.28482
Guatemala,GTM,2015,22.15054
Guatemala,GTM,2016,22.07069
Guatemala,GTM,2017,14.07038
Guatemala,GTM,2018,12.87117
Guatemala,GTM,2019,14.44703
Honduras,HND,2015,22.38581
Honduras,HND,2017,34.68019
Hong Kong,HKG,2000,1169.7877
Hong Kong,HKG,2001,1372.7401
Hong Kong,HKG,2002,1587.4899
Hong Kong,HKG,2003,2007.0852
Hong Kong,HKG,2004,2163.6677
Hong Kong,HKG,2005,2662.5015
Hong Kong,HKG,2006,2694.0288
Hong Kong,HKG,2007,2858.6194
Hong Kong,HKG,2008,2680.96
Hong Kong,HKG,2009,2784.6926
Hong Kong,HKG,2010,3114.552
Hong Kong,HKG,2011,3085.381
Hong Kong,HKG,2012,3191.214
Hong Kong,HKG,2013,3377.8743
Hong Kong,HKG,2014,3591.1963
Hong Kong,HKG,2015,3565.1287
Hong Kong,HKG,2016,3741.2637
Hong Kong,HKG,2017,3782.3408
Hong Kong,HKG,2018,4026.5989
Hong Kong,HKG,2019,4265.915
Hong Kong,HKG,2020,4352.152
Hungary,HUN,2000,1409.5192
Hungary,HUN,2001,1438.7672
Hungary,HUN,2002,1471.8779
Hungary,HUN,2003,1496.8433
Hungary,HUN,2004,1473.531
Hungary,HUN,2005,1574.2712
Hungary,HUN,2006,1744.9886
Hungary,HUN,2007,1734.9104
Hungary,HUN,2008,1851.9061
Hungary,HUN,2009,2014.5713
Hungary,HUN,2010,2149.8142
Hungary,HUN,2011,2326.1665
Hungary,HUN,2012,2416.4775
Hungary,HUN,2013,2546.0847
Hungary,HUN,2014,2673.4343
Hungary,HUN,2015,2589.098
Hungary,HUN,2016,2645.7568
Hungary,HUN,2017,2921.5332
Hungary,HUN,2018,3873.9124
Hungary,HUN,2019,4057.4397
Hungary,HUN,2020,4357.916
Iceland,ISL,2001,6572.478
Iceland,ISL,2003,6657.3594
Iceland,ISL,2005,7305.2656
Iceland,ISL,2006,8006.673
Iceland,ISL,2007,7235.9863
Iceland,ISL,2008,7423.611
Iceland,ISL,2009,7925.9766
Iceland,ISL,2011,6981.3955
Iceland,ISL,2013,5648.3604
Iceland,ISL,2015,5887.9067
Iceland,ISL,2016,6640.458
Iceland,ISL,2017,6130.511
Iceland,ISL,2018,6088.271
India,IND,2000,109.72807
India,IND,2005,134.91257
India,IND,2010,156.21967
India,IND,2015,216.00082
India,IND,2018,252.70392
Indonesia,IDN,2000,212.6764
Indonesia,IDN,2001,199.23758
Indonesia,IDN,2009,89.4684
Indonesia,IDN,2016,178.8754
Indonesia,IDN,2017,215.19041
Indonesia,IDN,2018,215.99355
Indonesia,IDN,2019,388.03616
Indonesia,IDN,2020,395.6663
Iran,IRN,2006,716.4081
Iran,IRN,2008,752.4618
Iran,IRN,2009,716.5734
Iran,IRN,2010,743.10095
Iran,IRN,2012,697.0623
Iran,IRN,2013,679.389
Iran,IRN,2015,825.2793
Iran,IRN,2017,1474.9135
Iran,IRN,2019,1659.4563
Iraq,IRQ,2007,377.51804
Iraq,IRQ,2008,391.46408
Iraq,IRQ,2009,415.8331
Iraq,IRQ,2010,432.0157
Iraq,IRQ,2011,441.29755
Iraq,IRQ,2014,69.56885
Iraq,IRQ,2015,65.81003
Iraq,IRQ,2016,64.76253
Iraq,IRQ,2017,105.92266
Iraq,IRQ,2018,111.13687
Iraq,IRQ,2019,122.57941
Iraq,IRQ,2020,141.41937
Ireland,IRL,2000,2251.0623
Ireland,IRL,2001,2329.1072
Ireland,IRL,2002,2399.1824
Ireland,IRL,2003,2522.3137
Ireland,IRL,2004,2713.0723
Ireland,IRL,2005,2797.9658
Ireland,IRL,2006,2877.1177
Ireland,IRL,2007,2935.4343
Ireland,IRL,2008,3284.0625
Ireland,IRL,2009,3156.9163
Ireland,IRL,2010,3112.6484
Ireland,IRL,2011,3325.7788
Ireland,IRL,2012,4853.958
Ireland,IRL,2013,5136.475
Ireland,IRL,2014,5304.4795
Ireland,IRL,2015,5270.6597
Ireland,IRL,2016,5178.244
Ireland,IRL,2017,5142.7656
Ireland,IRL,2018,4733.216
Ireland,IRL,2019,4820.691
Ireland,IRL,2020,4769.1416
Italy,ITA,2000,1166.1221
Italy,ITA,2001,1172.7794
Italy,ITA,2002,1245.8702
Italy,ITA,2003,1221.798
Italy,ITA,2004,1242.693
Italy,ITA,2005,1415.3601
Italy,ITA,2006,1510.5166
Italy,ITA,2007,1583.0381
Italy,ITA,2008,1625.3033
Italy,ITA,2009,1723.0204
Italy,ITA,2010,1743.3444
Italy,ITA,2011,1781.3885
Italy,ITA,2012,1848.6268
Italy,ITA,2013,1930.6868
Italy,ITA,2014,1956.3606
Italy,ITA,2015,2077.8826
Italy,ITA,2016,2204.0762
Italy,ITA,2017,2313.6548
Italy,ITA,2018,2512.1855
Italy,ITA,2019,2656.0496
Italy,ITA,2020,2671.8347
Japan,JPN,2000,5078.033
Japan,JPN,2001,5113.158
Japan,JPN,2002,4871.5303
Japan,JPN,2003,5094.3096
Japan,JPN,2004,5099.2637
Japan,JPN,2005,5303.9165
Japan,JPN,2006,5333.0435
Japan,JPN,2007,5325.6235
Japan,JPN,2008,5108.7827
Japan,JPN,2009,5099.211
Japan,JPN,2010,5103.6255
Japan,JPN,2011,5110.1655
Japan,JPN,2012,5032.931
Japan,JPN,2013,5147.435
Japan,JPN,2014,5328.4097
Japan,JPN,2015,5173.031
Japan,JPN,2016,5209.369
Japan,JPN,2017,5304.1377
Japan,JPN,2018,5331.1504
Japan,JPN,2019,5374.581
Japan,JPN,2020,5454.683
Jordan,JOR,2015,252.41257
Jordan,JOR,2016,592.4043
Jordan,JOR,2017,595.96295
Kazakhstan,KAZ,2007,406.56973
Kazakhstan,KAZ,2008,376.4944
Kazakhstan,KAZ,2009,348.62543
Kazakhstan,KAZ,2010,370.53265
Kazakhstan,KAZ,2011,385.9152
Kazakhstan,KAZ,2012,612.18304
Kazakhstan,KAZ,2013,737.22034
Kazakhstan,KAZ,2014,798.6654
Kazakhstan,KAZ,2015,777.1448
Kazakhstan,KAZ,2016,693.6834
Kazakhstan,KAZ,2017,666.1497
Kazakhstan,KAZ,2018,666.9353
Kazakhstan,KAZ,2019,636.9321
Kazakhstan,KAZ,2020,689.25824
Kenya,KEN,2007,54.39476
Kenya,KEN,2010,221.38593
Kuwait,KWT,2000,158.42567
Kuwait,KWT,2001,159.75034
Kuwait,KWT,2002,161.90945
Kuwait,KWT,2003,165.61607
Kuwait,KWT,2004,169.50755
Kuwait,KWT,2005,169.14824
Kuwait,KWT,2006,165.14497
Kuwait,KWT,2007,188.49696
Kuwait,KWT,2008,151.73141
Kuwait,KWT,2009,142.5004
Kuwait,KWT,2010,136.03468
Kuwait,KWT,2011,129.73239
Kuwait,KWT,2012,131.08966
Kuwait,KWT,2014,620.16705
Kuwait,KWT,2015,395.7669
Kuwait,KWT,2016,478.15512
Kuwait,KWT,2017,501.56567
Kuwait,KWT,2018,513.8602
Kuwait,KWT,2019,184.21315
Kuwait,KWT,2020,173.5131
Laos,LAO,2002,15.83763
Latvia,LVA,2000,1599.7222
Latvia,LVA,2001,1482.6007
Latvia,LVA,2002,1479.5094
Latvia,LVA,2003,1389.0768
Latvia,LVA,2004,1458.585
Latvia,LVA,2005,1457.3757
Latvia,LVA,2006,1768.4868
Latvia,LVA,2007,1891.1882
Latvia,LVA,2008,2012.6572
Latvia,LVA,2009,1688.2811
Latvia,LVA,2010,1838.7238
Latvia,LVA,2011,1885.2604
Latvia,LVA,2012,1886.8873
Latvia,LVA,2013,1772.6534
Latvia,LVA,2014,1854.3265
Latvia,LVA,2015,1808.6034
Latvia,LVA,2016,1596.5427
Latvia,LVA,2017,1784.6371
Latvia,LVA,2018,1792.1045
Latvia,LVA,2019,1904.8188
Latvia,LVA,2020,2158.84
Lesotho,LSO,2002,5.91183
Lesotho,LSO,2003,7.43182
Lesotho,LSO,2004,9.97039
Lesotho,LSO,2009,23.01356
Lesotho,LSO,2011,5.93875
Lesotho,LSO,2015,24.1134
Lithuania,LTU,2000,2220.833
Lithuania,LTU,2001,2324.661
Lithuania,LTU,2002,1836.4108
Lithuania,LTU,2003,1934.7668
Lithuania,LTU,2004,2175.6033
Lithuania,LTU,2005,2283.609
Lithuania,LTU,2006,2415.7405
Lithuania,LTU,2007,2598.0522
Lithuania,LTU,2008,2624.7603
Lithuania,LTU,2009,2680.5461
Lithuania,LTU,2010,2752.723
Lithuania,LTU,2011,2721.0195
Lithuania,LTU,2012,2634.326
Lithuania,LTU,2013,2843.8643
Lithuania,LTU,2014,3054.016
Lithuania,LTU,2015,2785.5847
Lithuania,LTU,2016,2950.2793
Lithuania,LTU,2017,3071.9607
Lithuania,LTU,2018,3190.7024
Lithuania,LTU,2019,3489.602
Lithuania,LTU,2020,3728.48
Luxembourg,LUX,2000,3773.4204
Luxembourg,LUX,2003,4357.0405
Luxembourg,LUX,2004,4494.72
Luxembourg,LUX,2005,4864.1235
Luxembourg,LUX,2006,4411.8467
Luxembourg,LUX,2007,4633.6714
Luxembourg,LUX,2008,4712.7656
Luxembourg,LUX,2009,4826.3237
Luxembourg,LUX,2010,5144.9824
Luxembourg,LUX,2011,5451.3613
Luxembourg,LUX,2012,4352.1704
Luxembourg,LUX,2013,4614.218
Luxembourg,LUX,2014,4741.0713
Luxembourg,LUX,2015,4604.9253
Luxembourg,LUX,2016,4776.5786
Luxembourg,LUX,2017,4960.2134
Luxembourg,LUX,2018,4738.475
Luxembourg,LUX,2019,5076.9087
Luxembourg,LUX,2020,4920.301
Macao,MAC,2001,260.99585
Macao,MAC,2002,233.94627
Macao,MAC,2003,319.2333
Macao,MAC,2004,518.2391
Macao,MAC,2005,616.12317
Macao,MAC,2006,556.0967
Macao,MAC,2007,387.90036
Macao,MAC,2008,388.55753
Macao,MAC,2009,569.7188
Macao,MAC,2010,649.847
Macao,MAC,2011,610.531
Macao,MAC,2012,736.6512
Macao,MAC,2013,913.276
Macao,MAC,2014,1031.4669
Macao,MAC,2015,1276.8906
Macao,MAC,2016,2648.2942
Macao,MAC,2017,3227.404
Macao,MAC,2018,3543.2063
Macao,MAC,2019,3724.3167
Macao,MAC,2020,3989.5278
Madagascar,MDG,2000,15.22185
Madagascar,MDG,2001,50.55061
Madagascar,MDG,2002,47.00236
Madagascar,MDG,2003,47.10882
Madagascar,MDG,2004,47.63243
Madagascar,MDG,2005,47.93659
Madagascar,MDG,2006,47.61585
Madagascar,MDG,2007,48.21564
Madagascar,MDG,2008,46.5082
Madagascar,MDG,2009,45.21341
Madagascar,MDG,2010,51.95815
Madagascar,MDG,2011,50.86468
Madagascar,MDG,2016,24.70438
Madagascar,MDG,2017,30.62121
Madagascar,MDG,2018,34.04118
Malawi,MWI,2007,30.40818
Malawi,MWI,2010,50.3521
Malaysia,MYS,2000,276.90906
Malaysia,MYS,2002,295.66196
Malaysia,MYS,2004,502.9445
Malaysia,MYS,2006,369.98376
Malaysia,MYS,2008,600.1074
Malaysia,MYS,2009,1067.537
Malaysia,MYS,2010,1462.4688
Malaysia,MYS,2011,1648.8837
Malaysia,MYS,2012,1790.6946
Malaysia,MYS,2014,2054.1672
Malaysia,MYS,2015,2307.9543
Malaysia,MYS,2016,2396.54
Malaysia,MYS,2018,2184.7224
Mali,MLI,2006,38.85369
Mali,MLI,2010,29.40326
Mali,MLI,2015,30.84218
Mali,MLI,2017,32.86062
Mali,MLI,2019,58.31205
Malta,MLT,2002,682.1864
Malta,MLT,2003,688.5214
Malta,MLT,2004,1082.3773
Malta,MLT,2005,1183.7302
Malta,MLT,2006,1282.2153
Malta,MLT,2007,1206.32
Malta,MLT,2008,1321.1523
Malta,MLT,2009,1200.3344
Malta,MLT,2010,1417.0084
Malta,MLT,2011,1785.9109
Malta,MLT,2012,1986.6812
Malta,MLT,2013,1886.6552
Malta,MLT,2014,1831.719
Malta,MLT,2015,1891.3228
Malta,MLT,2016,2054.5889
Malta,MLT,2017,2130.463
Malta,MLT,2018,2062.6162
Malta,MLT,2019,2132.288
Malta,MLT,2020,2296.4922
Mauritius,MUS,2012,181.81267
Mauritius,MUS,2018,473.85266
Mauritius,MUS,2019,551.2937
Mauritius,MUS,2020,563.9118
Mexico,MEX,2000,224.7512
Mexico,MEX,2001,233.20776
Mexico,MEX,2002,306.1619
Mexico,MEX,2003,325.54974
Mexico,MEX,2004,380.07965
Mexico,MEX,2005,414.33813
Mexico,MEX,2006,337.15088
Mexico,MEX,2007,347.43817
Mexico,MEX,2008,339.65448
Mexico,MEX,2009,382.10138
Mexico,MEX,2010,337.41656
Mexico,MEX,2011,344.22852
Mexico,MEX,2012,248.08539
Mexico,MEX,2013,251.79955
Mexico,MEX,2014,260.1894
Mexico,MEX,2015,281.32422
Mexico,MEX,2016,315.2698
Mexico,MEX,2017,313.56232
Mexico,MEX,2018,310.5572
Mexico,MEX,2019,327.21738
Mexico,MEX,2020,348.7546
Moldova,MDA,2003,758.7108
Moldova,MDA,2004,756.8528
Moldova,MDA,2005,719.5114
Moldova,MDA,2006,700.06226
Moldova,MDA,2007,725.5011
Moldova,MDA,2008,822.1416
Moldova,MDA,2009,802.8184
Moldova,MDA,2010,760.86316
Moldova,MDA,2011,777.3474
Moldova,MDA,2012,768.64795
Moldova,MDA,2013,914.18384
Moldova,MDA,2014,933.3234
Moldova,MDA,2015,953.83527
Moldova,MDA,2016,926.99445
Moldova,MDA,2017,940.53394
Moldova,MDA,2018,918.07196
Moldova,MDA,2019,836.27
Moldova,MDA,2020,788.56976
Monaco,MCO,2004,268.6567
Monaco,MCO,2005,295.4821
Mongolia,MNG,2020,330.99268
Montenegro,MNE,2011,649.7993
Montenegro,MNE,2013,645.0119
Montenegro,MNE,2014,671.8317
Montenegro,MNE,2015,834.62
Montenegro,MNE,2016,715.80707
Montenegro,MNE,2017,702.71826
Montenegro,MNE,2018,762.9709
Montenegro,MNE,2019,746.83075
Morocco,MAR,2006,648.34296
Morocco,MAR,2007,640.6177
Morocco,MAR,2008,656.47095
Morocco,MAR,2010,719.7761
Morocco,MAR,2011,845.40674
Morocco,MAR,2012,850.27814
Morocco,MAR,2014,1024.3535
Morocco,MAR,2016,1073.5403
Mozambique,MOZ,2006,15.98663
Mozambique,MOZ,2008,19.92225
Mozambique,MOZ,2009,11.90581
Mozambique,MOZ,2010,38.77089
Mozambique,MOZ,2015,42.96538
Myanmar,MMR,2001,12.15455
Myanmar,MMR,2002,17.54637
Myanmar,MMR,2017,29.07319
Myanmar,MMR,2018,33.08612
Myanmar,MMR,2019,29.51221
Myanmar,MMR,2020,31.85088
Namibia,NAM,2014,149.46625
Nepal,NPL,2002,60.6658
Netherlands,NLD,2000,2649.3472
Netherlands,NLD,2001,2846.7146
Netherlands,NLD,2002,2723.4036
Netherlands,NLD,2003,2703.8535
Netherlands,NLD,2004,2971.785
Netherlands,NLD,2005,2923.782
Netherlands,NLD,2006,3232.9492
Netherlands,NLD,2007,3093.116
Netherlands,NLD,2008,3061.7263
Netherlands,NLD,2009,2824.308
Netherlands,NLD,2010,3219.0413
Netherlands,NLD,2011,3664.366
Netherlands,NLD,2012,4361.3506
Netherlands,NLD,2013,4915.664
Netherlands,NLD,2014,4955.447
Netherlands,NLD,2015,4928.89
Netherlands,NLD,2016,5159.3237
Netherlands,NLD,2017,5347.579
Netherlands,NLD,2018,5596.569
Netherlands,NLD,2019,5715.17
Netherlands,NLD,2020,5911.687
New Zealand,NZL,2001,2642.9573
New Zealand,NZL,2003,3073.791
New Zealand,NZL,2005,3140.2383
New Zealand,NZL,2007,3449.053
New Zealand,NZL,2009,3723.9753
New Zealand,NZL,2011,3688.8862
New Zealand,NZL,2013,3961.4785
New Zealand,NZL,2015,5417.6675
New Zealand,NZL,2017,5104.174
New Zealand,NZL,2019,5853.9893
Niger,NER,2001,9.27552
Niger,NER,2002,8.5316
Niger,NER,2003,7.9064
Niger,NER,2004,8.07563
Niger,NER,2005,7.41313
Niger,NER,2013,26.46415
Nigeria,NGA,2007,38.78981
North Macedonia,MKD,2000,651.1636
North Macedonia,MKD,2001,606.9975
North Macedonia,MKD,2002,568.1019
North Macedonia,MKD,2003,544.45593
North Macedonia,MKD,2004,519.67676
North Macedonia,MKD,2005,540.21967
North Macedonia,MKD,2006,514.7516
North Macedonia,MKD,2007,502.55975
North Macedonia,MKD,2008,468.24066
North Macedonia,MKD,2009,431.60135
North Macedonia,MKD,2010,532.12836
North Macedonia,MKD,2011,445.22354
North Macedonia,MKD,2012,611.7791
North Macedonia,MKD,2013,675.27686
North Macedonia,MKD,2014,837.5787
North Macedonia,MKD,2015,858.45044
North Macedonia,MKD,2016,854.3342
North Macedonia,MKD,2017,729.3578
North Macedonia,MKD,2018,799.2724
North Macedonia,MKD,2019,786.8837
North Macedonia,MKD,2020,786.6422
Norway,NOR,2001,4352.0605
Norway,NOR,2003,4495.913
Norway,NOR,2004,4493.549
Norway,NOR,2005,4576.562
Norway,NOR,2006,4831.934
Norway,NOR,2007,5159.679
Norway,NOR,2008,5361.1187
Norway,NOR,2009,5443.0967
Norway,NOR,2010,5413.766
Norway,NOR,2011,5502.4624
Norway,NOR,2012,5552.9746
Norway,NOR,2013,5573.826
Norway,NOR,2014,5685.627
Norway,NOR,2015,5890.955
Norway,NOR,2016,6077.568
Norway,NOR,2017,6350.0625
Norway,NOR,2018,6432.605
Norway,NOR,2019,6673.9087
Norway,NOR,2020,6698.835
Oman,OMN,2011,148.75851
Oman,OMN,2012,172.55775
Oman,OMN,2013,132.07693
Oman,OMN,2014,177.91254
Oman,OMN,2015,212.53693
Oman,OMN,2016,239.80296
Oman,OMN,2017,242.4105
Oman,OMN,2018,281.1611
Oman,OMN,2019,354.8794
Oman,OMN,2020,334.91586
Pakistan,PAK,2005,79.15585
Pakistan,PAK,2007,156.9531
Pakistan,PAK,2009,157.2534
Pakistan,PAK,2011,143.0292
Pakistan,PAK,2013,158.12962
Pakistan,PAK,2015,278.85397
Pakistan,PAK,2017,335.58066
Pakistan,PAK,2019,382.89233
Palestine,PSE,2007,74.53826
Palestine,PSE,2008,94.12243
Palestine,PSE,2009,143.26611
Palestine,PSE,2010,323.50082
Palestine,PSE,2013,575.10944
Panama,PAN,2000,94.37922
Panama,PAN,2001,89.33056
Panama,PAN,2002,94.31003
Panama,PAN,2003,94.73214
Panama,PAN,2004,84.72617
Panama,PAN,2005,103.29657
Panama,PAN,2006,104.96317
Panama,PAN,2007,165.62068
Panama,PAN,2008,131.67609
Panama,PAN,2009,110.08
Panama,PAN,2011,118.17132
Panama,PAN,2012,37.65953
Panama,PAN,2013,39.10899
Papua New Guinea,PNG,2016,35.48821
Paraguay,PRY,2001,88.58892
Paraguay,PRY,2002,82.2493
Paraguay,PRY,2003,81.37784
Paraguay,PRY,2004,86.39661
Paraguay,PRY,2005,71.97684
Paraguay,PRY,2008,76.6284
Paraguay,PRY,2011,50.04755
Paraguay,PRY,2012,168.3404
Paraguay,PRY,2014,152.2079
Paraguay,PRY,2015,182.69493
Paraguay,PRY,2016,121.1058
Paraguay,PRY,2017,135.13786
Paraguay,PRY,2018,139.73415
Paraguay,PRY,2019,155.57938
Philippines,PHL,2002,53.7453
Philippines,PHL,2003,70.55823
Philippines,PHL,2005,79.883
Philippines,PHL,2007,77.81402
Philippines,PHL,2009,81.21262
Philippines,PHL,2011,84.10554
Philippines,PHL,2013,186.91776
Philippines,PHL,2015,105.68078
Philippines,PHL,2018,173.64049
Poland,POL,2000,1430.9838
Poland,POL,2001,1457.2699
Poland,POL,2002,1473.8113
Poland,POL,2003,1524.2513
Poland,POL,2004,1587.1016
Poland,POL,2005,1620.1173
Poland,POL,2006,1553.2148
Poland,POL,2007,1600.7811
Poland,POL,2008,1611.3237
Poland,POL,2009,1593.2711
Poland,POL,2010,1683.0542
Poland,POL,2011,1675.0616
Poland,POL,2012,1752.7068
Poland,POL,2013,1873.0599
Poland,POL,2014,2064.0496
Poland,POL,2015,2171.5789
Poland,POL,2016,2320.79
Poland,POL,2017,3019.1145
Poland,POL,2018,3106.1064
Poland,POL,2019,3187.8362
Poland,POL,2020,3288.1675
Portugal,PRT,2000,1625.5342
Portugal,PRT,2001,1713.9867
Portugal,PRT,2002,1827.8049
Portugal,PRT,2003,1940.8201
Portugal,PRT,2004,1975.3873
Portugal,PRT,2005,2010.3975
Portugal,PRT,2006,2338.1833
Portugal,PRT,2007,2664.8547
Portugal,PRT,2008,3813.757
Portugal,PRT,2009,3756.501
Portugal,PRT,2010,3918.759
Portugal,PRT,2011,4168.267
Portugal,PRT,2012,4037.332
Portugal,PRT,2013,3610.5535
Portugal,PRT,2014,3662.3755
Portugal,PRT,2015,3729.773
Portugal,PRT,2016,4004.5764
Portugal,PRT,2017,4367.733
Portugal,PRT,2018,4646.135
Portugal,PRT,2019,4905.6855
Portugal,PRT,2020,5214.8467
Puerto Rico,PRI,2013,273.9837
Puerto Rico,PRI,2015,348.36426
Qatar,QAT,2012,548.0009
Qatar,QAT,2015,583.9826
Qatar,QAT,2018,577.3485
Romania,ROU,2000,924.94977
Romania,ROU,2001,897.0706
Romania,ROU,2002,928.282
Romania,ROU,2003,965.2213
Romania,ROU,2004,985.12897
Romania,ROU,2005,1071.9376
Romania,ROU,2006,895.7675
Romania,ROU,2007,894.1633
Romania,ROU,2008,931.0826
Romania,ROU,2009,933.76337
Romania,ROU,2010,966.20416
Romania,ROU,2011,790.68805
Romania,ROU,2012,890.67
Romania,ROU,2013,922.67456
Romania,ROU,2014,903.8263
Romania,ROU,2015,876.2282
Romania,ROU,2016,911.5852
Romania,ROU,2017,891.3212
Romania,ROU,2018,882.4413
Romania,ROU,2019,895.9668
Romania,ROU,2020,952.869
Russia,RUS,2000,3459.037
Russia,RUS,2001,3468.2542
Russia,RUS,2002,3387.6777
Russia,RUS,2003,3370.9565
Russia,RUS,2004,3315.1365
Russia,RUS,2005,3233.592
Russia,RUS,2006,3238.1204
Russia,RUS,2007,3274.1565
Russia,RUS,2008,3149.8562
Russia,RUS,2009,3085.694
Russia,RUS,2010,3081.079
Russia,RUS,2011,3114.6108
Russia,RUS,2012,3078.3875
Russia,RUS,2013,3052.691
Russia,RUS,2014,3075.1426
Russia,RUS,2015,3098.1123
Russia,RUS,2016,2952.2139
Russia,RUS,2017,2821.5266
Russia,RUS,2018,2784.3323
Russia,RUS,2019,2746.6704
Russia,RUS,2020,2721.6807
Rwanda,RWA,2008,10.89817
Rwanda,RWA,2009,12.59357
Rwanda,RWA,2013,15.5482
Rwanda,RWA,2016,13.86086
Rwanda,RWA,2019,58.7632
Saudi Arabia,SAU,2020,453.1527
Senegal,SEN,2006,264.53427
Senegal,SEN,2007,280.3951
Senegal,SEN,2008,377.09393
Senegal,SEN,2010,369.0602
Senegal,SEN,2015,564.3395
Serbia,SRB,2007,1195.5864
Serbia,SRB,2008,1360.3662
Serbia,SRB,2009,1429.3694
Serbia,SRB,2010,1514.8419
Serbia,SRB,2011,1624.0085
Serbia,SRB,2012,1643.3741
Serbia,SRB,2013,1726.973
Serbia,SRB,2014,1830.9924
Serbia,SRB,2015,2071.2168
Serbia,SRB,2016,2132.7727
Serbia,SRB,2017,2079.1997
Serbia,SRB,2018,2087.219
Serbia,SRB,2019,2098.4436
Serbia,SRB,2020,2167.1104
Seychelles,SYC,2005,146.64742
Singapore,SGP,2000,4128.405
Singapore,SGP,2001,4105.9175
Singapore,SGP,2002,4414.81
Singapore,SGP,2003,4849.3
Singapore,SGP,2004,5113.2705
Singapore,SGP,2005,5576.9
Singapore,SGP,2006,5686.4014
Singapore,SGP,2007,5962.788
Singapore,SGP,2008,5829.3433
Singapore,SGP,2009,6146.383
Singapore,SGP,2010,6241.8623
Singapore,SGP,2011,6405.069
Singapore,SGP,2012,6356.6724
Singapore,SGP,2013,6603.113
Singapore,SGP,2014,6632.244
Singapore,SGP,2015,7006.63
Singapore,SGP,2016,6934.911
Singapore,SGP,2017,6814.625
Singapore,SGP,2018,6824.75
Singapore,SGP,2019,7286.8667
Slovakia,SVK,2000,1843.788
Slovakia,SVK,2001,1775.0027
Slovakia,SVK,2002,1700.1467
Slovakia,SVK,2003,1782.8325
Slovakia,SVK,2004,1985.0057
Slovakia,SVK,2005,2022.7218
Slovakia,SVK,2006,2181.2583
Slovakia,SVK,2007,2288.3691
Slovakia,SVK,2008,2331.253
Slovakia,SVK,2009,2460.5857
Slovakia,SVK,2010,2809.3958
Slovakia,SVK,2011,2833.4402
Slovakia,SVK,2012,2820.1687
Slovakia,SVK,2013,2716.368
Slovakia,SVK,2014,2715.5525
Slovakia,SVK,2015,2650.208
Slovakia,SVK,2016,2599.962
Slovakia,SVK,2017,2794.8384
Slovakia,SVK,2018,2995.9578
Slovakia,SVK,2019,3111.0427
Slovakia,SVK,2020,3164.31
Slovenia,SVN,2000,2181.397
Slovenia,SVN,2001,2263.189
Slovenia,SVN,2002,2335.8713
Slovenia,SVN,2003,1899.0251
Slovenia,SVN,2004,2024.8998
Slovenia,SVN,2005,2633.1145
Slovenia,SVN,2006,2924.9463
Slovenia,SVN,2007,3106.1797
Slovenia,SVN,2008,3475.9363
Slovenia,SVN,2009,3661.1196
Slovenia,SVN,2010,3769.8137
Slovenia,SVN,2011,4277.3145
Slovenia,SVN,2012,4317.1836
Slovenia,SVN,2013,4220.3276
Slovenia,SVN,2014,4147.0615
Slovenia,SVN,2015,3814.2158
Slovenia,SVN,2016,3914.2612
Slovenia,SVN,2017,4479.4004
Slovenia,SVN,2018,4845.4233
Slovenia,SVN,2019,5054.7134
Slovenia,SVN,2020,4932.326
South Africa,ZAF,2001,311.20483
South Africa,ZAF,2003,302.46454
South Africa,ZAF,2004,378.80948
South Africa,ZAF,2005,361.3785
South Africa,ZAF,2006,383.02655
South Africa,ZAF,2007,393.3301
South Africa,ZAF,2008,389.4041
South Africa,ZAF,2009,392.12036
South Africa,ZAF,2010,365.49512
South Africa,ZAF,2011,386.80014
South Africa,ZAF,2012,404.71936
South Africa,ZAF,2013,434.8531
South Africa,ZAF,2014,432.16156
South Africa,ZAF,2015,472.30756
South Africa,ZAF,2016,492.03625
South Africa,ZAF,2017,517.7223
South Africa,ZAF,2018,503.71225
South Africa,ZAF,2019,484.28003
South Korea,KOR,2000,2287.2886
South Korea,KOR,2001,2857.8452
South Korea,KOR,2002,2956.632
South Korea,KOR,2003,3134.09
South Korea,KOR,2004,3221.4602
South Korea,KOR,2005,3692.1655
South Korea,KOR,2006,4091.4111
South Korea,KOR,2007,4525.932
South Korea,KOR,2008,4801.242
South Korea,KOR,2009,4946.086
South Korea,KOR,2010,5330.8013
South Korea,KOR,2011,5802.837
South Korea,KOR,2012,6304.138
South Korea,KOR,2013,6392.636
South Korea,KOR,2014,6826.274
South Korea,KOR,2015,7013.4907
South Korea,KOR,2016,7086.4463
South Korea,KOR,2017,7497.596
South Korea,KOR,2018,7980.3955
South Korea,KOR,2019,8407.758
South Korea,KOR,2020,8713.594
Spain,ESP,2000,1878.0199
Spain,ESP,2001,1938.0859
Spain,ESP,2002,1987.5626
Spain,ESP,2003,2172.0752
Spain,ESP,2004,2331.9849
Spain,ESP,2005,2492.5598
Spain,ESP,2006,2588.9138
Spain,ESP,2007,2699.2427
Spain,ESP,2008,2843.2751
Spain,ESP,2009,2872.3306
Spain,ESP,2010,2869.1687
Spain,ESP,2011,2765.9978
Spain,ESP,2012,2693.7795
Spain,ESP,2013,2625.6814
Spain,ESP,2014,2613.0999
Spain,ESP,2015,2623.3542
Spain,ESP,2016,2715.4653
Spain,ESP,2017,2855.7456
Spain,ESP,2018,3000.8894
Spain,ESP,2019,3080.527
Spain,ESP,2020,3109.2437
Sri Lanka,LKA,2000,135.10777
Sri Lanka,LKA,2004,138.1843
Sri Lanka,LKA,2006,93.06471
Sri Lanka,LKA,2008,98.67902
Sri Lanka,LKA,2010,105.6178
Sri Lanka,LKA,2013,110.14833
Sri Lanka,LKA,2014,98.94889
Sri Lanka,LKA,2015,105.988
Sri Lanka,LKA,2016,106.84467
Sri Lanka,LKA,2017,106.39893
Sri Lanka,LKA,2018,105.61143
Sweden,SWE,2001,5169.3013
Sweden,SWE,2003,5383.047
Sweden,SWE,2004,5426.079
Sweden,SWE,2005,6085.1084
Sweden,SWE,2006,6126.648
Sweden,SWE,2007,4999.706
Sweden,SWE,2008,5437.167
Sweden,SWE,2009,5079.7334
Sweden,SWE,2010,5251.45
Sweden,SWE,2011,5144.5537
Sweden,SWE,2012,5164.096
Sweden,SWE,2013,6674.3496
Sweden,SWE,2014,6875.99
Sweden,SWE,2015,6834.034
Sweden,SWE,2016,7154.5293
Sweden,SWE,2017,7383.4194
Sweden,SWE,2018,7536.475
Sweden,SWE,2019,7834.3994
Sweden,SWE,2020,7930.181
Switzerland,CHE,2000,3654.2375
Switzerland,CHE,2004,3468.1748
Switzerland,CHE,2008,3298.2146
Switzerland,CHE,2012,4468.6494
Switzerland,CHE,2015,5271.9277
Switzerland,CHE,2017,5235.812
Switzerland,CHE,2019,5551.9697
Syria,SYR,2015,90.95754
Tanzania,TZA,2010,36.07047
Tanzania,TZA,2013,19.15202
Thailand,THA,2001,278.7256
Thailand,THA,2003,280.62027
Thailand,THA,2005,313.4698
Thailand,THA,2007,323.22955
Thailand,THA,2009,329.01212
Thailand,THA,2011,538.51996
Thailand,THA,2013,790.8927
Thailand,THA,2014,963.8546
Thailand,THA,2015,864.6791
Thailand,THA,2016,1208.459
Thailand,THA,2017,1350.3433
Thailand,THA,2018,1758.0833
Thailand,THA,2019,1790.1466
Togo,TGO,2003,26.63846
Togo,TGO,2004,25.05594
Togo,TGO,2005,33.14539
Togo,TGO,2006,23.59931
Togo,TGO,2007,36.48427
Togo,TGO,2010,34.30567
Togo,TGO,2011,34.45603
Togo,TGO,2012,35.78489
Togo,TGO,2014,38.04847
Togo,TGO,2015,36.13195
Togo,TGO,2016,32.17731
Togo,TGO,2017,38.75703
Togo,TGO,2018,48.05369
Togo,TGO,2019,46.85385
Togo,TGO,2020,45.63868
Trinidad and Tobago,TTO,2017,517.319
Trinidad and Tobago,TTO,2018,566.9705
Trinidad and Tobago,TTO,2019,491.76578
Tunisia,TUN,2007,1087.8503
Tunisia,TUN,2008,1217.4451
Tunisia,TUN,2009,1490.5431
Tunisia,TUN,2010,1384.7355
Tunisia,TUN,2011,1431.4067
Tunisia,TUN,2012,1629.2981
Tunisia,TUN,2013,1801.3411
Tunisia,TUN,2014,1818.913
Tunisia,TUN,2015,1800.0977
Tunisia,TUN,2016,1997.3558
Tunisia,TUN,2017,1945.5208
Tunisia,TUN,2018,1812.3334
Tunisia,TUN,2019,1744.8901
Tunisia,TUN,2020,1659.9232
Turkey,TUR,2000,365.00522
Turkey,TUR,2001,353.65643
Turkey,TUR,2002,368.3301
Turkey,TUR,2003,494.17908
Turkey,TUR,2004,505.5377
Turkey,TUR,2005,576.3915
Turkey,TUR,2006,620.4982
Turkey,TUR,2007,713.8048
Turkey,TUR,2008,749.95605
Turkey,TUR,2009,809.83496
Turkey,TUR,2010,889.5845
Turkey,TUR,2011,981.82745
Turkey,TUR,2012,1100.0841
Turkey,TUR,2013,1173.1882
Turkey,TUR,2014,1160.9236
Turkey,TUR,2015,1211.785
Turkey,TUR,2016,1254.6746
Turkey,TUR,2017,1379.412
Turkey,TUR,2018,1533.2645
Turkey,TUR,2019,1624.3014
Turkey,TUR,2020,1775.347
Uganda,UGA,2010,38.93837
Uganda,UGA,2014,27.84496
Ukraine,UKR,2006,1475.3947
Ukraine,UKR,2007,1455.6353
Ukraine,UKR,2008,1428.2872
Ukraine,UKR,2009,1345.5935
Ukraine,UKR,2010,1327.9913
Ukraine,UKR,2011,1257.9285
Ukraine,UKR,2012,1231.0256
Ukraine,UKR,2013,1162.0492
Ukraine,UKR,2014,1023.92664
Ukraine,UKR,2015,1005.9972
Ukraine,UKR,2016,1037.2408
Ukraine,UKR,2017,994.07745
Ukraine,UKR,2018,988.07666
Ukraine,UKR,2019,880.55414
Ukraine,UKR,2020,846.2485
United Arab Emirates,ARE,2015,1980.4781
United Arab Emirates,ARE,2016,2383.0837
United Arab Emirates,ARE,2018,2378.889
United Arab Emirates,ARE,2019,2382.1013
United Arab Emirates,ARE,2020,2442.5374
United Kingdom,GBR,2000,2894.515
United Kingdom,GBR,2001,3080.694
United Kingdom,GBR,2002,3340.2217
United Kingdom,GBR,2003,3638.0903
United Kingdom,GBR,2004,3824.262
United Kingdom,GBR,2005,4123.5317
United Kingdom,GBR,2006,4176.3125
United Kingdom,GBR,2007,4111.1406
United Kingdom,GBR,2008,4053.9272
United Kingdom,GBR,2009,4076.552
United Kingdom,GBR,2010,4043.267
United Kingdom,GBR,2011,3926.118
United Kingdom,GBR,2012,3969.8591
United Kingdom,GBR,2013,4119.451
United Kingdom,GBR,2014,4227.62
United Kingdom,GBR,2015,4319.5015
United Kingdom,GBR,2016,4357.933
United Kingdom,GBR,2017,4434.966
United Kingdom,GBR,2018,4554.466
United Kingdom,GBR,2019,4683.7656
United States,USA,2000,3495.4595
United States,USA,2001,3566.03
United States,USA,2002,3650.9204
United States,USA,2003,3892.2722
United States,USA,2004,3786.5369
United States,USA,2005,3739.7356
United States,USA,2006,3802.8696
United States,USA,2007,3777.5142
United States,USA,2008,3932.7769
United States,USA,2009,4088.9316
United States,USA,2010,3883.2297
United States,USA,2011,4025.4014
United States,USA,2012,3989.5608
United States,USA,2013,4090.9314
United States,USA,2014,4205.8706
United States,USA,2015,4269.874
United States,USA,2016,4251.164
United States,USA,2017,4411.699
United States,USA,2018,4748.842
United States,USA,2019,4821.2275
Uruguay,URY,2000,277.64557
Uruguay,URY,2002,373.41705
Uruguay,URY,2008,427.816
Uruguay,URY,2009,558.56146
Uruguay,URY,2010,626.6233
Uruguay,URY,2011,614.4377
Uruguay,URY,2012,632.4403
Uruguay,URY,2013,634.9126
Uruguay,URY,2014,642.85876
Uruguay,URY,2015,661.4871
Uruguay,URY,2016,679.00476
Uruguay,URY,2017,690.7908
Uruguay,URY,2018,696.3762
Uruguay,URY,2019,728.5366
Uruguay,URY,2020,767.1869
Uzbekistan,UZB,2000,662.2539
Uzbekistan,UZB,2001,614.611
Uzbekistan,UZB,2002,630.4087
Uzbekistan,UZB,2003,588.33124
Uzbekistan,UZB,2004,578.389
Uzbekistan,UZB,2005,632.7809
Uzbekistan,UZB,2006,565.66034
Uzbekistan,UZB,2007,556.9256
Uzbekistan,UZB,2008,580.4108
Uzbekistan,UZB,2009,572.98175
Uzbekistan,UZB,2010,544.959
Uzbekistan,UZB,2011,574.80054
Uzbekistan,UZB,2012,513.08325
Uzbekistan,UZB,2013,507.03864
Uzbekistan,UZB,2014,501.24255
Uzbekistan,UZB,2015,497.42065
Uzbekistan,UZB,2016,506.04688
Uzbekistan,UZB,2017,495.5728
Uzbekistan,UZB,2018,476.17883
Uzbekistan,UZB,2019,417.99826
Uzbekistan,UZB,2020,423.94196
Venezuela,VEN,2000,61.79615
Venezuela,VEN,2001,71.45039
Venezuela,VEN,2002,70.15822
Venezuela,VEN,2003,95.88432
Venezuela,VEN,2004,105.74462
Venezuela,VEN,2005,122.87928
Venezuela,VEN,2006,148.1181
Venezuela,VEN,2007,165.2622
Venezuela,VEN,2008,190.36879
Venezuela,VEN,2009,185.82991
Venezuela,VEN,2010,204.04404
Venezuela,VEN,2011,232.62357
Venezuela,VEN,2012,295.83624
Venezuela,VEN,2013,363.7885
Venezuela,VEN,2014,272.67612
Venezuela,VEN,2015,248.92104
Venezuela,VEN,2016,300.25537
Venezuela,VEN,2019,237.13145
Venezuela,VEN,2020,291.14563
Vietnam,VNM,2002,114.40569
Vietnam,VNM,2013,679.4627
Vietnam,VNM,2015,678.5605
Vietnam,VNM,2017,707.7436
Vietnam,VNM,2019,756.6909
World,OWID_WRL,2000,1073.5543
World,OWID_WRL,2005,1198.2174
World,OWID_WRL,2010,1278.8661
World,OWID_WRL,2015,1403.9191
World,OWID_WRL,2018,1591.914
Zambia,ZMB,2008,41.71683
Zimbabwe,ZWE,2012,99.5185
