Entity,Code,Year,public_admin_vdem_owid
Afghanistan,AFG,2000,-1.645
Afghanistan,AFG,2001,-1.645
Afghanistan,AFG,2002,-0.97
Afghanistan,AFG,2003,-0.97
Afghanistan,AFG,2004,-0.97
Afghanistan,AFG,2005,-0.97
Afghanistan,AFG,2006,-0.97
Afghanistan,AFG,2007,-0.97
Afghanistan,AFG,2008,-0.918
Afghanistan,AFG,2009,-0.918
Afghanistan,AFG,2010,-0.918
Afghanistan,AFG,2011,-0.824
Afghanistan,AFG,2012,-0.824
Afghanistan,AFG,2013,-1.018
Afghanistan,AFG,2014,-0.935
Afghanistan,AFG,2015,-0.772
Afghanistan,AFG,2016,-1.102
Afghanistan,AFG,2017,-1.136
Afghanistan,AFG,2018,-1.136
Afghanistan,AFG,2019,-0.921
Afghanistan,AFG,2020,-0.477
Albania,ALB,2000,0.092
Albania,ALB,2001,0.51
Albania,ALB,2002,0.51
Albania,ALB,2003,0.51
Albania,ALB,2004,0.51
Albania,ALB,2005,0.51
Albania,ALB,2006,0.51
Albania,ALB,2007,0.51
Albania,ALB,2008,0.51
Albania,ALB,2009,0.51
Albania,ALB,2010,0.51
Albania,ALB,2011,0.51
Albania,ALB,2012,0.51
Albania,ALB,2013,0.609
Albania,ALB,2014,0.609
Albania,ALB,2015,0.609
Albania,ALB,2016,0.609
Albania,ALB,2017,0.609
Albania,ALB,2018,0.527
Albania,ALB,2019,0.527
Albania,ALB,2020,0.405
Algeria,DZA,2000,-0.647
Algeria,DZA,2001,-0.647
Algeria,DZA,2002,-0.647
Algeria,DZA,2003,-0.647
Algeria,DZA,2004,-0.647
Algeria,DZA,2005,-0.647
Algeria,DZA,2006,-0.647
Algeria,DZA,2007,-0.647
Algeria,DZA,2008,-0.647
Algeria,DZA,2009,-0.647
Algeria,DZA,2010,-0.647
Algeria,DZA,2011,-0.647
Algeria,DZA,2012,-0.603
Algeria,DZA,2013,-0.603
Algeria,DZA,2014,-0.603
Algeria,DZA,2015,-0.603
Algeria,DZA,2016,-0.072
Algeria,DZA,2017,-0.387
Algeria,DZA,2018,-0.42
Algeria,DZA,2019,-1.188
Algeria,DZA,2020,-1.188
Angola,AGO,2000,-1.04
Angola,AGO,2001,-1.04
Angola,AGO,2002,-1.04
Angola,AGO,2003,-1.061
Angola,AGO,2004,-1.061
Angola,AGO,2005,-1.061
Angola,AGO,2006,-1.061
Angola,AGO,2007,-1.061
Angola,AGO,2008,-1.061
Angola,AGO,2009,-1.061
Angola,AGO,2010,-0.969
Angola,AGO,2011,-0.969
Angola,AGO,2012,-0.969
Angola,AGO,2013,-1.126
Angola,AGO,2014,-1.126
Angola,AGO,2015,-1.126
Angola,AGO,2016,-1.126
Angola,AGO,2017,-0.27
Angola,AGO,2018,-0.078
Angola,AGO,2019,-0.103
Angola,AGO,2020,-0.103
Argentina,ARG,2000,0.467
Argentina,ARG,2001,0.467
Argentina,ARG,2002,0.467
Argentina,ARG,2003,0.925
Argentina,ARG,2004,0.925
Argentina,ARG,2005,0.925
Argentina,ARG,2006,0.925
Argentina,ARG,2007,0.925
Argentina,ARG,2008,0.925
Argentina,ARG,2009,0.925
Argentina,ARG,2010,0.925
Argentina,ARG,2011,0.925
Argentina,ARG,2012,0.925
Argentina,ARG,2013,0.979
Argentina,ARG,2014,0.979
Argentina,ARG,2015,0.951
Argentina,ARG,2016,1.011
Argentina,ARG,2017,1.011
Argentina,ARG,2018,0.913
Argentina,ARG,2019,0.913
Argentina,ARG,2020,1.326
Armenia,ARM,2000,-0.688
Armenia,ARM,2001,-0.688
Armenia,ARM,2002,-0.323
Armenia,ARM,2003,-0.323
Armenia,ARM,2004,-0.323
Armenia,ARM,2005,-0.323
Armenia,ARM,2006,-0.323
Armenia,ARM,2007,-0.323
Armenia,ARM,2008,-0.323
Armenia,ARM,2009,-0.323
Armenia,ARM,2010,-0.118
Armenia,ARM,2011,-0.118
Armenia,ARM,2012,-0.118
Armenia,ARM,2013,-0.184
Armenia,ARM,2014,-0.117
Armenia,ARM,2015,-0.117
Armenia,ARM,2016,-0.117
Armenia,ARM,2017,-0.248
Armenia,ARM,2018,1.008
Armenia,ARM,2019,1.345
Armenia,ARM,2020,1.025
Australia,AUS,2000,3.587
Australia,AUS,2001,3.587
Australia,AUS,2002,3.587
Australia,AUS,2003,3.587
Australia,AUS,2004,3.587
Australia,AUS,2005,3.587
Australia,AUS,2006,3.587
Australia,AUS,2007,3.587
Australia,AUS,2008,3.587
Australia,AUS,2009,3.587
Australia,AUS,2010,3.418
Australia,AUS,2011,3.418
Australia,AUS,2012,3.418
Australia,AUS,2013,3.418
Australia,AUS,2014,3.418
Australia,AUS,2015,3.072
Australia,AUS,2016,3.377
Australia,AUS,2017,3.377
Australia,AUS,2018,3.377
Australia,AUS,2019,3.377
Australia,AUS,2020,3.377
Austria,AUT,2000,2.612
Austria,AUT,2001,2.612
Austria,AUT,2002,2.612
Austria,AUT,2003,2.612
Austria,AUT,2004,2.612
Austria,AUT,2005,2.612
Austria,AUT,2006,2.612
Austria,AUT,2007,2.612
Austria,AUT,2008,2.612
Austria,AUT,2009,2.612
Austria,AUT,2010,2.612
Austria,AUT,2011,2.612
Austria,AUT,2012,2.612
Austria,AUT,2013,2.612
Austria,AUT,2014,2.612
Austria,AUT,2015,2.612
Austria,AUT,2016,2.612
Austria,AUT,2017,2.612
Austria,AUT,2018,2.024
Austria,AUT,2019,2.024
Austria,AUT,2020,2.756
Azerbaijan,AZE,2000,-1.145
Azerbaijan,AZE,2001,-1.145
Azerbaijan,AZE,2002,-1.145
Azerbaijan,AZE,2003,-1.145
Azerbaijan,AZE,2004,-1.145
Azerbaijan,AZE,2005,-1.145
Azerbaijan,AZE,2006,-1.145
Azerbaijan,AZE,2007,-1.145
Azerbaijan,AZE,2008,-1.145
Azerbaijan,AZE,2009,-1.145
Azerbaijan,AZE,2010,-1.324
Azerbaijan,AZE,2011,-1.324
Azerbaijan,AZE,2012,-1.324
Azerbaijan,AZE,2013,-1.203
Azerbaijan,AZE,2014,-1.203
Azerbaijan,AZE,2015,-1.203
Azerbaijan,AZE,2016,-1.176
Azerbaijan,AZE,2017,-1.155
Azerbaijan,AZE,2018,-1.288
Azerbaijan,AZE,2019,-1.258
Azerbaijan,AZE,2020,-1.241
Bahrain,BHR,2000,-0.11
Bahrain,BHR,2001,-0.11
Bahrain,BHR,2002,-0.11
Bahrain,BHR,2003,-0.11
Bahrain,BHR,2004,-0.11
Bahrain,BHR,2005,-0.11
Bahrain,BHR,2006,-0.11
Bahrain,BHR,2007,-0.33
Bahrain,BHR,2008,-0.33
Bahrain,BHR,2009,-0.33
Bahrain,BHR,2010,-0.33
Bahrain,BHR,2011,-2.402
Bahrain,BHR,2012,-2.402
Bahrain,BHR,2013,-2.041
Bahrain,BHR,2014,-1.608
Bahrain,BHR,2015,-1.295
Bahrain,BHR,2016,-1.295
Bahrain,BHR,2017,-1.295
Bahrain,BHR,2018,-1.295
Bahrain,BHR,2019,-1.103
Bahrain,BHR,2020,-1.103
Bangladesh,BGD,2000,-0.784
Bangladesh,BGD,2001,-0.784
Bangladesh,BGD,2002,-0.784
Bangladesh,BGD,2003,-0.784
Bangladesh,BGD,2004,-0.784
Bangladesh,BGD,2005,-0.784
Bangladesh,BGD,2006,-0.784
Bangladesh,BGD,2007,-0.678
Bangladesh,BGD,2008,-0.631
Bangladesh,BGD,2009,-1.386
Bangladesh,BGD,2010,-1.386
Bangladesh,BGD,2011,-1.431
Bangladesh,BGD,2012,-1.431
Bangladesh,BGD,2013,-1.749
Bangladesh,BGD,2014,-1.749
Bangladesh,BGD,2015,-1.242
Bangladesh,BGD,2016,-1.242
Bangladesh,BGD,2017,-1.557
Bangladesh,BGD,2018,-1.557
Bangladesh,BGD,2019,-1.889
Bangladesh,BGD,2020,-1.889
Barbados,BRB,2000,1.266
Barbados,BRB,2001,1.266
Barbados,BRB,2002,1.266
Barbados,BRB,2003,1.266
Barbados,BRB,2004,1.266
Barbados,BRB,2005,1.266
Barbados,BRB,2006,1.266
Barbados,BRB,2007,1.266
Barbados,BRB,2008,1.266
Barbados,BRB,2009,1.266
Barbados,BRB,2010,1.364
Barbados,BRB,2011,1.364
Barbados,BRB,2012,1.364
Barbados,BRB,2013,1.364
Barbados,BRB,2014,1.364
Barbados,BRB,2015,1.364
Barbados,BRB,2016,1.364
Barbados,BRB,2017,1.248
Barbados,BRB,2018,1.248
Barbados,BRB,2019,1.248
Barbados,BRB,2020,1.248
Belarus,BLR,2000,0.192
Belarus,BLR,2001,0.424
Belarus,BLR,2002,0.424
Belarus,BLR,2003,0.424
Belarus,BLR,2004,0.424
Belarus,BLR,2005,0.424
Belarus,BLR,2006,0.424
Belarus,BLR,2007,0.424
Belarus,BLR,2008,0.424
Belarus,BLR,2009,0.424
Belarus,BLR,2010,0.424
Belarus,BLR,2011,0.424
Belarus,BLR,2012,0.424
Belarus,BLR,2013,0.378
Belarus,BLR,2014,0.378
Belarus,BLR,2015,0.378
Belarus,BLR,2016,0.428
Belarus,BLR,2017,0.428
Belarus,BLR,2018,0.428
Belarus,BLR,2019,0.428
Belarus,BLR,2020,-0.775
Belgium,BEL,2000,2.785
Belgium,BEL,2001,2.785
Belgium,BEL,2002,2.785
Belgium,BEL,2003,2.785
Belgium,BEL,2004,2.785
Belgium,BEL,2005,2.785
Belgium,BEL,2006,2.785
Belgium,BEL,2007,2.785
Belgium,BEL,2008,2.785
Belgium,BEL,2009,2.785
Belgium,BEL,2010,2.785
Belgium,BEL,2011,2.785
Belgium,BEL,2012,2.785
Belgium,BEL,2013,2.785
Belgium,BEL,2014,2.785
Belgium,BEL,2015,2.785
Belgium,BEL,2016,2.785
Belgium,BEL,2017,2.785
Belgium,BEL,2018,2.785
Belgium,BEL,2019,2.785
Belgium,BEL,2020,2.785
Benin,BEN,2000,0.103
Benin,BEN,2001,0.103
Benin,BEN,2002,0.103
Benin,BEN,2003,0.103
Benin,BEN,2004,0.103
Benin,BEN,2005,0.506
Benin,BEN,2006,0.506
Benin,BEN,2007,0.506
Benin,BEN,2008,0.506
Benin,BEN,2009,0.506
Benin,BEN,2010,0.506
Benin,BEN,2011,0.506
Benin,BEN,2012,0.506
Benin,BEN,2013,0.783
Benin,BEN,2014,0.783
Benin,BEN,2015,0.454
Benin,BEN,2016,1.332
Benin,BEN,2017,1.58
Benin,BEN,2018,2.331
Benin,BEN,2019,1.972
Benin,BEN,2020,1.972
Bhutan,BTN,2000,1.77
Bhutan,BTN,2001,1.77
Bhutan,BTN,2002,1.77
Bhutan,BTN,2003,1.77
Bhutan,BTN,2004,1.77
Bhutan,BTN,2005,1.77
Bhutan,BTN,2006,1.77
Bhutan,BTN,2007,1.77
Bhutan,BTN,2008,2.124
Bhutan,BTN,2009,2.571
Bhutan,BTN,2010,2.228
Bhutan,BTN,2011,2.228
Bhutan,BTN,2012,2.228
Bhutan,BTN,2013,1.857
Bhutan,BTN,2014,1.857
Bhutan,BTN,2015,1.857
Bhutan,BTN,2016,1.857
Bhutan,BTN,2017,2.686
Bhutan,BTN,2018,1.986
Bhutan,BTN,2019,1.986
Bhutan,BTN,2020,1.986
Bolivia,BOL,2000,-0.08
Bolivia,BOL,2001,-0.08
Bolivia,BOL,2002,-0.08
Bolivia,BOL,2003,-0.08
Bolivia,BOL,2004,-0.08
Bolivia,BOL,2005,-0.08
Bolivia,BOL,2006,-0.08
Bolivia,BOL,2007,-0.08
Bolivia,BOL,2008,-0.08
Bolivia,BOL,2009,-0.08
Bolivia,BOL,2010,-0.08
Bolivia,BOL,2011,-0.08
Bolivia,BOL,2012,-0.08
Bolivia,BOL,2013,-0.08
Bolivia,BOL,2014,-0.08
Bolivia,BOL,2015,-0.08
Bolivia,BOL,2016,-0.08
Bolivia,BOL,2017,0.083
Bolivia,BOL,2018,0.083
Bolivia,BOL,2019,-0.271
Bolivia,BOL,2020,-0.011
Bosnia and Herzegovina,BIH,2000,0.235
Bosnia and Herzegovina,BIH,2001,0.78
Bosnia and Herzegovina,BIH,2002,0.78
Bosnia and Herzegovina,BIH,2003,0.032
Bosnia and Herzegovina,BIH,2004,0.032
Bosnia and Herzegovina,BIH,2005,0.032
Bosnia and Herzegovina,BIH,2006,0.032
Bosnia and Herzegovina,BIH,2007,0.032
Bosnia and Herzegovina,BIH,2008,0.032
Bosnia and Herzegovina,BIH,2009,0.032
Bosnia and Herzegovina,BIH,2010,-0.079
Bosnia and Herzegovina,BIH,2011,-0.079
Bosnia and Herzegovina,BIH,2012,-0.079
Bosnia and Herzegovina,BIH,2013,0.109
Bosnia and Herzegovina,BIH,2014,0.109
Bosnia and Herzegovina,BIH,2015,0.109
Bosnia and Herzegovina,BIH,2016,0.305
Bosnia and Herzegovina,BIH,2017,0.223
Bosnia and Herzegovina,BIH,2018,0.089
Bosnia and Herzegovina,BIH,2019,0.016
Bosnia and Herzegovina,BIH,2020,0.095
Botswana,BWA,2000,2.746
Botswana,BWA,2001,2.746
Botswana,BWA,2002,2.746
Botswana,BWA,2003,2.746
Botswana,BWA,2004,2.746
Botswana,BWA,2005,2.746
Botswana,BWA,2006,2.746
Botswana,BWA,2007,2.568
Botswana,BWA,2008,2.568
Botswana,BWA,2009,2.288
Botswana,BWA,2010,2.288
Botswana,BWA,2011,2.288
Botswana,BWA,2012,2.288
Botswana,BWA,2013,2.136
Botswana,BWA,2014,1.951
Botswana,BWA,2015,1.951
Botswana,BWA,2016,1.951
Botswana,BWA,2017,1.732
Botswana,BWA,2018,1.732
Botswana,BWA,2019,2.169
Botswana,BWA,2020,1.867
Brazil,BRA,2000,0.806
Brazil,BRA,2001,0.806
Brazil,BRA,2002,0.806
Brazil,BRA,2003,0.806
Brazil,BRA,2004,0.806
Brazil,BRA,2005,1.178
Brazil,BRA,2006,1.178
Brazil,BRA,2007,1.178
Brazil,BRA,2008,1.178
Brazil,BRA,2009,1.178
Brazil,BRA,2010,1.178
Brazil,BRA,2011,1.178
Brazil,BRA,2012,1.178
Brazil,BRA,2013,1.178
Brazil,BRA,2014,1.178
Brazil,BRA,2015,1.178
Brazil,BRA,2016,1.166
Brazil,BRA,2017,1.021
Brazil,BRA,2018,0.944
Brazil,BRA,2019,0.498
Brazil,BRA,2020,0.498
Bulgaria,BGR,2000,1.456
Bulgaria,BGR,2001,1.456
Bulgaria,BGR,2002,1.456
Bulgaria,BGR,2003,1.456
Bulgaria,BGR,2004,1.456
Bulgaria,BGR,2005,1.456
Bulgaria,BGR,2006,1.456
Bulgaria,BGR,2007,1.367
Bulgaria,BGR,2008,1.367
Bulgaria,BGR,2009,1.139
Bulgaria,BGR,2010,0.999
Bulgaria,BGR,2011,0.999
Bulgaria,BGR,2012,1.158
Bulgaria,BGR,2013,0.96
Bulgaria,BGR,2014,0.867
Bulgaria,BGR,2015,0.747
Bulgaria,BGR,2016,0.747
Bulgaria,BGR,2017,0.562
Bulgaria,BGR,2018,0.562
Bulgaria,BGR,2019,0.562
Bulgaria,BGR,2020,0.344
Burkina Faso,BFA,2000,0.957
Burkina Faso,BFA,2001,0.957
Burkina Faso,BFA,2002,0.957
Burkina Faso,BFA,2003,0.957
Burkina Faso,BFA,2004,0.957
Burkina Faso,BFA,2005,0.957
Burkina Faso,BFA,2006,0.957
Burkina Faso,BFA,2007,0.957
Burkina Faso,BFA,2008,0.957
Burkina Faso,BFA,2009,0.957
Burkina Faso,BFA,2010,0.957
Burkina Faso,BFA,2011,0.888
Burkina Faso,BFA,2012,0.888
Burkina Faso,BFA,2013,1.294
Burkina Faso,BFA,2014,1.294
Burkina Faso,BFA,2015,1.294
Burkina Faso,BFA,2016,1.294
Burkina Faso,BFA,2017,0.738
Burkina Faso,BFA,2018,1.062
Burkina Faso,BFA,2019,1.062
Burkina Faso,BFA,2020,1.062
Burundi,BDI,2000,-0.596
Burundi,BDI,2001,-0.596
Burundi,BDI,2002,-0.596
Burundi,BDI,2003,-0.596
Burundi,BDI,2004,-0.596
Burundi,BDI,2005,-0.571
Burundi,BDI,2006,-1.221
Burundi,BDI,2007,-1.258
Burundi,BDI,2008,-1.258
Burundi,BDI,2009,-1.258
Burundi,BDI,2010,-1.304
Burundi,BDI,2011,-1.304
Burundi,BDI,2012,-1.304
Burundi,BDI,2013,-1.046
Burundi,BDI,2014,-1.046
Burundi,BDI,2015,-1.046
Burundi,BDI,2016,-1.759
Burundi,BDI,2017,-1.515
Burundi,BDI,2018,-1.515
Burundi,BDI,2019,-1.041
Burundi,BDI,2020,-0.683
Cambodia,KHM,2000,-1.177
Cambodia,KHM,2001,-1.177
Cambodia,KHM,2002,-1.177
Cambodia,KHM,2003,-1.177
Cambodia,KHM,2004,-1.177
Cambodia,KHM,2005,-1.177
Cambodia,KHM,2006,-1.177
Cambodia,KHM,2007,-1.177
Cambodia,KHM,2008,-1.177
Cambodia,KHM,2009,-1.177
Cambodia,KHM,2010,-1.177
Cambodia,KHM,2011,-1.177
Cambodia,KHM,2012,-1.177
Cambodia,KHM,2013,-1.319
Cambodia,KHM,2014,-1.319
Cambodia,KHM,2015,-1.319
Cambodia,KHM,2016,-1.793
Cambodia,KHM,2017,-1.793
Cambodia,KHM,2018,-1.57
Cambodia,KHM,2019,-1.57
Cambodia,KHM,2020,-1.57
Cameroon,CMR,2000,-0.976
Cameroon,CMR,2001,-0.976
Cameroon,CMR,2002,-0.976
Cameroon,CMR,2003,-0.976
Cameroon,CMR,2004,-0.976
Cameroon,CMR,2005,-1.207
Cameroon,CMR,2006,-1.207
Cameroon,CMR,2007,-1.249
Cameroon,CMR,2008,-1.249
Cameroon,CMR,2009,-1.249
Cameroon,CMR,2010,-1.249
Cameroon,CMR,2011,-1.249
Cameroon,CMR,2012,-1.22
Cameroon,CMR,2013,-1.558
Cameroon,CMR,2014,-1.558
Cameroon,CMR,2015,-1.558
Cameroon,CMR,2016,-1.731
Cameroon,CMR,2017,-1.731
Cameroon,CMR,2018,-1.731
Cameroon,CMR,2019,-1.731
Cameroon,CMR,2020,-1.731
Canada,CAN,2000,2.759
Canada,CAN,2001,2.759
Canada,CAN,2002,2.759
Canada,CAN,2003,2.759
Canada,CAN,2004,2.759
Canada,CAN,2005,2.759
Canada,CAN,2006,2.759
Canada,CAN,2007,2.759
Canada,CAN,2008,2.759
Canada,CAN,2009,2.759
Canada,CAN,2010,2.759
Canada,CAN,2011,2.759
Canada,CAN,2012,2.759
Canada,CAN,2013,3.02
Canada,CAN,2014,3.02
Canada,CAN,2015,3.02
Canada,CAN,2016,3.02
Canada,CAN,2017,3.02
Canada,CAN,2018,3.02
Canada,CAN,2019,2.137
Canada,CAN,2020,2.137
Cape Verde,CPV,2000,1.296
Cape Verde,CPV,2001,1.296
Cape Verde,CPV,2002,1.296
Cape Verde,CPV,2003,1.296
Cape Verde,CPV,2004,1.296
Cape Verde,CPV,2005,1.296
Cape Verde,CPV,2006,1.296
Cape Verde,CPV,2007,1.296
Cape Verde,CPV,2008,1.296
Cape Verde,CPV,2009,1.296
Cape Verde,CPV,2010,1.296
Cape Verde,CPV,2011,1.296
Cape Verde,CPV,2012,1.296
Cape Verde,CPV,2013,0.922
Cape Verde,CPV,2014,0.922
Cape Verde,CPV,2015,0.922
Cape Verde,CPV,2016,0.996
Cape Verde,CPV,2017,0.897
Cape Verde,CPV,2018,0.897
Cape Verde,CPV,2019,0.897
Cape Verde,CPV,2020,0.897
Central African Republic,CAF,2000,-1.081
Central African Republic,CAF,2001,-1.081
Central African Republic,CAF,2002,-1.081
Central African Republic,CAF,2003,-1.081
Central African Republic,CAF,2004,-1.081
Central African Republic,CAF,2005,-1.081
Central African Republic,CAF,2006,-1.081
Central African Republic,CAF,2007,-1.081
Central African Republic,CAF,2008,-1.081
Central African Republic,CAF,2009,-1.081
Central African Republic,CAF,2010,-1.081
Central African Republic,CAF,2011,-1.081
Central African Republic,CAF,2012,-1.153
Central African Republic,CAF,2013,-1.072
Central African Republic,CAF,2014,-1.072
Central African Republic,CAF,2015,-1.072
Central African Republic,CAF,2016,-1.072
Central African Republic,CAF,2017,-0.885
Central African Republic,CAF,2018,-1.087
Central African Republic,CAF,2019,-1.087
Central African Republic,CAF,2020,-1.614
Chad,TCD,2000,-1.525
Chad,TCD,2001,-1.525
Chad,TCD,2002,-1.525
Chad,TCD,2003,-1.525
Chad,TCD,2004,-1.525
Chad,TCD,2005,-1.525
Chad,TCD,2006,-1.525
Chad,TCD,2007,-1.525
Chad,TCD,2008,-1.525
Chad,TCD,2009,-1.525
Chad,TCD,2010,-1.694
Chad,TCD,2011,-1.694
Chad,TCD,2012,-1.694
Chad,TCD,2013,-1.694
Chad,TCD,2014,-1.694
Chad,TCD,2015,-1.694
Chad,TCD,2016,-1.694
Chad,TCD,2017,-2.088
Chad,TCD,2018,-2.493
Chad,TCD,2019,-2.746
Chad,TCD,2020,-2.746
Chile,CHL,2000,2.213
Chile,CHL,2001,2.213
Chile,CHL,2002,2.213
Chile,CHL,2003,2.213
Chile,CHL,2004,2.213
Chile,CHL,2005,2.213
Chile,CHL,2006,2.213
Chile,CHL,2007,2.213
Chile,CHL,2008,2.213
Chile,CHL,2009,2.213
Chile,CHL,2010,2.213
Chile,CHL,2011,2.213
Chile,CHL,2012,2.213
Chile,CHL,2013,1.887
Chile,CHL,2014,1.887
Chile,CHL,2015,1.887
Chile,CHL,2016,1.887
Chile,CHL,2017,1.887
Chile,CHL,2018,1.887
Chile,CHL,2019,1.447
Chile,CHL,2020,1.447
China,CHN,2000,-0.525
China,CHN,2001,-0.525
China,CHN,2002,-0.525
China,CHN,2003,-0.525
China,CHN,2004,-0.525
China,CHN,2005,-0.637
China,CHN,2006,-0.637
China,CHN,2007,-0.637
China,CHN,2008,-0.637
China,CHN,2009,-0.637
China,CHN,2010,-0.637
China,CHN,2011,-0.637
China,CHN,2012,-0.623
China,CHN,2013,-0.577
China,CHN,2014,-0.577
China,CHN,2015,-0.671
China,CHN,2016,-0.671
China,CHN,2017,-0.671
China,CHN,2018,-0.671
China,CHN,2019,-0.671
China,CHN,2020,-0.588
Colombia,COL,2000,-0.595
Colombia,COL,2001,-0.595
Colombia,COL,2002,0.439
Colombia,COL,2003,0.439
Colombia,COL,2004,0.439
Colombia,COL,2005,0.439
Colombia,COL,2006,0.439
Colombia,COL,2007,0.439
Colombia,COL,2008,0.439
Colombia,COL,2009,0.439
Colombia,COL,2010,0.553
Colombia,COL,2011,0.778
Colombia,COL,2012,0.778
Colombia,COL,2013,0.871
Colombia,COL,2014,0.871
Colombia,COL,2015,0.823
Colombia,COL,2016,0.912
Colombia,COL,2017,0.912
Colombia,COL,2018,0.76
Colombia,COL,2019,0.393
Colombia,COL,2020,0.273
Comoros,COM,2000,-0.684
Comoros,COM,2001,-0.684
Comoros,COM,2002,-0.684
Comoros,COM,2003,-0.684
Comoros,COM,2004,-0.684
Comoros,COM,2005,-0.684
Comoros,COM,2006,-0.684
Comoros,COM,2007,-0.684
Comoros,COM,2008,-0.684
Comoros,COM,2009,-0.684
Comoros,COM,2010,-0.684
Comoros,COM,2011,-0.578
Comoros,COM,2012,-0.578
Comoros,COM,2013,-0.592
Comoros,COM,2014,-0.592
Comoros,COM,2015,-0.592
Comoros,COM,2016,-0.279
Comoros,COM,2017,-0.214
Comoros,COM,2018,-0.214
Comoros,COM,2019,-0.759
Comoros,COM,2020,-0.885
Congo,COG,2000,-0.926
Congo,COG,2001,-0.926
Congo,COG,2002,-0.926
Congo,COG,2003,-0.926
Congo,COG,2004,-0.926
Congo,COG,2005,-0.926
Congo,COG,2006,-0.926
Congo,COG,2007,-0.926
Congo,COG,2008,-0.926
Congo,COG,2009,-0.926
Congo,COG,2010,-0.926
Congo,COG,2011,-0.926
Congo,COG,2012,-0.926
Congo,COG,2013,-1.312
Congo,COG,2014,-1.312
Congo,COG,2015,-1.312
Congo,COG,2016,-1.312
Congo,COG,2017,-1.584
Congo,COG,2018,-1.122
Congo,COG,2019,-1.122
Congo,COG,2020,-0.303
Costa Rica,CRI,2000,2.415
Costa Rica,CRI,2001,2.415
Costa Rica,CRI,2002,2.415
Costa Rica,CRI,2003,2.415
Costa Rica,CRI,2004,2.415
Costa Rica,CRI,2005,2.415
Costa Rica,CRI,2006,2.415
Costa Rica,CRI,2007,2.415
Costa Rica,CRI,2008,2.415
Costa Rica,CRI,2009,2.415
Costa Rica,CRI,2010,2.415
Costa Rica,CRI,2011,2.415
Costa Rica,CRI,2012,2.415
Costa Rica,CRI,2013,2.086
Costa Rica,CRI,2014,2.276
Costa Rica,CRI,2015,2.328
Costa Rica,CRI,2016,2.311
Costa Rica,CRI,2017,2.593
Costa Rica,CRI,2018,2.593
Costa Rica,CRI,2019,2.593
Costa Rica,CRI,2020,2.593
Cote d'Ivoire,CIV,2000,0.427
Cote d'Ivoire,CIV,2001,0.178
Cote d'Ivoire,CIV,2002,0.178
Cote d'Ivoire,CIV,2003,0.254
Cote d'Ivoire,CIV,2004,0.254
Cote d'Ivoire,CIV,2005,0.254
Cote d'Ivoire,CIV,2006,0.254
Cote d'Ivoire,CIV,2007,0.254
Cote d'Ivoire,CIV,2008,0.168
Cote d'Ivoire,CIV,2009,0.343
Cote d'Ivoire,CIV,2010,0.343
Cote d'Ivoire,CIV,2011,0.161
Cote d'Ivoire,CIV,2012,1.053
Cote d'Ivoire,CIV,2013,1.415
Cote d'Ivoire,CIV,2014,1.507
Cote d'Ivoire,CIV,2015,1.587
Cote d'Ivoire,CIV,2016,1.727
Cote d'Ivoire,CIV,2017,1.727
Cote d'Ivoire,CIV,2018,1.407
Cote d'Ivoire,CIV,2019,1.111
Cote d'Ivoire,CIV,2020,0.439
Croatia,HRV,2000,0.793
Croatia,HRV,2001,0.793
Croatia,HRV,2002,0.793
Croatia,HRV,2003,0.683
Croatia,HRV,2004,0.683
Croatia,HRV,2005,0.683
Croatia,HRV,2006,0.683
Croatia,HRV,2007,0.683
Croatia,HRV,2008,0.683
Croatia,HRV,2009,1.295
Croatia,HRV,2010,1.321
Croatia,HRV,2011,1.321
Croatia,HRV,2012,1.321
Croatia,HRV,2013,1.105
Croatia,HRV,2014,1.105
Croatia,HRV,2015,1.105
Croatia,HRV,2016,0.846
Croatia,HRV,2017,0.846
Croatia,HRV,2018,0.564
Croatia,HRV,2019,0.564
Croatia,HRV,2020,0.743
Cuba,CUB,2000,-1.354
Cuba,CUB,2001,-1.354
Cuba,CUB,2002,-1.354
Cuba,CUB,2003,-1.354
Cuba,CUB,2004,-1.354
Cuba,CUB,2005,-1.354
Cuba,CUB,2006,-1.354
Cuba,CUB,2007,-1.354
Cuba,CUB,2008,-1.354
Cuba,CUB,2009,-1.354
Cuba,CUB,2010,-1.354
Cuba,CUB,2011,-1.354
Cuba,CUB,2012,-1.354
Cuba,CUB,2013,-1.466
Cuba,CUB,2014,-1.466
Cuba,CUB,2015,-1.466
Cuba,CUB,2016,-1.663
Cuba,CUB,2017,-1.68
Cuba,CUB,2018,-1.622
Cuba,CUB,2019,-1.622
Cuba,CUB,2020,-1.622
Cyprus,CYP,2000,1.147
Cyprus,CYP,2001,1.147
Cyprus,CYP,2002,1.147
Cyprus,CYP,2003,1.147
Cyprus,CYP,2004,1.357
Cyprus,CYP,2005,1.357
Cyprus,CYP,2006,1.357
Cyprus,CYP,2007,1.357
Cyprus,CYP,2008,1.357
Cyprus,CYP,2009,1.357
Cyprus,CYP,2010,1.357
Cyprus,CYP,2011,1.357
Cyprus,CYP,2012,1.357
Cyprus,CYP,2013,1.357
Cyprus,CYP,2014,1.357
Cyprus,CYP,2015,1.357
Cyprus,CYP,2016,1.357
Cyprus,CYP,2017,1.462
Cyprus,CYP,2018,1.462
Cyprus,CYP,2019,1.462
Cyprus,CYP,2020,1.462
Czechia,CZE,2000,1.59
Czechia,CZE,2001,1.59
Czechia,CZE,2002,1.59
Czechia,CZE,2003,1.59
Czechia,CZE,2004,1.59
Czechia,CZE,2005,1.839
Czechia,CZE,2006,1.97
Czechia,CZE,2007,1.97
Czechia,CZE,2008,1.97
Czechia,CZE,2009,1.97
Czechia,CZE,2010,1.97
Czechia,CZE,2011,1.97
Czechia,CZE,2012,1.97
Czechia,CZE,2013,1.97
Czechia,CZE,2014,2.015
Czechia,CZE,2015,2.015
Czechia,CZE,2016,2.015
Czechia,CZE,2017,1.698
Czechia,CZE,2018,1.698
Czechia,CZE,2019,1.914
Czechia,CZE,2020,1.289
Democratic Republic of Congo,COD,2000,-2.134
Democratic Republic of Congo,COD,2001,-2.134
Democratic Republic of Congo,COD,2002,-2.134
Democratic Republic of Congo,COD,2003,-2.134
Democratic Republic of Congo,COD,2004,-2.259
Democratic Republic of Congo,COD,2005,-2.259
Democratic Republic of Congo,COD,2006,-2.259
Democratic Republic of Congo,COD,2007,-2.259
Democratic Republic of Congo,COD,2008,-2.259
Democratic Republic of Congo,COD,2009,-2.259
Democratic Republic of Congo,COD,2010,-2.259
Democratic Republic of Congo,COD,2011,-2.259
Democratic Republic of Congo,COD,2012,-2.259
Democratic Republic of Congo,COD,2013,-2.021
Democratic Republic of Congo,COD,2014,-2.021
Democratic Republic of Congo,COD,2015,-2.021
Democratic Republic of Congo,COD,2016,-2.021
Democratic Republic of Congo,COD,2017,-2.528
Democratic Republic of Congo,COD,2018,-1.895
Democratic Republic of Congo,COD,2019,-1.301
Democratic Republic of Congo,COD,2020,-1.301
Denmark,DNK,2000,4.046
Denmark,DNK,2001,4.046
Denmark,DNK,2002,4.046
Denmark,DNK,2003,4.046
Denmark,DNK,2004,4.046
Denmark,DNK,2005,4.046
Denmark,DNK,2006,4.046
Denmark,DNK,2007,4.046
Denmark,DNK,2008,4.046
Denmark,DNK,2009,4.046
Denmark,DNK,2010,4.046
Denmark,DNK,2011,4.046
Denmark,DNK,2012,4.046
Denmark,DNK,2013,4.046
Denmark,DNK,2014,4.046
Denmark,DNK,2015,4.046
Denmark,DNK,2016,4.046
Denmark,DNK,2017,4.046
Denmark,DNK,2018,4.046
Denmark,DNK,2019,4.046
Denmark,DNK,2020,2.789
Djibouti,DJI,2000,-0.054
Djibouti,DJI,2001,-0.054
Djibouti,DJI,2002,-0.054
Djibouti,DJI,2003,0.136
Djibouti,DJI,2004,0.136
Djibouti,DJI,2005,0.136
Djibouti,DJI,2006,0.136
Djibouti,DJI,2007,0.136
Djibouti,DJI,2008,0.136
Djibouti,DJI,2009,0.136
Djibouti,DJI,2010,0.136
Djibouti,DJI,2011,0.136
Djibouti,DJI,2012,0.136
Djibouti,DJI,2013,0.136
Djibouti,DJI,2014,0.136
Djibouti,DJI,2015,0.136
Djibouti,DJI,2016,0.136
Djibouti,DJI,2017,0.136
Djibouti,DJI,2018,0.136
Djibouti,DJI,2019,0.136
Djibouti,DJI,2020,0.136
Dominican Republic,DOM,2000,0.485
Dominican Republic,DOM,2001,0.485
Dominican Republic,DOM,2002,0.485
Dominican Republic,DOM,2003,-0.289
Dominican Republic,DOM,2004,-0.289
Dominican Republic,DOM,2005,-0.289
Dominican Republic,DOM,2006,-0.289
Dominican Republic,DOM,2007,-0.289
Dominican Republic,DOM,2008,-0.289
Dominican Republic,DOM,2009,-0.289
Dominican Republic,DOM,2010,-0.289
Dominican Republic,DOM,2011,-0.289
Dominican Republic,DOM,2012,-0.212
Dominican Republic,DOM,2013,-0.444
Dominican Republic,DOM,2014,-0.444
Dominican Republic,DOM,2015,-0.444
Dominican Republic,DOM,2016,-0.444
Dominican Republic,DOM,2017,-0.598
Dominican Republic,DOM,2018,-1.026
Dominican Republic,DOM,2019,-1.026
Dominican Republic,DOM,2020,0.42
East Timor,TLS,2000,1.717
East Timor,TLS,2001,1.717
East Timor,TLS,2002,0.92
East Timor,TLS,2003,0.805
East Timor,TLS,2004,0.805
East Timor,TLS,2005,0.805
East Timor,TLS,2006,0.611
East Timor,TLS,2007,0.831
East Timor,TLS,2008,0.905
East Timor,TLS,2009,0.905
East Timor,TLS,2010,0.905
East Timor,TLS,2011,0.905
East Timor,TLS,2012,0.905
East Timor,TLS,2013,0.905
East Timor,TLS,2014,0.378
East Timor,TLS,2015,0.447
East Timor,TLS,2016,0.832
East Timor,TLS,2017,0.806
East Timor,TLS,2018,0.959
East Timor,TLS,2019,1.093
East Timor,TLS,2020,1.093
Ecuador,ECU,2000,0.104
Ecuador,ECU,2001,0.104
Ecuador,ECU,2002,0.104
Ecuador,ECU,2003,0.104
Ecuador,ECU,2004,0.104
Ecuador,ECU,2005,0.104
Ecuador,ECU,2006,0.104
Ecuador,ECU,2007,0.267
Ecuador,ECU,2008,0.34
Ecuador,ECU,2009,0.554
Ecuador,ECU,2010,0.556
Ecuador,ECU,2011,0.556
Ecuador,ECU,2012,0.556
Ecuador,ECU,2013,0.556
Ecuador,ECU,2014,0.556
Ecuador,ECU,2015,0.556
Ecuador,ECU,2016,0.556
Ecuador,ECU,2017,0.48
Ecuador,ECU,2018,0.3
Ecuador,ECU,2019,0.505
Ecuador,ECU,2020,0.505
Egypt,EGY,2000,-1.193
Egypt,EGY,2001,-1.15
Egypt,EGY,2002,-1.15
Egypt,EGY,2003,-1.15
Egypt,EGY,2004,-1.15
Egypt,EGY,2005,-1.15
Egypt,EGY,2006,-1.15
Egypt,EGY,2007,-1.186
Egypt,EGY,2008,-1.186
Egypt,EGY,2009,-1.186
Egypt,EGY,2010,-1.186
Egypt,EGY,2011,-1.186
Egypt,EGY,2012,-1.271
Egypt,EGY,2013,-1.431
Egypt,EGY,2014,-1.207
Egypt,EGY,2015,-0.688
Egypt,EGY,2016,-0.688
Egypt,EGY,2017,-1.246
Egypt,EGY,2018,-1.149
Egypt,EGY,2019,-1.149
Egypt,EGY,2020,-1.149
El Salvador,SLV,2000,-0.195
El Salvador,SLV,2001,-0.195
El Salvador,SLV,2002,-0.195
El Salvador,SLV,2003,-0.195
El Salvador,SLV,2004,-0.195
El Salvador,SLV,2005,-0.195
El Salvador,SLV,2006,-0.195
El Salvador,SLV,2007,-0.195
El Salvador,SLV,2008,-0.195
El Salvador,SLV,2009,-0.195
El Salvador,SLV,2010,-0.195
El Salvador,SLV,2011,-0.195
El Salvador,SLV,2012,-0.195
El Salvador,SLV,2013,-0.195
El Salvador,SLV,2014,-0.195
El Salvador,SLV,2015,-0.195
El Salvador,SLV,2016,-0.195
El Salvador,SLV,2017,-0.279
El Salvador,SLV,2018,-0.279
El Salvador,SLV,2019,-0.279
El Salvador,SLV,2020,-0.482
Equatorial Guinea,GNQ,2000,-1.318
Equatorial Guinea,GNQ,2001,-1.318
Equatorial Guinea,GNQ,2002,-1.318
Equatorial Guinea,GNQ,2003,-1.318
Equatorial Guinea,GNQ,2004,-1.318
Equatorial Guinea,GNQ,2005,-1.318
Equatorial Guinea,GNQ,2006,-1.318
Equatorial Guinea,GNQ,2007,-1.318
Equatorial Guinea,GNQ,2008,-1.318
Equatorial Guinea,GNQ,2009,-1.318
Equatorial Guinea,GNQ,2010,-1.318
Equatorial Guinea,GNQ,2011,-1.318
Equatorial Guinea,GNQ,2012,-1.318
Equatorial Guinea,GNQ,2013,-1.318
Equatorial Guinea,GNQ,2014,-1.318
Equatorial Guinea,GNQ,2015,-1.318
Equatorial Guinea,GNQ,2016,-1.137
Equatorial Guinea,GNQ,2017,-1.323
Equatorial Guinea,GNQ,2018,-1.323
Equatorial Guinea,GNQ,2019,-1.323
Equatorial Guinea,GNQ,2020,-1.323
Eritrea,ERI,2000,-1.462
Eritrea,ERI,2001,-2.567
Eritrea,ERI,2002,-2.567
Eritrea,ERI,2003,-2.567
Eritrea,ERI,2004,-2.567
Eritrea,ERI,2005,-2.567
Eritrea,ERI,2006,-2.567
Eritrea,ERI,2007,-2.567
Eritrea,ERI,2008,-2.567
Eritrea,ERI,2009,-2.567
Eritrea,ERI,2010,-2.567
Eritrea,ERI,2011,-2.567
Eritrea,ERI,2012,-2.567
Eritrea,ERI,2013,-2.303
Eritrea,ERI,2014,-2.303
Eritrea,ERI,2015,-2.303
Eritrea,ERI,2016,-2.303
Eritrea,ERI,2017,-2.303
Eritrea,ERI,2018,-1.841
Eritrea,ERI,2019,-1.502
Eritrea,ERI,2020,-1.446
Estonia,EST,2000,2.278
Estonia,EST,2001,2.278
Estonia,EST,2002,2.278
Estonia,EST,2003,2.278
Estonia,EST,2004,2.278
Estonia,EST,2005,2.278
Estonia,EST,2006,2.278
Estonia,EST,2007,2.792
Estonia,EST,2008,2.792
Estonia,EST,2009,2.792
Estonia,EST,2010,2.792
Estonia,EST,2011,2.792
Estonia,EST,2012,2.792
Estonia,EST,2013,3.243
Estonia,EST,2014,3.243
Estonia,EST,2015,3.243
Estonia,EST,2016,3.243
Estonia,EST,2017,3.243
Estonia,EST,2018,3.243
Estonia,EST,2019,3.243
Estonia,EST,2020,3.243
Eswatini,SWZ,2000,-0.794
Eswatini,SWZ,2001,-0.794
Eswatini,SWZ,2002,-0.794
Eswatini,SWZ,2003,-0.794
Eswatini,SWZ,2004,-0.794
Eswatini,SWZ,2005,-0.794
Eswatini,SWZ,2006,-0.794
Eswatini,SWZ,2007,-0.794
Eswatini,SWZ,2008,-0.794
Eswatini,SWZ,2009,-0.794
Eswatini,SWZ,2010,-0.794
Eswatini,SWZ,2011,-0.794
Eswatini,SWZ,2012,-0.794
Eswatini,SWZ,2013,-0.794
Eswatini,SWZ,2014,-0.794
Eswatini,SWZ,2015,-0.794
Eswatini,SWZ,2016,-0.794
Eswatini,SWZ,2017,-0.744
Eswatini,SWZ,2018,-0.501
Eswatini,SWZ,2019,-0.653
Eswatini,SWZ,2020,-0.653
Ethiopia,ETH,2000,-0.21
Ethiopia,ETH,2001,-0.21
Ethiopia,ETH,2002,-0.21
Ethiopia,ETH,2003,-0.21
Ethiopia,ETH,2004,-0.21
Ethiopia,ETH,2005,-0.21
Ethiopia,ETH,2006,-0.21
Ethiopia,ETH,2007,-0.21
Ethiopia,ETH,2008,-0.21
Ethiopia,ETH,2009,-0.21
Ethiopia,ETH,2010,-0.119
Ethiopia,ETH,2011,-0.119
Ethiopia,ETH,2012,-0.119
Ethiopia,ETH,2013,-0.026
Ethiopia,ETH,2014,-0.026
Ethiopia,ETH,2015,-0.102
Ethiopia,ETH,2016,-0.102
Ethiopia,ETH,2017,-0.452
Ethiopia,ETH,2018,0.356
Ethiopia,ETH,2019,0.123
Ethiopia,ETH,2020,0.022
Fiji,FJI,2000,-0.574
Fiji,FJI,2001,-0.134
Fiji,FJI,2002,0.12
Fiji,FJI,2003,0.12
Fiji,FJI,2004,0.12
Fiji,FJI,2005,0.12
Fiji,FJI,2006,-0.769
Fiji,FJI,2007,-0.812
Fiji,FJI,2008,-0.868
Fiji,FJI,2009,-0.96
Fiji,FJI,2010,-0.379
Fiji,FJI,2011,-0.379
Fiji,FJI,2012,-0.308
Fiji,FJI,2013,-0.308
Fiji,FJI,2014,-0.104
Fiji,FJI,2015,0.148
Fiji,FJI,2016,0.171
Fiji,FJI,2017,0.171
Fiji,FJI,2018,0.136
Fiji,FJI,2019,0.136
Fiji,FJI,2020,0.136
Finland,FIN,2000,3.164
Finland,FIN,2001,3.164
Finland,FIN,2002,3.164
Finland,FIN,2003,3.164
Finland,FIN,2004,3.164
Finland,FIN,2005,3.164
Finland,FIN,2006,3.164
Finland,FIN,2007,3.164
Finland,FIN,2008,3.164
Finland,FIN,2009,3.164
Finland,FIN,2010,3.164
Finland,FIN,2011,3.164
Finland,FIN,2012,3.164
Finland,FIN,2013,2.661
Finland,FIN,2014,2.661
Finland,FIN,2015,3.026
Finland,FIN,2016,3.026
Finland,FIN,2017,2.586
Finland,FIN,2018,2.981
Finland,FIN,2019,2.597
Finland,FIN,2020,2.597
France,FRA,2000,2.632
France,FRA,2001,2.632
France,FRA,2002,2.632
France,FRA,2003,2.632
France,FRA,2004,2.632
France,FRA,2005,2.632
France,FRA,2006,2.632
France,FRA,2007,2.632
France,FRA,2008,2.632
France,FRA,2009,2.632
France,FRA,2010,2.632
France,FRA,2011,2.632
France,FRA,2012,2.632
France,FRA,2013,2.632
France,FRA,2014,2.632
France,FRA,2015,2.632
France,FRA,2016,2.632
France,FRA,2017,2.632
France,FRA,2018,2.632
France,FRA,2019,2.632
France,FRA,2020,2.632
Gabon,GAB,2000,1.63
Gabon,GAB,2001,1.63
Gabon,GAB,2002,1.63
Gabon,GAB,2003,1.63
Gabon,GAB,2004,1.63
Gabon,GAB,2005,1.63
Gabon,GAB,2006,1.63
Gabon,GAB,2007,1.63
Gabon,GAB,2008,1.63
Gabon,GAB,2009,1.63
Gabon,GAB,2010,0.795
Gabon,GAB,2011,0.795
Gabon,GAB,2012,0.795
Gabon,GAB,2013,0.864
Gabon,GAB,2014,0.864
Gabon,GAB,2015,0.864
Gabon,GAB,2016,0.864
Gabon,GAB,2017,0.738
Gabon,GAB,2018,0.738
Gabon,GAB,2019,0.738
Gabon,GAB,2020,1.17
Gambia,GMB,2000,-0.877
Gambia,GMB,2001,-0.877
Gambia,GMB,2002,-0.877
Gambia,GMB,2003,-0.877
Gambia,GMB,2004,-0.877
Gambia,GMB,2005,-0.877
Gambia,GMB,2006,-0.877
Gambia,GMB,2007,-0.877
Gambia,GMB,2008,-0.877
Gambia,GMB,2009,-0.877
Gambia,GMB,2010,-0.877
Gambia,GMB,2011,-0.877
Gambia,GMB,2012,-0.877
Gambia,GMB,2013,-1.15
Gambia,GMB,2014,-1.096
Gambia,GMB,2015,-1.148
Gambia,GMB,2016,-1.148
Gambia,GMB,2017,0.846
Gambia,GMB,2018,0.88
Gambia,GMB,2019,0.831
Gambia,GMB,2020,0.882
Georgia,GEO,2000,-1.515
Georgia,GEO,2001,-1.515
Georgia,GEO,2002,-1.515
Georgia,GEO,2003,-1.515
Georgia,GEO,2004,0.639
Georgia,GEO,2005,1.655
Georgia,GEO,2006,1.655
Georgia,GEO,2007,1.577
Georgia,GEO,2008,1.615
Georgia,GEO,2009,1.599
Georgia,GEO,2010,1.575
Georgia,GEO,2011,1.563
Georgia,GEO,2012,1.64
Georgia,GEO,2013,1.384
Georgia,GEO,2014,1.454
Georgia,GEO,2015,1.553
Georgia,GEO,2016,1.553
Georgia,GEO,2017,1.534
Georgia,GEO,2018,1.167
Georgia,GEO,2019,1.055
Georgia,GEO,2020,1.156
Germany,DEU,2000,4.006
Germany,DEU,2001,4.006
Germany,DEU,2002,4.006
Germany,DEU,2003,4.006
Germany,DEU,2004,4.006
Germany,DEU,2005,4.006
Germany,DEU,2006,4.006
Germany,DEU,2007,4.006
Germany,DEU,2008,4.006
Germany,DEU,2009,4.006
Germany,DEU,2010,4.006
Germany,DEU,2011,4.006
Germany,DEU,2012,4.006
Germany,DEU,2013,4.006
Germany,DEU,2014,4.006
Germany,DEU,2015,4.006
Germany,DEU,2016,4.006
Germany,DEU,2017,4.006
Germany,DEU,2018,4.006
Germany,DEU,2019,4.006
Germany,DEU,2020,4.006
Ghana,GHA,2000,-0.654
Ghana,GHA,2001,-0.654
Ghana,GHA,2002,-0.654
Ghana,GHA,2003,-0.654
Ghana,GHA,2004,-0.654
Ghana,GHA,2005,-0.654
Ghana,GHA,2006,-0.654
Ghana,GHA,2007,-0.654
Ghana,GHA,2008,-0.654
Ghana,GHA,2009,-0.654
Ghana,GHA,2010,-0.654
Ghana,GHA,2011,-0.654
Ghana,GHA,2012,-0.542
Ghana,GHA,2013,-0.617
Ghana,GHA,2014,-0.617
Ghana,GHA,2015,-0.993
Ghana,GHA,2016,-0.763
Ghana,GHA,2017,-0.763
Ghana,GHA,2018,-0.95
Ghana,GHA,2019,-0.854
Ghana,GHA,2020,-0.694
Greece,GRC,2000,1.419
Greece,GRC,2001,1.419
Greece,GRC,2002,1.419
Greece,GRC,2003,1.419
Greece,GRC,2004,1.419
Greece,GRC,2005,1.419
Greece,GRC,2006,1.419
Greece,GRC,2007,1.419
Greece,GRC,2008,1.419
Greece,GRC,2009,1.419
Greece,GRC,2010,1.534
Greece,GRC,2011,1.534
Greece,GRC,2012,1.534
Greece,GRC,2013,1.157
Greece,GRC,2014,1.157
Greece,GRC,2015,1.205
Greece,GRC,2016,1.205
Greece,GRC,2017,1.34
Greece,GRC,2018,1.179
Greece,GRC,2019,1.208
Greece,GRC,2020,1.361
Guatemala,GTM,2000,-0.321
Guatemala,GTM,2001,-0.321
Guatemala,GTM,2002,-0.321
Guatemala,GTM,2003,-0.321
Guatemala,GTM,2004,-0.321
Guatemala,GTM,2005,-0.321
Guatemala,GTM,2006,-0.321
Guatemala,GTM,2007,-0.321
Guatemala,GTM,2008,-0.236
Guatemala,GTM,2009,-0.236
Guatemala,GTM,2010,-0.236
Guatemala,GTM,2011,-0.236
Guatemala,GTM,2012,-0.236
Guatemala,GTM,2013,-0.231
Guatemala,GTM,2014,-0.231
Guatemala,GTM,2015,-0.231
Guatemala,GTM,2016,-0.18
Guatemala,GTM,2017,-0.18
Guatemala,GTM,2018,-0.413
Guatemala,GTM,2019,-0.413
Guatemala,GTM,2020,-0.413
Guinea,GIN,2000,-0.72
Guinea,GIN,2001,-0.72
Guinea,GIN,2002,-0.72
Guinea,GIN,2003,-0.72
Guinea,GIN,2004,-0.72
Guinea,GIN,2005,-0.72
Guinea,GIN,2006,-0.72
Guinea,GIN,2007,-0.72
Guinea,GIN,2008,-1.308
Guinea,GIN,2009,-1.299
Guinea,GIN,2010,-0.884
Guinea,GIN,2011,-0.189
Guinea,GIN,2012,-0.189
Guinea,GIN,2013,-0.751
Guinea,GIN,2014,-0.751
Guinea,GIN,2015,-0.751
Guinea,GIN,2016,-0.751
Guinea,GIN,2017,-1.077
Guinea,GIN,2018,-1.207
Guinea,GIN,2019,-1.466
Guinea,GIN,2020,-1.466
Guinea-Bissau,GNB,2000,-0.337
Guinea-Bissau,GNB,2001,-0.337
Guinea-Bissau,GNB,2002,-0.826
Guinea-Bissau,GNB,2003,-0.826
Guinea-Bissau,GNB,2004,-0.826
Guinea-Bissau,GNB,2005,-0.826
Guinea-Bissau,GNB,2006,-0.826
Guinea-Bissau,GNB,2007,-0.826
Guinea-Bissau,GNB,2008,-0.826
Guinea-Bissau,GNB,2009,-0.826
Guinea-Bissau,GNB,2010,-0.826
Guinea-Bissau,GNB,2011,-0.826
Guinea-Bissau,GNB,2012,-0.904
Guinea-Bissau,GNB,2013,-0.647
Guinea-Bissau,GNB,2014,-0.647
Guinea-Bissau,GNB,2015,-0.647
Guinea-Bissau,GNB,2016,-0.647
Guinea-Bissau,GNB,2017,-0.647
Guinea-Bissau,GNB,2018,-0.87
Guinea-Bissau,GNB,2019,-1.373
Guinea-Bissau,GNB,2020,-1.124
Guyana,GUY,2000,0.2
Guyana,GUY,2001,0.2
Guyana,GUY,2002,0.2
Guyana,GUY,2003,0.2
Guyana,GUY,2004,0.2
Guyana,GUY,2005,-0.135
Guyana,GUY,2006,-0.135
Guyana,GUY,2007,-0.135
Guyana,GUY,2008,-0.135
Guyana,GUY,2009,-0.135
Guyana,GUY,2010,-0.135
Guyana,GUY,2011,-0.135
Guyana,GUY,2012,-0.135
Guyana,GUY,2013,-0.135
Guyana,GUY,2014,-0.135
Guyana,GUY,2015,1.252
Guyana,GUY,2016,0.843
Guyana,GUY,2017,1.058
Guyana,GUY,2018,0.659
Guyana,GUY,2019,0.659
Guyana,GUY,2020,0.609
Haiti,HTI,2000,1.342
Haiti,HTI,2001,0.782
Haiti,HTI,2002,0.782
Haiti,HTI,2003,0.782
Haiti,HTI,2004,0.469
Haiti,HTI,2005,-1.051
Haiti,HTI,2006,-0.909
Haiti,HTI,2007,-0.719
Haiti,HTI,2008,-0.719
Haiti,HTI,2009,-0.719
Haiti,HTI,2010,-0.719
Haiti,HTI,2011,-0.649
Haiti,HTI,2012,-0.649
Haiti,HTI,2013,-0.875
Haiti,HTI,2014,-0.875
Haiti,HTI,2015,-0.875
Haiti,HTI,2016,-0.594
Haiti,HTI,2017,-0.857
Haiti,HTI,2018,-0.896
Haiti,HTI,2019,-1.297
Haiti,HTI,2020,-1.297
Honduras,HND,2000,-0.156
Honduras,HND,2001,-0.156
Honduras,HND,2002,-0.156
Honduras,HND,2003,-0.156
Honduras,HND,2004,-0.156
Honduras,HND,2005,-0.156
Honduras,HND,2006,-0.156
Honduras,HND,2007,-0.156
Honduras,HND,2008,-0.156
Honduras,HND,2009,-0.358
Honduras,HND,2010,-0.056
Honduras,HND,2011,-0.056
Honduras,HND,2012,-0.056
Honduras,HND,2013,0.176
Honduras,HND,2014,0.176
Honduras,HND,2015,0.012
Honduras,HND,2016,0.012
Honduras,HND,2017,0.019
Honduras,HND,2018,0.019
Honduras,HND,2019,-0.339
Honduras,HND,2020,-0.004
Hong Kong,HKG,2000,2.657
Hong Kong,HKG,2001,2.657
Hong Kong,HKG,2002,2.657
Hong Kong,HKG,2003,2.262
Hong Kong,HKG,2004,2.262
Hong Kong,HKG,2005,2.262
Hong Kong,HKG,2006,2.262
Hong Kong,HKG,2007,2.262
Hong Kong,HKG,2008,2.262
Hong Kong,HKG,2009,2.262
Hong Kong,HKG,2010,2.19
Hong Kong,HKG,2011,2.19
Hong Kong,HKG,2012,1.838
Hong Kong,HKG,2013,1.667
Hong Kong,HKG,2014,1.35
Hong Kong,HKG,2015,1.394
Hong Kong,HKG,2016,1.268
Hong Kong,HKG,2017,1.268
Hong Kong,HKG,2018,1.342
Hong Kong,HKG,2019,0.481
Hong Kong,HKG,2020,0.332
Hungary,HUN,2000,2.782
Hungary,HUN,2001,2.782
Hungary,HUN,2002,2.782
Hungary,HUN,2003,2.782
Hungary,HUN,2004,2.782
Hungary,HUN,2005,2.782
Hungary,HUN,2006,2.07
Hungary,HUN,2007,2.464
Hungary,HUN,2008,2.464
Hungary,HUN,2009,2.464
Hungary,HUN,2010,1.937
Hungary,HUN,2011,1.937
Hungary,HUN,2012,1.937
Hungary,HUN,2013,1.421
Hungary,HUN,2014,1.421
Hungary,HUN,2015,1.421
Hungary,HUN,2016,1.421
Hungary,HUN,2017,1.421
Hungary,HUN,2018,0.895
Hungary,HUN,2019,1.145
Hungary,HUN,2020,0.76
Iceland,ISL,2000,2.048
Iceland,ISL,2001,2.048
Iceland,ISL,2002,2.048
Iceland,ISL,2003,2.048
Iceland,ISL,2004,2.048
Iceland,ISL,2005,2.048
Iceland,ISL,2006,2.048
Iceland,ISL,2007,2.048
Iceland,ISL,2008,2.048
Iceland,ISL,2009,2.048
Iceland,ISL,2010,2.147
Iceland,ISL,2011,2.147
Iceland,ISL,2012,2.147
Iceland,ISL,2013,2.147
Iceland,ISL,2014,2.147
Iceland,ISL,2015,2.147
Iceland,ISL,2016,2.147
Iceland,ISL,2017,2.147
Iceland,ISL,2018,2.147
Iceland,ISL,2019,2.45
Iceland,ISL,2020,2.168
India,IND,2000,-0.496
India,IND,2001,-0.496
India,IND,2002,-0.496
India,IND,2003,-0.496
India,IND,2004,-0.496
India,IND,2005,-0.496
India,IND,2006,-0.496
India,IND,2007,-0.496
India,IND,2008,-0.496
India,IND,2009,-0.496
India,IND,2010,-0.188
India,IND,2011,-0.188
India,IND,2012,-0.188
India,IND,2013,-0.289
India,IND,2014,-0.379
India,IND,2015,-0.379
India,IND,2016,-0.379
India,IND,2017,-0.616
India,IND,2018,-0.72
India,IND,2019,-0.699
India,IND,2020,-0.874
Indonesia,IDN,2000,0.273
Indonesia,IDN,2001,0.273
Indonesia,IDN,2002,0.266
Indonesia,IDN,2003,0.266
Indonesia,IDN,2004,0.266
Indonesia,IDN,2005,0.266
Indonesia,IDN,2006,0.266
Indonesia,IDN,2007,0.266
Indonesia,IDN,2008,0.266
Indonesia,IDN,2009,0.411
Indonesia,IDN,2010,0.513
Indonesia,IDN,2011,0.513
Indonesia,IDN,2012,0.513
Indonesia,IDN,2013,0.442
Indonesia,IDN,2014,0.442
Indonesia,IDN,2015,0.448
Indonesia,IDN,2016,0.448
Indonesia,IDN,2017,0.512
Indonesia,IDN,2018,0.512
Indonesia,IDN,2019,0.512
Indonesia,IDN,2020,0.512
Iran,IRN,2000,0.926
Iran,IRN,2001,0.926
Iran,IRN,2002,0.926
Iran,IRN,2003,0.926
Iran,IRN,2004,0.926
Iran,IRN,2005,0.926
Iran,IRN,2006,0.725
Iran,IRN,2007,0.725
Iran,IRN,2008,0.725
Iran,IRN,2009,0.609
Iran,IRN,2010,0.727
Iran,IRN,2011,0.727
Iran,IRN,2012,0.727
Iran,IRN,2013,0.703
Iran,IRN,2014,0.703
Iran,IRN,2015,0.703
Iran,IRN,2016,0.703
Iran,IRN,2017,0.597
Iran,IRN,2018,0.597
Iran,IRN,2019,0.597
Iran,IRN,2020,0.597
Iraq,IRQ,2000,-1.655
Iraq,IRQ,2001,-1.655
Iraq,IRQ,2002,-1.655
Iraq,IRQ,2003,-1.46
Iraq,IRQ,2004,-1.58
Iraq,IRQ,2005,-1.58
Iraq,IRQ,2006,-1.58
Iraq,IRQ,2007,-1.58
Iraq,IRQ,2008,-1.58
Iraq,IRQ,2009,-1.58
Iraq,IRQ,2010,-1.428
Iraq,IRQ,2011,-1.742
Iraq,IRQ,2012,-1.742
Iraq,IRQ,2013,-2.393
Iraq,IRQ,2014,-2.393
Iraq,IRQ,2015,-1.82
Iraq,IRQ,2016,-1.094
Iraq,IRQ,2017,-1.56
Iraq,IRQ,2018,-1.56
Iraq,IRQ,2019,-1.736
Iraq,IRQ,2020,-1.736
Ireland,IRL,2000,2.024
Ireland,IRL,2001,2.024
Ireland,IRL,2002,2.024
Ireland,IRL,2003,2.024
Ireland,IRL,2004,2.024
Ireland,IRL,2005,2.024
Ireland,IRL,2006,2.024
Ireland,IRL,2007,2.024
Ireland,IRL,2008,2.024
Ireland,IRL,2009,2.024
Ireland,IRL,2010,2.024
Ireland,IRL,2011,2.024
Ireland,IRL,2012,2.024
Ireland,IRL,2013,2.024
Ireland,IRL,2014,2.024
Ireland,IRL,2015,2.024
Ireland,IRL,2016,2.024
Ireland,IRL,2017,2.024
Ireland,IRL,2018,2.526
Ireland,IRL,2019,2.526
Ireland,IRL,2020,2.526
Israel,ISR,2000,2.092
Israel,ISR,2001,2.092
Israel,ISR,2002,2.092
Israel,ISR,2003,2.092
Israel,ISR,2004,2.092
Israel,ISR,2005,2.092
Israel,ISR,2006,2.092
Israel,ISR,2007,2.092
Israel,ISR,2008,2.092
Israel,ISR,2009,2.092
Israel,ISR,2010,1.845
Israel,ISR,2011,1.845
Israel,ISR,2012,1.845
Israel,ISR,2013,1.719
Israel,ISR,2014,1.719
Israel,ISR,2015,1.603
Israel,ISR,2016,1.603
Israel,ISR,2017,1.481
Israel,ISR,2018,1.481
Israel,ISR,2019,1.481
Israel,ISR,2020,1.481
Italy,ITA,2000,1.313
Italy,ITA,2001,1.313
Italy,ITA,2002,1.313
Italy,ITA,2003,1.313
Italy,ITA,2004,1.313
Italy,ITA,2005,1.313
Italy,ITA,2006,1.313
Italy,ITA,2007,1.313
Italy,ITA,2008,1.313
Italy,ITA,2009,1.313
Italy,ITA,2010,1.313
Italy,ITA,2011,1.313
Italy,ITA,2012,1.313
Italy,ITA,2013,1.313
Italy,ITA,2014,1.313
Italy,ITA,2015,1.313
Italy,ITA,2016,1.313
Italy,ITA,2017,1.313
Italy,ITA,2018,1.313
Italy,ITA,2019,1.313
Italy,ITA,2020,1.313
Jamaica,JAM,2000,1.23
Jamaica,JAM,2001,1.23
Jamaica,JAM,2002,1.23
Jamaica,JAM,2003,1.23
Jamaica,JAM,2004,1.23
Jamaica,JAM,2005,1.23
Jamaica,JAM,2006,1.23
Jamaica,JAM,2007,1.23
Jamaica,JAM,2008,1.23
Jamaica,JAM,2009,1.23
Jamaica,JAM,2010,1.23
Jamaica,JAM,2011,1.23
Jamaica,JAM,2012,1.23
Jamaica,JAM,2013,1.585
Jamaica,JAM,2014,1.585
Jamaica,JAM,2015,1.585
Jamaica,JAM,2016,1.585
Jamaica,JAM,2017,1.245
Jamaica,JAM,2018,1.245
Jamaica,JAM,2019,1.501
Jamaica,JAM,2020,1.74
Japan,JPN,2000,2.066
Japan,JPN,2001,2.066
Japan,JPN,2002,2.066
Japan,JPN,2003,2.066
Japan,JPN,2004,2.066
Japan,JPN,2005,2.066
Japan,JPN,2006,2.066
Japan,JPN,2007,2.066
Japan,JPN,2008,2.066
Japan,JPN,2009,2.066
Japan,JPN,2010,2.066
Japan,JPN,2011,2.066
Japan,JPN,2012,2.066
Japan,JPN,2013,1.761
Japan,JPN,2014,1.761
Japan,JPN,2015,1.761
Japan,JPN,2016,1.761
Japan,JPN,2017,1.761
Japan,JPN,2018,1.761
Japan,JPN,2019,1.761
Japan,JPN,2020,1.747
Jordan,JOR,2000,-0.346
Jordan,JOR,2001,-0.346
Jordan,JOR,2002,-0.346
Jordan,JOR,2003,-0.346
Jordan,JOR,2004,-0.346
Jordan,JOR,2005,-0.346
Jordan,JOR,2006,-0.346
Jordan,JOR,2007,-0.346
Jordan,JOR,2008,-0.346
Jordan,JOR,2009,-0.346
Jordan,JOR,2010,0.072
Jordan,JOR,2011,0.072
Jordan,JOR,2012,0.072
Jordan,JOR,2013,0.252
Jordan,JOR,2014,0.252
Jordan,JOR,2015,0.252
Jordan,JOR,2016,0.252
Jordan,JOR,2017,0.252
Jordan,JOR,2018,0.252
Jordan,JOR,2019,0.252
Jordan,JOR,2020,0.252
Kazakhstan,KAZ,2000,-0.514
Kazakhstan,KAZ,2001,-0.514
Kazakhstan,KAZ,2002,-0.514
Kazakhstan,KAZ,2003,-0.514
Kazakhstan,KAZ,2004,-0.514
Kazakhstan,KAZ,2005,-0.724
Kazakhstan,KAZ,2006,-0.646
Kazakhstan,KAZ,2007,-0.646
Kazakhstan,KAZ,2008,-0.646
Kazakhstan,KAZ,2009,-0.646
Kazakhstan,KAZ,2010,-0.646
Kazakhstan,KAZ,2011,-0.646
Kazakhstan,KAZ,2012,-0.646
Kazakhstan,KAZ,2013,-0.646
Kazakhstan,KAZ,2014,-0.646
Kazakhstan,KAZ,2015,-0.646
Kazakhstan,KAZ,2016,-0.646
Kazakhstan,KAZ,2017,-0.646
Kazakhstan,KAZ,2018,-0.646
Kazakhstan,KAZ,2019,-0.502
Kazakhstan,KAZ,2020,-0.502
Kenya,KEN,2000,-0.911
Kenya,KEN,2001,-0.911
Kenya,KEN,2002,0.51
Kenya,KEN,2003,0.51
Kenya,KEN,2004,0.51
Kenya,KEN,2005,0.51
Kenya,KEN,2006,0.51
Kenya,KEN,2007,0.51
Kenya,KEN,2008,0.51
Kenya,KEN,2009,0.568
Kenya,KEN,2010,0.813
Kenya,KEN,2011,0.813
Kenya,KEN,2012,0.813
Kenya,KEN,2013,0.73
Kenya,KEN,2014,0.685
Kenya,KEN,2015,0.685
Kenya,KEN,2016,0.685
Kenya,KEN,2017,0.685
Kenya,KEN,2018,0.931
Kenya,KEN,2019,0.969
Kenya,KEN,2020,1.036
Kosovo,OWID_KOS,2000,-0.615
Kosovo,OWID_KOS,2001,-0.615
Kosovo,OWID_KOS,2002,-0.813
Kosovo,OWID_KOS,2003,-0.813
Kosovo,OWID_KOS,2004,-0.813
Kosovo,OWID_KOS,2005,-0.231
Kosovo,OWID_KOS,2006,-0.231
Kosovo,OWID_KOS,2007,-0.231
Kosovo,OWID_KOS,2008,-0.292
Kosovo,OWID_KOS,2009,0.029
Kosovo,OWID_KOS,2010,0.029
Kosovo,OWID_KOS,2011,0.029
Kosovo,OWID_KOS,2012,0.029
Kosovo,OWID_KOS,2013,0.0
Kosovo,OWID_KOS,2014,0.175
Kosovo,OWID_KOS,2015,0.001
Kosovo,OWID_KOS,2016,0.117
Kosovo,OWID_KOS,2017,0.505
Kosovo,OWID_KOS,2018,0.572
Kosovo,OWID_KOS,2019,0.792
Kosovo,OWID_KOS,2020,0.697
Kuwait,KWT,2000,-0.231
Kuwait,KWT,2001,-0.231
Kuwait,KWT,2002,-0.231
Kuwait,KWT,2003,-0.231
Kuwait,KWT,2004,-0.231
Kuwait,KWT,2005,-0.262
Kuwait,KWT,2006,-0.262
Kuwait,KWT,2007,-0.262
Kuwait,KWT,2008,-0.262
Kuwait,KWT,2009,-0.262
Kuwait,KWT,2010,-0.262
Kuwait,KWT,2011,-0.262
Kuwait,KWT,2012,-0.262
Kuwait,KWT,2013,-0.262
Kuwait,KWT,2014,-0.262
Kuwait,KWT,2015,-0.262
Kuwait,KWT,2016,-0.262
Kuwait,KWT,2017,-0.137
Kuwait,KWT,2018,-0.137
Kuwait,KWT,2019,0.018
Kuwait,KWT,2020,0.018
Kyrgyzstan,KGZ,2000,0.159
Kyrgyzstan,KGZ,2001,-0.323
Kyrgyzstan,KGZ,2002,-0.323
Kyrgyzstan,KGZ,2003,-0.323
Kyrgyzstan,KGZ,2004,-0.323
Kyrgyzstan,KGZ,2005,-0.323
Kyrgyzstan,KGZ,2006,-0.323
Kyrgyzstan,KGZ,2007,-0.323
Kyrgyzstan,KGZ,2008,-0.323
Kyrgyzstan,KGZ,2009,-0.23
Kyrgyzstan,KGZ,2010,-0.016
Kyrgyzstan,KGZ,2011,0.358
Kyrgyzstan,KGZ,2012,0.358
Kyrgyzstan,KGZ,2013,0.523
Kyrgyzstan,KGZ,2014,0.523
Kyrgyzstan,KGZ,2015,0.561
Kyrgyzstan,KGZ,2016,0.644
Kyrgyzstan,KGZ,2017,0.809
Kyrgyzstan,KGZ,2018,0.911
Kyrgyzstan,KGZ,2019,0.359
Kyrgyzstan,KGZ,2020,0.124
Laos,LAO,2000,-1.484
Laos,LAO,2001,-1.484
Laos,LAO,2002,-1.484
Laos,LAO,2003,-1.484
Laos,LAO,2004,-1.484
Laos,LAO,2005,-1.484
Laos,LAO,2006,-1.484
Laos,LAO,2007,-1.484
Laos,LAO,2008,-1.484
Laos,LAO,2009,-1.484
Laos,LAO,2010,-1.592
Laos,LAO,2011,-1.592
Laos,LAO,2012,-1.592
Laos,LAO,2013,-1.592
Laos,LAO,2014,-1.592
Laos,LAO,2015,-1.592
Laos,LAO,2016,-1.592
Laos,LAO,2017,-1.289
Laos,LAO,2018,-0.939
Laos,LAO,2019,-0.737
Laos,LAO,2020,-0.304
Latvia,LVA,2000,1.491
Latvia,LVA,2001,1.491
Latvia,LVA,2002,1.491
Latvia,LVA,2003,1.491
Latvia,LVA,2004,1.829
Latvia,LVA,2005,1.829
Latvia,LVA,2006,1.829
Latvia,LVA,2007,1.929
Latvia,LVA,2008,1.929
Latvia,LVA,2009,1.929
Latvia,LVA,2010,2.015
Latvia,LVA,2011,2.015
Latvia,LVA,2012,2.126
Latvia,LVA,2013,2.163
Latvia,LVA,2014,2.163
Latvia,LVA,2015,2.311
Latvia,LVA,2016,2.172
Latvia,LVA,2017,2.002
Latvia,LVA,2018,2.002
Latvia,LVA,2019,1.917
Latvia,LVA,2020,1.917
Lebanon,LBN,2000,-1.021
Lebanon,LBN,2001,-1.021
Lebanon,LBN,2002,-1.021
Lebanon,LBN,2003,-1.021
Lebanon,LBN,2004,-1.021
Lebanon,LBN,2005,-1.021
Lebanon,LBN,2006,-1.021
Lebanon,LBN,2007,-1.021
Lebanon,LBN,2008,-1.021
Lebanon,LBN,2009,-0.928
Lebanon,LBN,2010,-0.887
Lebanon,LBN,2011,-0.887
Lebanon,LBN,2012,-0.887
Lebanon,LBN,2013,-0.887
Lebanon,LBN,2014,-0.887
Lebanon,LBN,2015,-0.802
Lebanon,LBN,2016,-0.748
Lebanon,LBN,2017,-0.931
Lebanon,LBN,2018,-0.95
Lebanon,LBN,2019,-1.027
Lebanon,LBN,2020,-1.083
Lesotho,LSO,2000,0.228
Lesotho,LSO,2001,0.228
Lesotho,LSO,2002,0.228
Lesotho,LSO,2003,0.228
Lesotho,LSO,2004,0.228
Lesotho,LSO,2005,0.228
Lesotho,LSO,2006,0.228
Lesotho,LSO,2007,0.228
Lesotho,LSO,2008,0.228
Lesotho,LSO,2009,0.228
Lesotho,LSO,2010,-0.092
Lesotho,LSO,2011,-0.092
Lesotho,LSO,2012,-0.092
Lesotho,LSO,2013,0.33
Lesotho,LSO,2014,0.33
Lesotho,LSO,2015,0.073
Lesotho,LSO,2016,0.073
Lesotho,LSO,2017,-0.04
Lesotho,LSO,2018,0.075
Lesotho,LSO,2019,0.374
Lesotho,LSO,2020,0.616
Liberia,LBR,2000,-2.34
Liberia,LBR,2001,-2.34
Liberia,LBR,2002,-2.34
Liberia,LBR,2003,-2.34
Liberia,LBR,2004,-1.418
Liberia,LBR,2005,-0.837
Liberia,LBR,2006,-0.794
Liberia,LBR,2007,-0.794
Liberia,LBR,2008,-0.794
Liberia,LBR,2009,-0.794
Liberia,LBR,2010,-0.794
Liberia,LBR,2011,-0.794
Liberia,LBR,2012,-0.794
Liberia,LBR,2013,-0.423
Liberia,LBR,2014,-0.423
Liberia,LBR,2015,-0.423
Liberia,LBR,2016,-0.423
Liberia,LBR,2017,0.268
Liberia,LBR,2018,-0.214
Liberia,LBR,2019,-0.248
Liberia,LBR,2020,0.007
Libya,LBY,2000,-1.531
Libya,LBY,2001,-1.531
Libya,LBY,2002,-1.531
Libya,LBY,2003,-1.531
Libya,LBY,2004,-1.531
Libya,LBY,2005,-1.531
Libya,LBY,2006,-1.531
Libya,LBY,2007,-1.531
Libya,LBY,2008,-1.531
Libya,LBY,2009,-1.531
Libya,LBY,2010,-1.531
Libya,LBY,2011,-1.782
Libya,LBY,2012,-0.929
Libya,LBY,2013,-1.402
Libya,LBY,2014,-1.798
Libya,LBY,2015,-2.136
Libya,LBY,2016,-2.136
Libya,LBY,2017,-1.825
Libya,LBY,2018,-2.636
Libya,LBY,2019,-2.636
Libya,LBY,2020,-2.636
Lithuania,LTU,2000,1.065
Lithuania,LTU,2001,1.201
Lithuania,LTU,2002,1.201
Lithuania,LTU,2003,1.201
Lithuania,LTU,2004,1.319
Lithuania,LTU,2005,1.319
Lithuania,LTU,2006,1.319
Lithuania,LTU,2007,1.319
Lithuania,LTU,2008,1.319
Lithuania,LTU,2009,1.319
Lithuania,LTU,2010,1.319
Lithuania,LTU,2011,1.319
Lithuania,LTU,2012,1.319
Lithuania,LTU,2013,1.486
Lithuania,LTU,2014,1.486
Lithuania,LTU,2015,1.486
Lithuania,LTU,2016,1.357
Lithuania,LTU,2017,1.357
Lithuania,LTU,2018,1.357
Lithuania,LTU,2019,1.357
Lithuania,LTU,2020,1.357
Luxembourg,LUX,2000,3.129
Luxembourg,LUX,2001,3.129
Luxembourg,LUX,2002,3.129
Luxembourg,LUX,2003,3.129
Luxembourg,LUX,2004,3.129
Luxembourg,LUX,2005,3.129
Luxembourg,LUX,2006,3.129
Luxembourg,LUX,2007,3.129
Luxembourg,LUX,2008,3.129
Luxembourg,LUX,2009,3.129
Luxembourg,LUX,2010,3.129
Luxembourg,LUX,2011,3.129
Luxembourg,LUX,2012,3.129
Luxembourg,LUX,2013,3.129
Luxembourg,LUX,2014,3.129
Luxembourg,LUX,2015,3.129
Luxembourg,LUX,2016,3.129
Luxembourg,LUX,2017,3.129
Luxembourg,LUX,2018,3.129
Luxembourg,LUX,2019,3.129
Luxembourg,LUX,2020,3.129
Madagascar,MDG,2000,-0.403
Madagascar,MDG,2001,-0.403
Madagascar,MDG,2002,-0.114
Madagascar,MDG,2003,0.26
Madagascar,MDG,2004,0.26
Madagascar,MDG,2005,0.26
Madagascar,MDG,2006,0.26
Madagascar,MDG,2007,0.26
Madagascar,MDG,2008,0.26
Madagascar,MDG,2009,-1.346
Madagascar,MDG,2010,-1.224
Madagascar,MDG,2011,-1.224
Madagascar,MDG,2012,-1.224
Madagascar,MDG,2013,-1.681
Madagascar,MDG,2014,-1.552
Madagascar,MDG,2015,-1.448
Madagascar,MDG,2016,-1.448
Madagascar,MDG,2017,-1.448
Madagascar,MDG,2018,-1.448
Madagascar,MDG,2019,-0.538
Madagascar,MDG,2020,-0.538
Malawi,MWI,2000,-0.433
Malawi,MWI,2001,-0.467
Malawi,MWI,2002,-0.467
Malawi,MWI,2003,-0.467
Malawi,MWI,2004,-0.467
Malawi,MWI,2005,-0.467
Malawi,MWI,2006,-0.467
Malawi,MWI,2007,-0.467
Malawi,MWI,2008,-0.467
Malawi,MWI,2009,-0.498
Malawi,MWI,2010,-0.676
Malawi,MWI,2011,-0.676
Malawi,MWI,2012,-0.676
Malawi,MWI,2013,-0.312
Malawi,MWI,2014,-0.312
Malawi,MWI,2015,0.199
Malawi,MWI,2016,0.323
Malawi,MWI,2017,0.184
Malawi,MWI,2018,0.184
Malawi,MWI,2019,-0.06
Malawi,MWI,2020,1.129
Malaysia,MYS,2000,-0.977
Malaysia,MYS,2001,-0.977
Malaysia,MYS,2002,-0.977
Malaysia,MYS,2003,-0.977
Malaysia,MYS,2004,-0.977
Malaysia,MYS,2005,-0.494
Malaysia,MYS,2006,-0.494
Malaysia,MYS,2007,-0.494
Malaysia,MYS,2008,-0.494
Malaysia,MYS,2009,-0.494
Malaysia,MYS,2010,-0.494
Malaysia,MYS,2011,-0.494
Malaysia,MYS,2012,-0.494
Malaysia,MYS,2013,-0.263
Malaysia,MYS,2014,-0.263
Malaysia,MYS,2015,-0.263
Malaysia,MYS,2016,-0.263
Malaysia,MYS,2017,-0.263
Malaysia,MYS,2018,0.258
Malaysia,MYS,2019,0.516
Malaysia,MYS,2020,-0.366
Maldives,MDV,2000,-1.252
Maldives,MDV,2001,-1.252
Maldives,MDV,2002,-1.252
Maldives,MDV,2003,-1.252
Maldives,MDV,2004,-1.252
Maldives,MDV,2005,-1.252
Maldives,MDV,2006,-1.252
Maldives,MDV,2007,-1.252
Maldives,MDV,2008,-0.947
Maldives,MDV,2009,-0.35
Maldives,MDV,2010,-0.287
Maldives,MDV,2011,-0.287
Maldives,MDV,2012,-0.911
Maldives,MDV,2013,-0.527
Maldives,MDV,2014,-0.701
Maldives,MDV,2015,-1.181
Maldives,MDV,2016,-1.181
Maldives,MDV,2017,-1.181
Maldives,MDV,2018,-0.763
Maldives,MDV,2019,0.138
Maldives,MDV,2020,0.138
Mali,MLI,2000,-0.767
Mali,MLI,2001,-0.767
Mali,MLI,2002,-0.767
Mali,MLI,2003,-0.767
Mali,MLI,2004,-0.767
Mali,MLI,2005,-0.767
Mali,MLI,2006,-0.767
Mali,MLI,2007,-0.767
Mali,MLI,2008,-0.767
Mali,MLI,2009,-0.767
Mali,MLI,2010,-0.767
Mali,MLI,2011,-0.648
Mali,MLI,2012,-0.648
Mali,MLI,2013,-0.558
Mali,MLI,2014,-0.558
Mali,MLI,2015,-0.558
Mali,MLI,2016,-0.558
Mali,MLI,2017,-0.665
Mali,MLI,2018,-0.657
Mali,MLI,2019,-0.676
Mali,MLI,2020,-0.646
Malta,MLT,2000,2.026
Malta,MLT,2001,2.026
Malta,MLT,2002,2.026
Malta,MLT,2003,2.026
Malta,MLT,2004,2.026
Malta,MLT,2005,2.026
Malta,MLT,2006,2.026
Malta,MLT,2007,2.026
Malta,MLT,2008,2.026
Malta,MLT,2009,2.026
Malta,MLT,2010,2.026
Malta,MLT,2011,2.026
Malta,MLT,2012,2.026
Malta,MLT,2013,1.66
Malta,MLT,2014,1.367
Malta,MLT,2015,1.367
Malta,MLT,2016,1.116
Malta,MLT,2017,1.116
Malta,MLT,2018,1.116
Malta,MLT,2019,1.116
Malta,MLT,2020,1.116
Mauritania,MRT,2000,0.579
Mauritania,MRT,2001,0.579
Mauritania,MRT,2002,0.823
Mauritania,MRT,2003,0.494
Mauritania,MRT,2004,0.494
Mauritania,MRT,2005,0.494
Mauritania,MRT,2006,0.776
Mauritania,MRT,2007,0.776
Mauritania,MRT,2008,1.014
Mauritania,MRT,2009,0.789
Mauritania,MRT,2010,0.789
Mauritania,MRT,2011,0.789
Mauritania,MRT,2012,0.789
Mauritania,MRT,2013,-1.226
Mauritania,MRT,2014,-1.226
Mauritania,MRT,2015,-1.352
Mauritania,MRT,2016,-1.352
Mauritania,MRT,2017,-0.992
Mauritania,MRT,2018,-0.75
Mauritania,MRT,2019,-0.146
Mauritania,MRT,2020,-0.146
Mauritius,MUS,2000,1.638
Mauritius,MUS,2001,1.638
Mauritius,MUS,2002,1.638
Mauritius,MUS,2003,1.638
Mauritius,MUS,2004,1.638
Mauritius,MUS,2005,1.638
Mauritius,MUS,2006,1.638
Mauritius,MUS,2007,1.638
Mauritius,MUS,2008,1.638
Mauritius,MUS,2009,1.638
Mauritius,MUS,2010,1.638
Mauritius,MUS,2011,1.638
Mauritius,MUS,2012,1.638
Mauritius,MUS,2013,1.238
Mauritius,MUS,2014,0.692
Mauritius,MUS,2015,0.652
Mauritius,MUS,2016,0.652
Mauritius,MUS,2017,0.496
Mauritius,MUS,2018,0.496
Mauritius,MUS,2019,0.496
Mauritius,MUS,2020,-0.864
Mexico,MEX,2000,0.278
Mexico,MEX,2001,0.293
Mexico,MEX,2002,0.293
Mexico,MEX,2003,0.293
Mexico,MEX,2004,0.293
Mexico,MEX,2005,0.293
Mexico,MEX,2006,0.293
Mexico,MEX,2007,0.101
Mexico,MEX,2008,0.101
Mexico,MEX,2009,0.101
Mexico,MEX,2010,0.101
Mexico,MEX,2011,0.101
Mexico,MEX,2012,0.101
Mexico,MEX,2013,0.033
Mexico,MEX,2014,0.033
Mexico,MEX,2015,0.033
Mexico,MEX,2016,0.033
Mexico,MEX,2017,-0.241
Mexico,MEX,2018,0.007
Mexico,MEX,2019,0.001
Mexico,MEX,2020,0.001
Moldova,MDA,2000,0.386
Moldova,MDA,2001,0.047
Moldova,MDA,2002,0.047
Moldova,MDA,2003,0.047
Moldova,MDA,2004,0.047
Moldova,MDA,2005,0.047
Moldova,MDA,2006,0.047
Moldova,MDA,2007,0.047
Moldova,MDA,2008,0.047
Moldova,MDA,2009,0.04
Moldova,MDA,2010,0.8
Moldova,MDA,2011,0.8
Moldova,MDA,2012,0.8
Moldova,MDA,2013,0.595
Moldova,MDA,2014,0.595
Moldova,MDA,2015,0.647
Moldova,MDA,2016,0.214
Moldova,MDA,2017,0.214
Moldova,MDA,2018,0.424
Moldova,MDA,2019,0.694
Moldova,MDA,2020,0.694
Mongolia,MNG,2000,1.09
Mongolia,MNG,2001,1.09
Mongolia,MNG,2002,1.09
Mongolia,MNG,2003,1.09
Mongolia,MNG,2004,1.09
Mongolia,MNG,2005,1.09
Mongolia,MNG,2006,1.09
Mongolia,MNG,2007,1.09
Mongolia,MNG,2008,1.09
Mongolia,MNG,2009,1.192
Mongolia,MNG,2010,1.192
Mongolia,MNG,2011,1.192
Mongolia,MNG,2012,1.192
Mongolia,MNG,2013,0.871
Mongolia,MNG,2014,0.745
Mongolia,MNG,2015,0.745
Mongolia,MNG,2016,0.745
Mongolia,MNG,2017,0.745
Mongolia,MNG,2018,0.745
Mongolia,MNG,2019,0.877
Mongolia,MNG,2020,1.212
Montenegro,MNE,2000,0.765
Montenegro,MNE,2001,0.765
Montenegro,MNE,2002,0.765
Montenegro,MNE,2003,0.765
Montenegro,MNE,2004,0.765
Montenegro,MNE,2005,0.765
Montenegro,MNE,2006,0.765
Montenegro,MNE,2007,0.765
Montenegro,MNE,2008,0.765
Montenegro,MNE,2009,0.983
Montenegro,MNE,2010,0.983
Montenegro,MNE,2011,1.089
Montenegro,MNE,2012,1.089
Montenegro,MNE,2013,1.152
Montenegro,MNE,2014,1.152
Montenegro,MNE,2015,1.152
Montenegro,MNE,2016,1.152
Montenegro,MNE,2017,1.152
Montenegro,MNE,2018,1.078
Montenegro,MNE,2019,1.078
Montenegro,MNE,2020,1.078
Morocco,MAR,2000,-0.543
Morocco,MAR,2001,-0.543
Morocco,MAR,2002,-0.543
Morocco,MAR,2003,-0.543
Morocco,MAR,2004,-0.543
Morocco,MAR,2005,-0.543
Morocco,MAR,2006,-0.543
Morocco,MAR,2007,-0.543
Morocco,MAR,2008,-0.543
Morocco,MAR,2009,-0.543
Morocco,MAR,2010,-0.543
Morocco,MAR,2011,-0.391
Morocco,MAR,2012,-0.391
Morocco,MAR,2013,-0.482
Morocco,MAR,2014,-0.482
Morocco,MAR,2015,-0.482
Morocco,MAR,2016,-0.482
Morocco,MAR,2017,-0.58
Morocco,MAR,2018,-0.58
Morocco,MAR,2019,-0.58
Morocco,MAR,2020,-0.58
Mozambique,MOZ,2000,-0.5
Mozambique,MOZ,2001,-0.5
Mozambique,MOZ,2002,-0.5
Mozambique,MOZ,2003,-0.5
Mozambique,MOZ,2004,-0.5
Mozambique,MOZ,2005,-0.5
Mozambique,MOZ,2006,-0.5
Mozambique,MOZ,2007,-0.5
Mozambique,MOZ,2008,-0.384
Mozambique,MOZ,2009,-0.63
Mozambique,MOZ,2010,-0.531
Mozambique,MOZ,2011,-0.531
Mozambique,MOZ,2012,-0.531
Mozambique,MOZ,2013,-0.376
Mozambique,MOZ,2014,-0.376
Mozambique,MOZ,2015,-0.211
Mozambique,MOZ,2016,-0.275
Mozambique,MOZ,2017,-0.354
Mozambique,MOZ,2018,-0.354
Mozambique,MOZ,2019,-0.304
Mozambique,MOZ,2020,-0.304
Myanmar,MMR,2000,-1.925
Myanmar,MMR,2001,-1.925
Myanmar,MMR,2002,-1.925
Myanmar,MMR,2003,-1.925
Myanmar,MMR,2004,-1.925
Myanmar,MMR,2005,-1.925
Myanmar,MMR,2006,-1.925
Myanmar,MMR,2007,-1.925
Myanmar,MMR,2008,-1.925
Myanmar,MMR,2009,-1.604
Myanmar,MMR,2010,-0.857
Myanmar,MMR,2011,-0.6
Myanmar,MMR,2012,-0.428
Myanmar,MMR,2013,-0.286
Myanmar,MMR,2014,-0.224
Myanmar,MMR,2015,0.13
Myanmar,MMR,2016,0.436
Myanmar,MMR,2017,0.714
Myanmar,MMR,2018,0.565
Myanmar,MMR,2019,0.722
Myanmar,MMR,2020,0.75
Namibia,NAM,2000,1.459
Namibia,NAM,2001,1.459
Namibia,NAM,2002,1.459
Namibia,NAM,2003,1.459
Namibia,NAM,2004,1.459
Namibia,NAM,2005,1.459
Namibia,NAM,2006,1.459
Namibia,NAM,2007,1.459
Namibia,NAM,2008,1.459
Namibia,NAM,2009,1.459
Namibia,NAM,2010,1.459
Namibia,NAM,2011,1.459
Namibia,NAM,2012,1.459
Namibia,NAM,2013,1.459
Namibia,NAM,2014,1.459
Namibia,NAM,2015,1.459
Namibia,NAM,2016,1.459
Namibia,NAM,2017,1.441
Namibia,NAM,2018,2.126
Namibia,NAM,2019,2.363
Namibia,NAM,2020,2.363
Nepal,NPL,2000,0.115
Nepal,NPL,2001,0.115
Nepal,NPL,2002,-0.062
Nepal,NPL,2003,-0.062
Nepal,NPL,2004,-0.062
Nepal,NPL,2005,0.668
Nepal,NPL,2006,0.668
Nepal,NPL,2007,0.842
Nepal,NPL,2008,0.842
Nepal,NPL,2009,0.842
Nepal,NPL,2010,0.842
Nepal,NPL,2011,0.842
Nepal,NPL,2012,0.842
Nepal,NPL,2013,0.75
Nepal,NPL,2014,0.857
Nepal,NPL,2015,0.781
Nepal,NPL,2016,0.756
Nepal,NPL,2017,0.756
Nepal,NPL,2018,0.666
Nepal,NPL,2019,0.64
Nepal,NPL,2020,0.64
Netherlands,NLD,2000,2.643
Netherlands,NLD,2001,2.643
Netherlands,NLD,2002,2.643
Netherlands,NLD,2003,2.643
Netherlands,NLD,2004,2.643
Netherlands,NLD,2005,2.643
Netherlands,NLD,2006,2.643
Netherlands,NLD,2007,2.643
Netherlands,NLD,2008,2.643
Netherlands,NLD,2009,2.643
Netherlands,NLD,2010,2.643
Netherlands,NLD,2011,2.643
Netherlands,NLD,2012,2.643
Netherlands,NLD,2013,2.158
Netherlands,NLD,2014,2.158
Netherlands,NLD,2015,2.158
Netherlands,NLD,2016,2.158
Netherlands,NLD,2017,2.158
Netherlands,NLD,2018,1.597
Netherlands,NLD,2019,2.244
Netherlands,NLD,2020,2.244
New Zealand,NZL,2000,2.933
New Zealand,NZL,2001,2.933
New Zealand,NZL,2002,2.933
New Zealand,NZL,2003,2.933
New Zealand,NZL,2004,2.933
New Zealand,NZL,2005,2.933
New Zealand,NZL,2006,2.933
New Zealand,NZL,2007,2.933
New Zealand,NZL,2008,2.933
New Zealand,NZL,2009,2.933
New Zealand,NZL,2010,2.933
New Zealand,NZL,2011,2.933
New Zealand,NZL,2012,2.933
New Zealand,NZL,2013,2.933
New Zealand,NZL,2014,2.933
New Zealand,NZL,2015,2.933
New Zealand,NZL,2016,2.933
New Zealand,NZL,2017,2.933
New Zealand,NZL,2018,2.933
New Zealand,NZL,2019,2.933
New Zealand,NZL,2020,2.933
Nicaragua,NIC,2000,-0.223
Nicaragua,NIC,2001,-0.223
Nicaragua,NIC,2002,-0.096
Nicaragua,NIC,2003,-0.096
Nicaragua,NIC,2004,-0.096
Nicaragua,NIC,2005,-0.096
Nicaragua,NIC,2006,-0.187
Nicaragua,NIC,2007,-0.51
Nicaragua,NIC,2008,-0.758
Nicaragua,NIC,2009,-0.758
Nicaragua,NIC,2010,-0.758
Nicaragua,NIC,2011,-0.758
Nicaragua,NIC,2012,-0.758
Nicaragua,NIC,2013,-0.758
Nicaragua,NIC,2014,-0.758
Nicaragua,NIC,2015,-0.758
Nicaragua,NIC,2016,-0.512
Nicaragua,NIC,2017,-0.64
Nicaragua,NIC,2018,-2.051
Nicaragua,NIC,2019,-2.051
Nicaragua,NIC,2020,-1.776
Niger,NER,2000,0.494
Niger,NER,2001,0.494
Niger,NER,2002,0.494
Niger,NER,2003,0.494
Niger,NER,2004,0.494
Niger,NER,2005,0.494
Niger,NER,2006,0.494
Niger,NER,2007,0.494
Niger,NER,2008,0.494
Niger,NER,2009,0.444
Niger,NER,2010,1.064
Niger,NER,2011,1.064
Niger,NER,2012,1.064
Niger,NER,2013,1.121
Niger,NER,2014,1.189
Niger,NER,2015,1.057
Niger,NER,2016,1.057
Niger,NER,2017,1.112
Niger,NER,2018,1.276
Niger,NER,2019,1.004
Niger,NER,2020,1.004
Nigeria,NGA,2000,-0.985
Nigeria,NGA,2001,-0.985
Nigeria,NGA,2002,-0.985
Nigeria,NGA,2003,-0.985
Nigeria,NGA,2004,-0.985
Nigeria,NGA,2005,-0.985
Nigeria,NGA,2006,-0.985
Nigeria,NGA,2007,-0.985
Nigeria,NGA,2008,-0.985
Nigeria,NGA,2009,-0.985
Nigeria,NGA,2010,-0.943
Nigeria,NGA,2011,-0.943
Nigeria,NGA,2012,-0.943
Nigeria,NGA,2013,-0.84
Nigeria,NGA,2014,-0.84
Nigeria,NGA,2015,-0.717
Nigeria,NGA,2016,-0.717
Nigeria,NGA,2017,-0.717
Nigeria,NGA,2018,-0.717
Nigeria,NGA,2019,-0.717
Nigeria,NGA,2020,-0.717
North Korea,PRK,2000,-1.735
North Korea,PRK,2001,-1.735
North Korea,PRK,2002,-1.735
North Korea,PRK,2003,-1.735
North Korea,PRK,2004,-1.735
North Korea,PRK,2005,-1.735
North Korea,PRK,2006,-1.735
North Korea,PRK,2007,-1.735
North Korea,PRK,2008,-1.735
North Korea,PRK,2009,-1.735
North Korea,PRK,2010,-1.735
North Korea,PRK,2011,-1.735
North Korea,PRK,2012,-1.735
North Korea,PRK,2013,-1.735
North Korea,PRK,2014,-1.735
North Korea,PRK,2015,-1.735
North Korea,PRK,2016,-1.735
North Korea,PRK,2017,-1.735
North Korea,PRK,2018,-1.735
North Korea,PRK,2019,-1.735
North Korea,PRK,2020,-1.735
North Macedonia,MKD,2000,0.681
North Macedonia,MKD,2001,0.681
North Macedonia,MKD,2002,1.01
North Macedonia,MKD,2003,1.01
North Macedonia,MKD,2004,1.01
North Macedonia,MKD,2005,1.01
North Macedonia,MKD,2006,1.087
North Macedonia,MKD,2007,0.956
North Macedonia,MKD,2008,0.838
North Macedonia,MKD,2009,0.817
North Macedonia,MKD,2010,0.895
North Macedonia,MKD,2011,0.715
North Macedonia,MKD,2012,0.589
North Macedonia,MKD,2013,0.104
North Macedonia,MKD,2014,0.104
North Macedonia,MKD,2015,0.104
North Macedonia,MKD,2016,0.165
North Macedonia,MKD,2017,0.441
North Macedonia,MKD,2018,0.105
North Macedonia,MKD,2019,-0.202
North Macedonia,MKD,2020,-0.14
Norway,NOR,2000,3.23
Norway,NOR,2001,3.23
Norway,NOR,2002,3.23
Norway,NOR,2003,3.23
Norway,NOR,2004,3.23
Norway,NOR,2005,3.23
Norway,NOR,2006,3.23
Norway,NOR,2007,3.23
Norway,NOR,2008,3.23
Norway,NOR,2009,3.23
Norway,NOR,2010,3.23
Norway,NOR,2011,3.23
Norway,NOR,2012,3.23
Norway,NOR,2013,3.23
Norway,NOR,2014,3.23
Norway,NOR,2015,3.23
Norway,NOR,2016,3.23
Norway,NOR,2017,3.23
Norway,NOR,2018,3.23
Norway,NOR,2019,3.23
Norway,NOR,2020,3.23
Oman,OMN,2000,1.087
Oman,OMN,2001,1.087
Oman,OMN,2002,1.087
Oman,OMN,2003,1.087
Oman,OMN,2004,1.087
Oman,OMN,2005,1.087
Oman,OMN,2006,1.087
Oman,OMN,2007,1.087
Oman,OMN,2008,1.087
Oman,OMN,2009,1.087
Oman,OMN,2010,1.087
Oman,OMN,2011,1.093
Oman,OMN,2012,1.093
Oman,OMN,2013,1.093
Oman,OMN,2014,1.19
Oman,OMN,2015,1.19
Oman,OMN,2016,1.19
Oman,OMN,2017,0.963
Oman,OMN,2018,0.963
Oman,OMN,2019,0.963
Oman,OMN,2020,0.963
Pakistan,PAK,2000,-1.284
Pakistan,PAK,2001,-1.284
Pakistan,PAK,2002,-1.284
Pakistan,PAK,2003,-1.284
Pakistan,PAK,2004,-1.284
Pakistan,PAK,2005,-1.284
Pakistan,PAK,2006,-1.284
Pakistan,PAK,2007,-1.284
Pakistan,PAK,2008,-1.311
Pakistan,PAK,2009,-1.282
Pakistan,PAK,2010,-1.26
Pakistan,PAK,2011,-1.26
Pakistan,PAK,2012,-1.626
Pakistan,PAK,2013,-1.614
Pakistan,PAK,2014,-1.54
Pakistan,PAK,2015,-1.451
Pakistan,PAK,2016,-1.451
Pakistan,PAK,2017,-1.509
Pakistan,PAK,2018,-0.886
Pakistan,PAK,2019,-1.4
Pakistan,PAK,2020,-1.557
Panama,PAN,2000,1.096
Panama,PAN,2001,1.096
Panama,PAN,2002,1.096
Panama,PAN,2003,1.096
Panama,PAN,2004,1.096
Panama,PAN,2005,1.096
Panama,PAN,2006,1.096
Panama,PAN,2007,1.096
Panama,PAN,2008,1.096
Panama,PAN,2009,1.096
Panama,PAN,2010,1.096
Panama,PAN,2011,1.096
Panama,PAN,2012,1.096
Panama,PAN,2013,1.448
Panama,PAN,2014,1.448
Panama,PAN,2015,1.448
Panama,PAN,2016,1.448
Panama,PAN,2017,1.182
Panama,PAN,2018,0.942
Panama,PAN,2019,0.942
Panama,PAN,2020,0.942
Papua New Guinea,PNG,2000,-0.198
Papua New Guinea,PNG,2001,-0.198
Papua New Guinea,PNG,2002,-0.198
Papua New Guinea,PNG,2003,-0.198
Papua New Guinea,PNG,2004,-0.198
Papua New Guinea,PNG,2005,-0.198
Papua New Guinea,PNG,2006,-0.198
Papua New Guinea,PNG,2007,-0.198
Papua New Guinea,PNG,2008,-0.198
Papua New Guinea,PNG,2009,-0.198
Papua New Guinea,PNG,2010,-0.282
Papua New Guinea,PNG,2011,-0.282
Papua New Guinea,PNG,2012,-0.377
Papua New Guinea,PNG,2013,-0.377
Papua New Guinea,PNG,2014,-0.377
Papua New Guinea,PNG,2015,-0.377
Papua New Guinea,PNG,2016,-0.377
Papua New Guinea,PNG,2017,-0.377
Papua New Guinea,PNG,2018,-0.377
Papua New Guinea,PNG,2019,-0.377
Papua New Guinea,PNG,2020,-0.377
Paraguay,PRY,2000,-0.095
Paraguay,PRY,2001,-0.095
Paraguay,PRY,2002,-0.095
Paraguay,PRY,2003,-0.095
Paraguay,PRY,2004,-0.095
Paraguay,PRY,2005,-0.095
Paraguay,PRY,2006,-0.095
Paraguay,PRY,2007,-0.095
Paraguay,PRY,2008,0.128
Paraguay,PRY,2009,0.128
Paraguay,PRY,2010,0.128
Paraguay,PRY,2011,0.128
Paraguay,PRY,2012,0.128
Paraguay,PRY,2013,-0.043
Paraguay,PRY,2014,0.096
Paraguay,PRY,2015,0.096
Paraguay,PRY,2016,0.096
Paraguay,PRY,2017,0.096
Paraguay,PRY,2018,0.096
Paraguay,PRY,2019,0.096
Paraguay,PRY,2020,0.096
Peru,PER,2000,-0.639
Peru,PER,2001,0.862
Peru,PER,2002,0.862
Peru,PER,2003,0.862
Peru,PER,2004,0.862
Peru,PER,2005,0.862
Peru,PER,2006,0.862
Peru,PER,2007,0.862
Peru,PER,2008,0.862
Peru,PER,2009,0.862
Peru,PER,2010,1.0
Peru,PER,2011,1.0
Peru,PER,2012,1.0
Peru,PER,2013,0.635
Peru,PER,2014,0.635
Peru,PER,2015,0.843
Peru,PER,2016,0.843
Peru,PER,2017,0.843
Peru,PER,2018,0.843
Peru,PER,2019,0.843
Peru,PER,2020,0.843
Philippines,PHL,2000,-0.064
Philippines,PHL,2001,-0.064
Philippines,PHL,2002,-0.064
Philippines,PHL,2003,-0.064
Philippines,PHL,2004,0.129
Philippines,PHL,2005,0.129
Philippines,PHL,2006,0.129
Philippines,PHL,2007,0.129
Philippines,PHL,2008,0.129
Philippines,PHL,2009,0.129
Philippines,PHL,2010,0.32
Philippines,PHL,2011,0.375
Philippines,PHL,2012,0.375
Philippines,PHL,2013,0.24
Philippines,PHL,2014,0.24
Philippines,PHL,2015,0.24
Philippines,PHL,2016,0.099
Philippines,PHL,2017,-0.753
Philippines,PHL,2018,-0.708
Philippines,PHL,2019,-0.708
Philippines,PHL,2020,-0.708
Poland,POL,2000,1.59
Poland,POL,2001,1.59
Poland,POL,2002,1.59
Poland,POL,2003,1.59
Poland,POL,2004,1.59
Poland,POL,2005,1.59
Poland,POL,2006,1.59
Poland,POL,2007,1.59
Poland,POL,2008,2.074
Poland,POL,2009,2.074
Poland,POL,2010,2.074
Poland,POL,2011,2.159
Poland,POL,2012,2.159
Poland,POL,2013,1.817
Poland,POL,2014,1.817
Poland,POL,2015,1.641
Poland,POL,2016,1.188
Poland,POL,2017,0.985
Poland,POL,2018,0.985
Poland,POL,2019,0.985
Poland,POL,2020,0.963
Portugal,PRT,2000,3.002
Portugal,PRT,2001,3.002
Portugal,PRT,2002,3.002
Portugal,PRT,2003,3.002
Portugal,PRT,2004,3.002
Portugal,PRT,2005,1.947
Portugal,PRT,2006,1.947
Portugal,PRT,2007,1.947
Portugal,PRT,2008,1.947
Portugal,PRT,2009,1.947
Portugal,PRT,2010,1.947
Portugal,PRT,2011,1.947
Portugal,PRT,2012,1.947
Portugal,PRT,2013,1.575
Portugal,PRT,2014,1.575
Portugal,PRT,2015,1.773
Portugal,PRT,2016,1.773
Portugal,PRT,2017,1.773
Portugal,PRT,2018,1.845
Portugal,PRT,2019,1.832
Portugal,PRT,2020,1.224
Qatar,QAT,2000,0.252
Qatar,QAT,2001,0.252
Qatar,QAT,2002,0.252
Qatar,QAT,2003,0.252
Qatar,QAT,2004,0.622
Qatar,QAT,2005,0.622
Qatar,QAT,2006,0.622
Qatar,QAT,2007,0.622
Qatar,QAT,2008,0.622
Qatar,QAT,2009,0.622
Qatar,QAT,2010,0.622
Qatar,QAT,2011,0.622
Qatar,QAT,2012,0.622
Qatar,QAT,2013,0.437
Qatar,QAT,2014,0.437
Qatar,QAT,2015,0.437
Qatar,QAT,2016,0.437
Qatar,QAT,2017,0.533
Qatar,QAT,2018,0.796
Qatar,QAT,2019,0.796
Qatar,QAT,2020,0.492
Romania,ROU,2000,-0.001
Romania,ROU,2001,-0.001
Romania,ROU,2002,-0.001
Romania,ROU,2003,-0.001
Romania,ROU,2004,-0.001
Romania,ROU,2005,-0.001
Romania,ROU,2006,-0.001
Romania,ROU,2007,-0.001
Romania,ROU,2008,-0.001
Romania,ROU,2009,-0.001
Romania,ROU,2010,0.194
Romania,ROU,2011,0.194
Romania,ROU,2012,0.194
Romania,ROU,2013,0.34
Romania,ROU,2014,0.518
Romania,ROU,2015,0.518
Romania,ROU,2016,0.622
Romania,ROU,2017,0.297
Romania,ROU,2018,0.297
Romania,ROU,2019,0.596
Romania,ROU,2020,0.782
Russia,RUS,2000,-0.833
Russia,RUS,2001,-0.948
Russia,RUS,2002,-0.948
Russia,RUS,2003,-1.094
Russia,RUS,2004,-0.935
Russia,RUS,2005,-0.634
Russia,RUS,2006,-0.578
Russia,RUS,2007,-0.635
Russia,RUS,2008,-0.659
Russia,RUS,2009,-0.588
Russia,RUS,2010,-0.588
Russia,RUS,2011,-0.588
Russia,RUS,2012,-0.873
Russia,RUS,2013,-0.864
Russia,RUS,2014,-0.969
Russia,RUS,2015,-0.969
Russia,RUS,2016,-0.969
Russia,RUS,2017,-0.969
Russia,RUS,2018,-0.753
Russia,RUS,2019,-0.753
Russia,RUS,2020,-0.753
Rwanda,RWA,2000,0.851
Rwanda,RWA,2001,0.851
Rwanda,RWA,2002,0.851
Rwanda,RWA,2003,0.851
Rwanda,RWA,2004,1.044
Rwanda,RWA,2005,1.044
Rwanda,RWA,2006,1.044
Rwanda,RWA,2007,1.044
Rwanda,RWA,2008,1.044
Rwanda,RWA,2009,1.044
Rwanda,RWA,2010,1.044
Rwanda,RWA,2011,1.044
Rwanda,RWA,2012,1.044
Rwanda,RWA,2013,1.044
Rwanda,RWA,2014,1.044
Rwanda,RWA,2015,1.044
Rwanda,RWA,2016,0.253
Rwanda,RWA,2017,0.253
Rwanda,RWA,2018,0.253
Rwanda,RWA,2019,0.253
Rwanda,RWA,2020,0.253
Sao Tome and Principe,STP,2000,1.209
Sao Tome and Principe,STP,2001,1.209
Sao Tome and Principe,STP,2002,1.209
Sao Tome and Principe,STP,2003,1.209
Sao Tome and Principe,STP,2004,1.209
Sao Tome and Principe,STP,2005,1.853
Sao Tome and Principe,STP,2006,1.853
Sao Tome and Principe,STP,2007,1.853
Sao Tome and Principe,STP,2008,1.853
Sao Tome and Principe,STP,2009,1.853
Sao Tome and Principe,STP,2010,1.853
Sao Tome and Principe,STP,2011,1.853
Sao Tome and Principe,STP,2012,1.853
Sao Tome and Principe,STP,2013,1.853
Sao Tome and Principe,STP,2014,1.853
Sao Tome and Principe,STP,2015,1.853
Sao Tome and Principe,STP,2016,1.853
Sao Tome and Principe,STP,2017,1.853
Sao Tome and Principe,STP,2018,1.853
Sao Tome and Principe,STP,2019,1.853
Sao Tome and Principe,STP,2020,1.811
Saudi Arabia,SAU,2000,0.35
Saudi Arabia,SAU,2001,0.35
Saudi Arabia,SAU,2002,0.35
Saudi Arabia,SAU,2003,0.35
Saudi Arabia,SAU,2004,0.35
Saudi Arabia,SAU,2005,0.35
Saudi Arabia,SAU,2006,0.35
Saudi Arabia,SAU,2007,0.35
Saudi Arabia,SAU,2008,0.35
Saudi Arabia,SAU,2009,0.35
Saudi Arabia,SAU,2010,0.35
Saudi Arabia,SAU,2011,0.35
Saudi Arabia,SAU,2012,0.35
Saudi Arabia,SAU,2013,0.35
Saudi Arabia,SAU,2014,0.35
Saudi Arabia,SAU,2015,0.35
Saudi Arabia,SAU,2016,0.35
Saudi Arabia,SAU,2017,-0.373
Saudi Arabia,SAU,2018,-0.437
Saudi Arabia,SAU,2019,-0.285
Saudi Arabia,SAU,2020,-0.529
Senegal,SEN,2000,0.633
Senegal,SEN,2001,0.633
Senegal,SEN,2002,0.633
Senegal,SEN,2003,0.633
Senegal,SEN,2004,0.633
Senegal,SEN,2005,0.633
Senegal,SEN,2006,0.633
Senegal,SEN,2007,0.633
Senegal,SEN,2008,0.633
Senegal,SEN,2009,0.633
Senegal,SEN,2010,0.633
Senegal,SEN,2011,0.633
Senegal,SEN,2012,0.774
Senegal,SEN,2013,0.774
Senegal,SEN,2014,0.774
Senegal,SEN,2015,0.774
Senegal,SEN,2016,0.774
Senegal,SEN,2017,1.046
Senegal,SEN,2018,1.046
Senegal,SEN,2019,0.653
Senegal,SEN,2020,0.846
Serbia,SRB,2000,0.689
Serbia,SRB,2001,1.547
Serbia,SRB,2002,0.85
Serbia,SRB,2003,0.85
Serbia,SRB,2004,0.85
Serbia,SRB,2005,0.85
Serbia,SRB,2006,1.516
Serbia,SRB,2007,1.516
Serbia,SRB,2008,1.516
Serbia,SRB,2009,1.516
Serbia,SRB,2010,1.312
Serbia,SRB,2011,1.312
Serbia,SRB,2012,1.312
Serbia,SRB,2013,1.05
Serbia,SRB,2014,1.05
Serbia,SRB,2015,1.05
Serbia,SRB,2016,1.05
Serbia,SRB,2017,0.887
Serbia,SRB,2018,0.887
Serbia,SRB,2019,1.28
Serbia,SRB,2020,1.28
Seychelles,SYC,2000,0.232
Seychelles,SYC,2001,0.232
Seychelles,SYC,2002,0.232
Seychelles,SYC,2003,0.232
Seychelles,SYC,2004,0.232
Seychelles,SYC,2005,0.232
Seychelles,SYC,2006,0.261
Seychelles,SYC,2007,0.579
Seychelles,SYC,2008,0.579
Seychelles,SYC,2009,0.579
Seychelles,SYC,2010,0.579
Seychelles,SYC,2011,0.579
Seychelles,SYC,2012,0.579
Seychelles,SYC,2013,0.688
Seychelles,SYC,2014,0.688
Seychelles,SYC,2015,0.855
Seychelles,SYC,2016,1.388
Seychelles,SYC,2017,1.714
Seychelles,SYC,2018,2.201
Seychelles,SYC,2019,2.201
Seychelles,SYC,2020,2.201
Sierra Leone,SLE,2000,-0.917
Sierra Leone,SLE,2001,-0.917
Sierra Leone,SLE,2002,0.426
Sierra Leone,SLE,2003,0.937
Sierra Leone,SLE,2004,0.937
Sierra Leone,SLE,2005,0.937
Sierra Leone,SLE,2006,-0.153
Sierra Leone,SLE,2007,0.923
Sierra Leone,SLE,2008,0.922
Sierra Leone,SLE,2009,1.158
Sierra Leone,SLE,2010,1.158
Sierra Leone,SLE,2011,1.158
Sierra Leone,SLE,2012,1.158
Sierra Leone,SLE,2013,0.463
Sierra Leone,SLE,2014,0.463
Sierra Leone,SLE,2015,0.463
Sierra Leone,SLE,2016,0.463
Sierra Leone,SLE,2017,0.619
Sierra Leone,SLE,2018,1.704
Sierra Leone,SLE,2019,1.225
Sierra Leone,SLE,2020,1.382
Singapore,SGP,2000,3.096
Singapore,SGP,2001,3.096
Singapore,SGP,2002,3.096
Singapore,SGP,2003,3.096
Singapore,SGP,2004,3.096
Singapore,SGP,2005,3.096
Singapore,SGP,2006,3.096
Singapore,SGP,2007,3.096
Singapore,SGP,2008,3.096
Singapore,SGP,2009,3.096
Singapore,SGP,2010,3.096
Singapore,SGP,2011,3.096
Singapore,SGP,2012,3.096
Singapore,SGP,2013,3.096
Singapore,SGP,2014,3.096
Singapore,SGP,2015,3.096
Singapore,SGP,2016,3.096
Singapore,SGP,2017,3.096
Singapore,SGP,2018,3.096
Singapore,SGP,2019,3.096
Singapore,SGP,2020,2.781
Slovakia,SVK,2000,1.58
Slovakia,SVK,2001,1.58
Slovakia,SVK,2002,1.58
Slovakia,SVK,2003,1.58
Slovakia,SVK,2004,1.58
Slovakia,SVK,2005,1.58
Slovakia,SVK,2006,1.58
Slovakia,SVK,2007,1.33
Slovakia,SVK,2008,1.33
Slovakia,SVK,2009,1.33
Slovakia,SVK,2010,1.643
Slovakia,SVK,2011,1.705
Slovakia,SVK,2012,1.481
Slovakia,SVK,2013,0.929
Slovakia,SVK,2014,0.929
Slovakia,SVK,2015,0.929
Slovakia,SVK,2016,0.929
Slovakia,SVK,2017,0.929
Slovakia,SVK,2018,1.216
Slovakia,SVK,2019,1.216
Slovakia,SVK,2020,1.733
Slovenia,SVN,2000,2.354
Slovenia,SVN,2001,2.354
Slovenia,SVN,2002,2.354
Slovenia,SVN,2003,2.354
Slovenia,SVN,2004,2.354
Slovenia,SVN,2005,2.354
Slovenia,SVN,2006,2.354
Slovenia,SVN,2007,2.354
Slovenia,SVN,2008,2.091
Slovenia,SVN,2009,2.143
Slovenia,SVN,2010,2.143
Slovenia,SVN,2011,2.143
Slovenia,SVN,2012,2.03
Slovenia,SVN,2013,2.419
Slovenia,SVN,2014,2.566
Slovenia,SVN,2015,2.566
Slovenia,SVN,2016,2.884
Slovenia,SVN,2017,2.884
Slovenia,SVN,2018,2.884
Slovenia,SVN,2019,2.884
Slovenia,SVN,2020,1.921
Solomon Islands,SLB,2000,-0.909
Solomon Islands,SLB,2001,-0.909
Solomon Islands,SLB,2002,-0.258
Solomon Islands,SLB,2003,-0.258
Solomon Islands,SLB,2004,-0.258
Solomon Islands,SLB,2005,-0.263
Solomon Islands,SLB,2006,-0.263
Solomon Islands,SLB,2007,-0.263
Solomon Islands,SLB,2008,-0.263
Solomon Islands,SLB,2009,-0.263
Solomon Islands,SLB,2010,0.07
Solomon Islands,SLB,2011,0.07
Solomon Islands,SLB,2012,0.07
Solomon Islands,SLB,2013,0.07
Solomon Islands,SLB,2014,0.07
Solomon Islands,SLB,2015,0.07
Solomon Islands,SLB,2016,0.07
Solomon Islands,SLB,2017,0.18
Solomon Islands,SLB,2018,0.18
Solomon Islands,SLB,2019,0.18
Solomon Islands,SLB,2020,0.18
Somalia,SOM,2000,-2.848
Somalia,SOM,2001,-2.848
Somalia,SOM,2002,-2.848
Somalia,SOM,2003,-2.848
Somalia,SOM,2004,-2.416
Somalia,SOM,2005,-1.862
Somalia,SOM,2006,-1.862
Somalia,SOM,2007,-1.862
Somalia,SOM,2008,-1.862
Somalia,SOM,2009,-1.862
Somalia,SOM,2010,-1.862
Somalia,SOM,2011,-1.862
Somalia,SOM,2012,-1.774
Somalia,SOM,2013,-1.774
Somalia,SOM,2014,-1.774
Somalia,SOM,2015,-1.774
Somalia,SOM,2016,-1.732
Somalia,SOM,2017,-1.087
Somalia,SOM,2018,-1.164
Somalia,SOM,2019,-1.272
Somalia,SOM,2020,-1.2
Somaliland,OWID_SML,2000,-0.623
Somaliland,OWID_SML,2001,-0.623
Somaliland,OWID_SML,2002,-0.623
Somaliland,OWID_SML,2003,-0.623
Somaliland,OWID_SML,2004,-0.623
Somaliland,OWID_SML,2005,-0.623
Somaliland,OWID_SML,2006,-0.623
Somaliland,OWID_SML,2007,-0.623
Somaliland,OWID_SML,2008,-0.623
Somaliland,OWID_SML,2009,-0.623
Somaliland,OWID_SML,2010,-0.623
Somaliland,OWID_SML,2011,-0.494
Somaliland,OWID_SML,2012,-0.494
Somaliland,OWID_SML,2013,-0.058
Somaliland,OWID_SML,2014,-0.058
Somaliland,OWID_SML,2015,-0.058
Somaliland,OWID_SML,2016,0.113
Somaliland,OWID_SML,2017,0.113
Somaliland,OWID_SML,2018,0.113
Somaliland,OWID_SML,2019,-0.14
Somaliland,OWID_SML,2020,-0.14
South Africa,ZAF,2000,1.727
South Africa,ZAF,2001,1.727
South Africa,ZAF,2002,1.727
South Africa,ZAF,2003,1.618
South Africa,ZAF,2004,1.618
South Africa,ZAF,2005,1.618
South Africa,ZAF,2006,1.618
South Africa,ZAF,2007,1.548
South Africa,ZAF,2008,1.548
South Africa,ZAF,2009,1.391
South Africa,ZAF,2010,1.725
South Africa,ZAF,2011,1.665
South Africa,ZAF,2012,1.665
South Africa,ZAF,2013,1.24
South Africa,ZAF,2014,1.24
South Africa,ZAF,2015,0.94
South Africa,ZAF,2016,0.94
South Africa,ZAF,2017,0.203
South Africa,ZAF,2018,0.379
South Africa,ZAF,2019,0.379
South Africa,ZAF,2020,0.889
South Korea,KOR,2000,2.937
South Korea,KOR,2001,2.937
South Korea,KOR,2002,2.937
South Korea,KOR,2003,2.937
South Korea,KOR,2004,2.937
South Korea,KOR,2005,2.937
South Korea,KOR,2006,2.937
South Korea,KOR,2007,2.937
South Korea,KOR,2008,2.135
South Korea,KOR,2009,2.135
South Korea,KOR,2010,2.135
South Korea,KOR,2011,2.135
South Korea,KOR,2012,2.135
South Korea,KOR,2013,1.855
South Korea,KOR,2014,1.855
South Korea,KOR,2015,1.855
South Korea,KOR,2016,1.855
South Korea,KOR,2017,2.465
South Korea,KOR,2018,2.416
South Korea,KOR,2019,1.872
South Korea,KOR,2020,1.872
South Sudan,SSD,2000,-1.518
South Sudan,SSD,2001,-1.518
South Sudan,SSD,2002,-1.518
South Sudan,SSD,2003,-1.518
South Sudan,SSD,2004,-1.518
South Sudan,SSD,2005,-1.316
South Sudan,SSD,2006,-1.316
South Sudan,SSD,2007,-1.316
South Sudan,SSD,2008,-1.316
South Sudan,SSD,2009,-1.316
South Sudan,SSD,2010,-1.419
South Sudan,SSD,2011,-1.103
South Sudan,SSD,2012,-1.103
South Sudan,SSD,2013,-1.103
South Sudan,SSD,2014,-2.078
South Sudan,SSD,2015,-2.078
South Sudan,SSD,2016,-2.322
South Sudan,SSD,2017,-2.799
South Sudan,SSD,2018,-2.553
South Sudan,SSD,2019,-2.405
South Sudan,SSD,2020,-2.405
Spain,ESP,2000,3.027
Spain,ESP,2001,3.027
Spain,ESP,2002,3.027
Spain,ESP,2003,3.027
Spain,ESP,2004,3.027
Spain,ESP,2005,3.027
Spain,ESP,2006,3.027
Spain,ESP,2007,3.027
Spain,ESP,2008,3.027
Spain,ESP,2009,3.027
Spain,ESP,2010,3.027
Spain,ESP,2011,3.027
Spain,ESP,2012,2.544
Spain,ESP,2013,2.29
Spain,ESP,2014,2.109
Spain,ESP,2015,2.109
Spain,ESP,2016,2.109
Spain,ESP,2017,2.109
Spain,ESP,2018,2.109
Spain,ESP,2019,2.363
Spain,ESP,2020,2.363
Sri Lanka,LKA,2000,0.234
Sri Lanka,LKA,2001,0.234
Sri Lanka,LKA,2002,0.234
Sri Lanka,LKA,2003,0.234
Sri Lanka,LKA,2004,-0.206
Sri Lanka,LKA,2005,-0.84
Sri Lanka,LKA,2006,-0.816
Sri Lanka,LKA,2007,-0.816
Sri Lanka,LKA,2008,-0.816
Sri Lanka,LKA,2009,-0.95
Sri Lanka,LKA,2010,-1.079
Sri Lanka,LKA,2011,-1.079
Sri Lanka,LKA,2012,-1.079
Sri Lanka,LKA,2013,-0.768
Sri Lanka,LKA,2014,-0.768
Sri Lanka,LKA,2015,-0.428
Sri Lanka,LKA,2016,0.166
Sri Lanka,LKA,2017,0.166
Sri Lanka,LKA,2018,0.215
Sri Lanka,LKA,2019,-0.311
Sri Lanka,LKA,2020,-0.889
Sudan,SDN,2000,-1.518
Sudan,SDN,2001,-1.518
Sudan,SDN,2002,-1.518
Sudan,SDN,2003,-1.518
Sudan,SDN,2004,-1.518
Sudan,SDN,2005,-1.316
Sudan,SDN,2006,-1.316
Sudan,SDN,2007,-1.316
Sudan,SDN,2008,-1.316
Sudan,SDN,2009,-1.316
Sudan,SDN,2010,-1.419
Sudan,SDN,2011,-1.589
Sudan,SDN,2012,-1.589
Sudan,SDN,2013,-1.314
Sudan,SDN,2014,-1.314
Sudan,SDN,2015,-1.314
Sudan,SDN,2016,-1.314
Sudan,SDN,2017,-1.237
Sudan,SDN,2018,-1.408
Sudan,SDN,2019,-0.36
Sudan,SDN,2020,-0.042
Suriname,SUR,2000,-0.013
Suriname,SUR,2001,-0.013
Suriname,SUR,2002,-0.013
Suriname,SUR,2003,-0.013
Suriname,SUR,2004,-0.013
Suriname,SUR,2005,-0.013
Suriname,SUR,2006,-0.013
Suriname,SUR,2007,-0.013
Suriname,SUR,2008,-0.013
Suriname,SUR,2009,-0.013
Suriname,SUR,2010,-0.111
Suriname,SUR,2011,-0.111
Suriname,SUR,2012,-0.111
Suriname,SUR,2013,-0.096
Suriname,SUR,2014,-0.096
Suriname,SUR,2015,-0.096
Suriname,SUR,2016,-0.096
Suriname,SUR,2017,-0.096
Suriname,SUR,2018,-0.096
Suriname,SUR,2019,-0.096
Suriname,SUR,2020,-0.096
Sweden,SWE,2000,3.575
Sweden,SWE,2001,3.575
Sweden,SWE,2002,3.575
Sweden,SWE,2003,3.575
Sweden,SWE,2004,3.575
Sweden,SWE,2005,3.575
Sweden,SWE,2006,3.575
Sweden,SWE,2007,3.575
Sweden,SWE,2008,3.575
Sweden,SWE,2009,3.575
Sweden,SWE,2010,3.408
Sweden,SWE,2011,3.408
Sweden,SWE,2012,3.408
Sweden,SWE,2013,3.408
Sweden,SWE,2014,3.408
Sweden,SWE,2015,3.408
Sweden,SWE,2016,3.408
Sweden,SWE,2017,3.627
Sweden,SWE,2018,3.627
Sweden,SWE,2019,3.627
Sweden,SWE,2020,3.627
Switzerland,CHE,2000,3.085
Switzerland,CHE,2001,3.085
Switzerland,CHE,2002,3.085
Switzerland,CHE,2003,3.085
Switzerland,CHE,2004,3.085
Switzerland,CHE,2005,3.085
Switzerland,CHE,2006,3.085
Switzerland,CHE,2007,3.085
Switzerland,CHE,2008,3.085
Switzerland,CHE,2009,3.085
Switzerland,CHE,2010,3.085
Switzerland,CHE,2011,3.085
Switzerland,CHE,2012,3.085
Switzerland,CHE,2013,3.085
Switzerland,CHE,2014,3.085
Switzerland,CHE,2015,3.085
Switzerland,CHE,2016,3.085
Switzerland,CHE,2017,3.085
Switzerland,CHE,2018,3.526
Switzerland,CHE,2019,3.526
Switzerland,CHE,2020,3.526
Syria,SYR,2000,-0.956
Syria,SYR,2001,-0.956
Syria,SYR,2002,-0.956
Syria,SYR,2003,-0.956
Syria,SYR,2004,-0.956
Syria,SYR,2005,-0.956
Syria,SYR,2006,-0.956
Syria,SYR,2007,-0.956
Syria,SYR,2008,-0.956
Syria,SYR,2009,-0.956
Syria,SYR,2010,-0.956
Syria,SYR,2011,-1.835
Syria,SYR,2012,-2.29
Syria,SYR,2013,-2.625
Syria,SYR,2014,-2.625
Syria,SYR,2015,-2.625
Syria,SYR,2016,-2.625
Syria,SYR,2017,-2.625
Syria,SYR,2018,-2.23
Syria,SYR,2019,-2.23
Syria,SYR,2020,-2.23
Taiwan,TWN,2000,2.268
Taiwan,TWN,2001,2.268
Taiwan,TWN,2002,2.268
Taiwan,TWN,2003,2.268
Taiwan,TWN,2004,2.268
Taiwan,TWN,2005,2.268
Taiwan,TWN,2006,2.268
Taiwan,TWN,2007,2.268
Taiwan,TWN,2008,2.268
Taiwan,TWN,2009,1.802
Taiwan,TWN,2010,1.802
Taiwan,TWN,2011,1.802
Taiwan,TWN,2012,1.802
Taiwan,TWN,2013,1.403
Taiwan,TWN,2014,1.403
Taiwan,TWN,2015,1.674
Taiwan,TWN,2016,1.845
Taiwan,TWN,2017,2.335
Taiwan,TWN,2018,2.335
Taiwan,TWN,2019,2.335
Taiwan,TWN,2020,2.784
Tajikistan,TJK,2000,-1.547
Tajikistan,TJK,2001,-1.205
Tajikistan,TJK,2002,-1.205
Tajikistan,TJK,2003,-1.299
Tajikistan,TJK,2004,-1.299
Tajikistan,TJK,2005,-1.299
Tajikistan,TJK,2006,-1.299
Tajikistan,TJK,2007,-1.299
Tajikistan,TJK,2008,-1.299
Tajikistan,TJK,2009,-1.299
Tajikistan,TJK,2010,-1.299
Tajikistan,TJK,2011,-1.299
Tajikistan,TJK,2012,-1.299
Tajikistan,TJK,2013,-1.385
Tajikistan,TJK,2014,-1.385
Tajikistan,TJK,2015,-1.454
Tajikistan,TJK,2016,-1.454
Tajikistan,TJK,2017,-1.096
Tajikistan,TJK,2018,-1.096
Tajikistan,TJK,2019,-1.096
Tajikistan,TJK,2020,-1.249
Tanzania,TZA,2000,0.662
Tanzania,TZA,2001,0.869
Tanzania,TZA,2002,0.869
Tanzania,TZA,2003,0.869
Tanzania,TZA,2004,0.869
Tanzania,TZA,2005,0.869
Tanzania,TZA,2006,0.869
Tanzania,TZA,2007,0.869
Tanzania,TZA,2008,0.869
Tanzania,TZA,2009,0.869
Tanzania,TZA,2010,0.869
Tanzania,TZA,2011,0.869
Tanzania,TZA,2012,0.869
Tanzania,TZA,2013,0.655
Tanzania,TZA,2014,0.655
Tanzania,TZA,2015,0.969
Tanzania,TZA,2016,0.911
Tanzania,TZA,2017,1.018
Tanzania,TZA,2018,1.018
Tanzania,TZA,2019,1.018
Tanzania,TZA,2020,1.018
Thailand,THA,2000,0.547
Thailand,THA,2001,0.547
Thailand,THA,2002,0.547
Thailand,THA,2003,0.547
Thailand,THA,2004,0.547
Thailand,THA,2005,0.06
Thailand,THA,2006,-0.26
Thailand,THA,2007,-0.398
Thailand,THA,2008,-0.1
Thailand,THA,2009,-0.1
Thailand,THA,2010,-0.1
Thailand,THA,2011,0.041
Thailand,THA,2012,0.041
Thailand,THA,2013,-0.301
Thailand,THA,2014,-1.934
Thailand,THA,2015,-1.934
Thailand,THA,2016,-1.934
Thailand,THA,2017,-1.733
Thailand,THA,2018,-1.147
Thailand,THA,2019,-1.147
Thailand,THA,2020,-1.147
Togo,TGO,2000,-0.554
Togo,TGO,2001,-0.554
Togo,TGO,2002,-0.554
Togo,TGO,2003,-0.554
Togo,TGO,2004,-0.554
Togo,TGO,2005,-0.543
Togo,TGO,2006,-0.31
Togo,TGO,2007,-0.31
Togo,TGO,2008,-0.31
Togo,TGO,2009,-0.31
Togo,TGO,2010,-0.03
Togo,TGO,2011,0.511
Togo,TGO,2012,0.511
Togo,TGO,2013,0.702
Togo,TGO,2014,0.702
Togo,TGO,2015,0.958
Togo,TGO,2016,0.958
Togo,TGO,2017,0.488
Togo,TGO,2018,0.366
Togo,TGO,2019,0.366
Togo,TGO,2020,1.458
Trinidad and Tobago,TTO,2000,0.898
Trinidad and Tobago,TTO,2001,0.898
Trinidad and Tobago,TTO,2002,0.898
Trinidad and Tobago,TTO,2003,0.898
Trinidad and Tobago,TTO,2004,0.898
Trinidad and Tobago,TTO,2005,0.898
Trinidad and Tobago,TTO,2006,0.898
Trinidad and Tobago,TTO,2007,0.898
Trinidad and Tobago,TTO,2008,0.898
Trinidad and Tobago,TTO,2009,0.898
Trinidad and Tobago,TTO,2010,0.645
Trinidad and Tobago,TTO,2011,0.645
Trinidad and Tobago,TTO,2012,0.645
Trinidad and Tobago,TTO,2013,0.645
Trinidad and Tobago,TTO,2014,0.645
Trinidad and Tobago,TTO,2015,0.765
Trinidad and Tobago,TTO,2016,1.319
Trinidad and Tobago,TTO,2017,1.055
Trinidad and Tobago,TTO,2018,1.317
Trinidad and Tobago,TTO,2019,1.317
Trinidad and Tobago,TTO,2020,1.031
Tunisia,TUN,2000,-0.961
Tunisia,TUN,2001,-0.961
Tunisia,TUN,2002,-0.961
Tunisia,TUN,2003,-0.961
Tunisia,TUN,2004,-0.961
Tunisia,TUN,2005,-0.961
Tunisia,TUN,2006,-0.961
Tunisia,TUN,2007,-0.961
Tunisia,TUN,2008,-0.961
Tunisia,TUN,2009,-0.961
Tunisia,TUN,2010,-0.858
Tunisia,TUN,2011,0.372
Tunisia,TUN,2012,0.41
Tunisia,TUN,2013,0.445
Tunisia,TUN,2014,0.445
Tunisia,TUN,2015,0.367
Tunisia,TUN,2016,0.367
Tunisia,TUN,2017,0.859
Tunisia,TUN,2018,0.863
Tunisia,TUN,2019,1.311
Tunisia,TUN,2020,1.413
Turkey,TUR,2000,-0.242
Turkey,TUR,2001,-0.242
Turkey,TUR,2002,0.81
Turkey,TUR,2003,0.81
Turkey,TUR,2004,0.81
Turkey,TUR,2005,0.81
Turkey,TUR,2006,0.81
Turkey,TUR,2007,0.81
Turkey,TUR,2008,0.361
Turkey,TUR,2009,0.219
Turkey,TUR,2010,-0.253
Turkey,TUR,2011,-0.253
Turkey,TUR,2012,-0.253
Turkey,TUR,2013,-0.441
Turkey,TUR,2014,-0.649
Turkey,TUR,2015,-0.706
Turkey,TUR,2016,-1.161
Turkey,TUR,2017,-1.667
Turkey,TUR,2018,-1.543
Turkey,TUR,2019,-1.791
Turkey,TUR,2020,-1.546
Turkmenistan,TKM,2000,-1.719
Turkmenistan,TKM,2001,-2.768
Turkmenistan,TKM,2002,-2.768
Turkmenistan,TKM,2003,-2.768
Turkmenistan,TKM,2004,-2.768
Turkmenistan,TKM,2005,-2.768
Turkmenistan,TKM,2006,-2.768
Turkmenistan,TKM,2007,-2.146
Turkmenistan,TKM,2008,-1.653
Turkmenistan,TKM,2009,-1.528
Turkmenistan,TKM,2010,-1.911
Turkmenistan,TKM,2011,-1.911
Turkmenistan,TKM,2012,-1.911
Turkmenistan,TKM,2013,-1.911
Turkmenistan,TKM,2014,-1.911
Turkmenistan,TKM,2015,-1.911
Turkmenistan,TKM,2016,-1.911
Turkmenistan,TKM,2017,-1.911
Turkmenistan,TKM,2018,-1.911
Turkmenistan,TKM,2019,-1.911
Turkmenistan,TKM,2020,-1.911
Uganda,UGA,2000,0.655
Uganda,UGA,2001,0.655
Uganda,UGA,2002,0.655
Uganda,UGA,2003,0.383
Uganda,UGA,2004,0.383
Uganda,UGA,2005,0.383
Uganda,UGA,2006,0.383
Uganda,UGA,2007,0.302
Uganda,UGA,2008,0.302
Uganda,UGA,2009,0.302
Uganda,UGA,2010,0.233
Uganda,UGA,2011,0.233
Uganda,UGA,2012,0.233
Uganda,UGA,2013,0.116
Uganda,UGA,2014,0.116
Uganda,UGA,2015,0.116
Uganda,UGA,2016,0.116
Uganda,UGA,2017,0.116
Uganda,UGA,2018,0.116
Uganda,UGA,2019,0.116
Uganda,UGA,2020,-0.3
Ukraine,UKR,2000,-0.345
Ukraine,UKR,2001,-0.345
Ukraine,UKR,2002,-0.345
Ukraine,UKR,2003,-0.345
Ukraine,UKR,2004,-0.67
Ukraine,UKR,2005,-0.244
Ukraine,UKR,2006,-0.244
Ukraine,UKR,2007,0.328
Ukraine,UKR,2008,0.328
Ukraine,UKR,2009,0.062
Ukraine,UKR,2010,-0.436
Ukraine,UKR,2011,-0.405
Ukraine,UKR,2012,-0.405
Ukraine,UKR,2013,-0.161
Ukraine,UKR,2014,-0.673
Ukraine,UKR,2015,-0.673
Ukraine,UKR,2016,-0.453
Ukraine,UKR,2017,-0.332
Ukraine,UKR,2018,-0.158
Ukraine,UKR,2019,-0.158
Ukraine,UKR,2020,-0.158
United Arab Emirates,ARE,2000,1.518
United Arab Emirates,ARE,2001,1.518
United Arab Emirates,ARE,2002,1.518
United Arab Emirates,ARE,2003,1.081
United Arab Emirates,ARE,2004,1.081
United Arab Emirates,ARE,2005,1.081
United Arab Emirates,ARE,2006,1.081
United Arab Emirates,ARE,2007,1.565
United Arab Emirates,ARE,2008,1.565
United Arab Emirates,ARE,2009,1.565
United Arab Emirates,ARE,2010,1.565
United Arab Emirates,ARE,2011,1.304
United Arab Emirates,ARE,2012,1.304
United Arab Emirates,ARE,2013,0.952
United Arab Emirates,ARE,2014,0.952
United Arab Emirates,ARE,2015,0.952
United Arab Emirates,ARE,2016,0.952
United Arab Emirates,ARE,2017,1.275
United Arab Emirates,ARE,2018,1.275
United Arab Emirates,ARE,2019,1.275
United Arab Emirates,ARE,2020,1.257
United Kingdom,GBR,2000,3.381
United Kingdom,GBR,2001,3.381
United Kingdom,GBR,2002,3.381
United Kingdom,GBR,2003,3.381
United Kingdom,GBR,2004,3.381
United Kingdom,GBR,2005,3.381
United Kingdom,GBR,2006,3.381
United Kingdom,GBR,2007,3.073
United Kingdom,GBR,2008,3.073
United Kingdom,GBR,2009,3.073
United Kingdom,GBR,2010,3.365
United Kingdom,GBR,2011,3.365
United Kingdom,GBR,2012,3.365
United Kingdom,GBR,2013,3.365
United Kingdom,GBR,2014,3.365
United Kingdom,GBR,2015,3.365
United Kingdom,GBR,2016,3.365
United Kingdom,GBR,2017,3.365
United Kingdom,GBR,2018,3.365
United Kingdom,GBR,2019,3.365
United Kingdom,GBR,2020,3.365
United States,USA,2000,3.159
United States,USA,2001,3.159
United States,USA,2002,3.159
United States,USA,2003,3.159
United States,USA,2004,3.159
United States,USA,2005,3.159
United States,USA,2006,3.159
United States,USA,2007,3.159
United States,USA,2008,3.159
United States,USA,2009,3.159
United States,USA,2010,3.159
United States,USA,2011,3.159
United States,USA,2012,2.95
United States,USA,2013,2.647
United States,USA,2014,2.647
United States,USA,2015,2.555
United States,USA,2016,2.291
United States,USA,2017,2.163
United States,USA,2018,2.163
United States,USA,2019,1.748
United States,USA,2020,1.872
Uruguay,URY,2000,2.872
Uruguay,URY,2001,2.872
Uruguay,URY,2002,2.872
Uruguay,URY,2003,2.872
Uruguay,URY,2004,2.872
Uruguay,URY,2005,2.872
Uruguay,URY,2006,2.872
Uruguay,URY,2007,2.872
Uruguay,URY,2008,2.872
Uruguay,URY,2009,2.872
Uruguay,URY,2010,2.872
Uruguay,URY,2011,2.872
Uruguay,URY,2012,2.872
Uruguay,URY,2013,2.486
Uruguay,URY,2014,3.085
Uruguay,URY,2015,3.085
Uruguay,URY,2016,3.085
Uruguay,URY,2017,3.085
Uruguay,URY,2018,3.085
Uruguay,URY,2019,3.085
Uruguay,URY,2020,2.06
Uzbekistan,UZB,2000,-1.376
Uzbekistan,UZB,2001,-1.376
Uzbekistan,UZB,2002,-1.376
Uzbekistan,UZB,2003,-1.376
Uzbekistan,UZB,2004,-1.376
Uzbekistan,UZB,2005,-0.906
Uzbekistan,UZB,2006,-0.906
Uzbekistan,UZB,2007,-0.906
Uzbekistan,UZB,2008,-0.906
Uzbekistan,UZB,2009,-0.906
Uzbekistan,UZB,2010,-0.906
Uzbekistan,UZB,2011,-0.906
Uzbekistan,UZB,2012,-0.906
Uzbekistan,UZB,2013,-0.829
Uzbekistan,UZB,2014,-0.829
Uzbekistan,UZB,2015,-0.829
Uzbekistan,UZB,2016,-0.829
Uzbekistan,UZB,2017,-0.484
Uzbekistan,UZB,2018,-0.258
Uzbekistan,UZB,2019,0.001
Uzbekistan,UZB,2020,0.001
Vanuatu,VUT,2000,0.92
Vanuatu,VUT,2001,0.92
Vanuatu,VUT,2002,0.92
Vanuatu,VUT,2003,0.92
Vanuatu,VUT,2004,0.92
Vanuatu,VUT,2005,0.92
Vanuatu,VUT,2006,0.92
Vanuatu,VUT,2007,0.92
Vanuatu,VUT,2008,0.92
Vanuatu,VUT,2009,0.92
Vanuatu,VUT,2010,0.92
Vanuatu,VUT,2011,0.92
Vanuatu,VUT,2012,0.92
Vanuatu,VUT,2013,0.92
Vanuatu,VUT,2014,0.92
Vanuatu,VUT,2015,0.92
Vanuatu,VUT,2016,0.92
Vanuatu,VUT,2017,0.92
Vanuatu,VUT,2018,1.661
Vanuatu,VUT,2019,0.857
Vanuatu,VUT,2020,1.278
Venezuela,VEN,2000,-0.328
Venezuela,VEN,2001,-0.548
Venezuela,VEN,2002,-0.548
Venezuela,VEN,2003,-0.426
Venezuela,VEN,2004,-0.426
Venezuela,VEN,2005,-0.426
Venezuela,VEN,2006,-0.426
Venezuela,VEN,2007,-0.426
Venezuela,VEN,2008,-0.568
Venezuela,VEN,2009,-0.568
Venezuela,VEN,2010,-0.651
Venezuela,VEN,2011,-0.749
Venezuela,VEN,2012,-0.749
Venezuela,VEN,2013,-1.06
Venezuela,VEN,2014,-1.06
Venezuela,VEN,2015,-1.06
Venezuela,VEN,2016,-1.06
Venezuela,VEN,2017,-1.719
Venezuela,VEN,2018,-2.042
Venezuela,VEN,2019,-2.418
Venezuela,VEN,2020,-2.731
Vietnam,VNM,2000,-0.605
Vietnam,VNM,2001,-0.605
Vietnam,VNM,2002,-0.605
Vietnam,VNM,2003,-0.605
Vietnam,VNM,2004,-0.605
Vietnam,VNM,2005,-0.517
Vietnam,VNM,2006,-0.589
Vietnam,VNM,2007,-0.589
Vietnam,VNM,2008,-0.589
Vietnam,VNM,2009,-0.589
Vietnam,VNM,2010,-0.589
Vietnam,VNM,2011,-0.589
Vietnam,VNM,2012,-0.589
Vietnam,VNM,2013,-0.42
Vietnam,VNM,2014,-0.42
Vietnam,VNM,2015,-0.42
Vietnam,VNM,2016,-0.296
Vietnam,VNM,2017,-0.296
Vietnam,VNM,2018,-0.296
Vietnam,VNM,2019,-0.413
Vietnam,VNM,2020,-0.558
World,OWID_WRL,2000,0.41735393
World,OWID_WRL,2001,0.42076966
World,OWID_WRL,2002,0.45501125
World,OWID_WRL,2003,0.44486517
World,OWID_WRL,2004,0.46602246
World,OWID_WRL,2005,0.47806743
World,OWID_WRL,2006,0.46429774
World,OWID_WRL,2007,0.47255307
World,OWID_WRL,2008,0.47263688
World,OWID_WRL,2009,0.4700391
World,OWID_WRL,2010,0.4893352
World,OWID_WRL,2011,0.4871285
World,OWID_WRL,2012,0.48817876
World,OWID_WRL,2013,0.4267039
World,OWID_WRL,2014,0.40423465
World,OWID_WRL,2015,0.4100447
World,OWID_WRL,2016,0.41449162
World,OWID_WRL,2017,0.41127932
World,OWID_WRL,2018,0.44109496
World,OWID_WRL,2019,0.42526257
World,OWID_WRL,2020,0.42382124
Yemen,YEM,2000,-2.224
Yemen,YEM,2001,-2.224
Yemen,YEM,2002,-1.788
Yemen,YEM,2003,-1.788
Yemen,YEM,2004,-1.788
Yemen,YEM,2005,-1.788
Yemen,YEM,2006,-1.788
Yemen,YEM,2007,-1.788
Yemen,YEM,2008,-1.788
Yemen,YEM,2009,-1.788
Yemen,YEM,2010,-1.788
Yemen,YEM,2011,-2.249
Yemen,YEM,2012,-1.372
Yemen,YEM,2013,-1.436
Yemen,YEM,2014,-1.635
Yemen,YEM,2015,-2.697
Yemen,YEM,2016,-2.697
Yemen,YEM,2017,-1.901
Yemen,YEM,2018,-1.901
Yemen,YEM,2019,-2.232
Yemen,YEM,2020,-2.232
Zambia,ZMB,2000,1.461
Zambia,ZMB,2001,1.461
Zambia,ZMB,2002,1.461
Zambia,ZMB,2003,1.461
Zambia,ZMB,2004,1.461
Zambia,ZMB,2005,0.84
Zambia,ZMB,2006,0.84
Zambia,ZMB,2007,0.84
Zambia,ZMB,2008,0.84
Zambia,ZMB,2009,0.84
Zambia,ZMB,2010,0.84
Zambia,ZMB,2011,0.84
Zambia,ZMB,2012,0.84
Zambia,ZMB,2013,0.257
Zambia,ZMB,2014,0.257
Zambia,ZMB,2015,0.257
Zambia,ZMB,2016,-0.568
Zambia,ZMB,2017,-0.024
Zambia,ZMB,2018,-0.024
Zambia,ZMB,2019,-0.024
Zambia,ZMB,2020,-0.024
Zanzibar,OWID_ZAN,2000,-1.627
Zanzibar,OWID_ZAN,2001,-0.526
Zanzibar,OWID_ZAN,2002,-0.526
Zanzibar,OWID_ZAN,2003,-0.526
Zanzibar,OWID_ZAN,2004,-0.526
Zanzibar,OWID_ZAN,2005,-0.526
Zanzibar,OWID_ZAN,2006,-0.403
Zanzibar,OWID_ZAN,2007,-0.403
Zanzibar,OWID_ZAN,2008,-0.403
Zanzibar,OWID_ZAN,2009,-0.403
Zanzibar,OWID_ZAN,2010,-0.368
Zanzibar,OWID_ZAN,2011,-0.503
Zanzibar,OWID_ZAN,2012,-0.503
Zanzibar,OWID_ZAN,2013,0.191
Zanzibar,OWID_ZAN,2014,0.191
Zanzibar,OWID_ZAN,2015,-0.527
Zanzibar,OWID_ZAN,2016,-0.875
Zanzibar,OWID_ZAN,2017,-0.875
Zanzibar,OWID_ZAN,2018,-0.875
Zanzibar,OWID_ZAN,2019,-0.875
Zanzibar,OWID_ZAN,2020,-0.875
Zimbabwe,ZWE,2000,-0.42
Zimbabwe,ZWE,2001,-1.497
Zimbabwe,ZWE,2002,-1.497
Zimbabwe,ZWE,2003,-1.497
Zimbabwe,ZWE,2004,-1.497
Zimbabwe,ZWE,2005,-1.497
Zimbabwe,ZWE,2006,-1.497
Zimbabwe,ZWE,2007,-1.497
Zimbabwe,ZWE,2008,-1.497
Zimbabwe,ZWE,2009,-0.84
Zimbabwe,ZWE,2010,-0.246
Zimbabwe,ZWE,2011,-0.246
Zimbabwe,ZWE,2012,-0.246
Zimbabwe,ZWE,2013,-0.56
Zimbabwe,ZWE,2014,-1.214
Zimbabwe,ZWE,2015,-1.214
Zimbabwe,ZWE,2016,-1.449
Zimbabwe,ZWE,2017,-1.553
Zimbabwe,ZWE,2018,-1.178
Zimbabwe,ZWE,2019,-1.689
Zimbabwe,ZWE,2020,-0.966
