Entity,Code,Year,wom_parl_vdem_owid
Afghanistan,AFG,2005,27.31
Afghanistan,AFG,2006,27.31
Afghanistan,AFG,2007,27.69
Afghanistan,AFG,2008,27.31
Afghanistan,AFG,2009,27.31
Afghanistan,AFG,2010,27.71
Afghanistan,AFG,2011,27.71
Afghanistan,AFG,2012,27.71
Afghanistan,AFG,2013,27.71
Afghanistan,AFG,2014,27.71
Afghanistan,AFG,2015,27.71
Afghanistan,AFG,2016,27.71
Afghanistan,AFG,2017,27.71
Afghanistan,AFG,2018,27.31
Afghanistan,AFG,2019,27.02
Afghanistan,AFG,2020,27.02
Albania,ALB,2000,5.16
Albania,ALB,2001,5.71
Albania,ALB,2002,5.71
Albania,ALB,2003,5.71
Albania,ALB,2004,5.71
Albania,ALB,2005,7.14
Albania,ALB,2006,7.14
Albania,ALB,2007,7.14
Albania,ALB,2008,7.14
Albania,ALB,2009,16.43
Albania,ALB,2010,16.43
Albania,ALB,2011,16.43
Albania,ALB,2012,16.43
Albania,ALB,2013,17.86
Albania,ALB,2014,20.71
Albania,ALB,2015,20.71
Albania,ALB,2016,22.86
Albania,ALB,2017,27.86
Albania,ALB,2018,29.29
Albania,ALB,2019,29.51
Albania,ALB,2020,29.51
Algeria,DZA,2000,3.4
Algeria,DZA,2001,3.4
Algeria,DZA,2002,6.17
Algeria,DZA,2003,6.17
Algeria,DZA,2004,6.17
Algeria,DZA,2005,6.17
Algeria,DZA,2006,6.17
Algeria,DZA,2007,6.17
Algeria,DZA,2008,6.17
Algeria,DZA,2009,6.17
Algeria,DZA,2010,6.17
Algeria,DZA,2011,6.17
Algeria,DZA,2012,31.6
Algeria,DZA,2013,31.6
Algeria,DZA,2014,31.6
Algeria,DZA,2015,31.6
Algeria,DZA,2016,31.6
Algeria,DZA,2017,25.76
Algeria,DZA,2018,25.76
Algeria,DZA,2019,25.76
Algeria,DZA,2020,25.97
Angola,AGO,2000,15.5
Angola,AGO,2001,15.5
Angola,AGO,2002,15.5
Angola,AGO,2003,15.5
Angola,AGO,2004,15.0
Angola,AGO,2005,15.0
Angola,AGO,2006,15.0
Angola,AGO,2007,15.0
Angola,AGO,2008,37.27
Angola,AGO,2009,38.64
Angola,AGO,2010,38.64
Angola,AGO,2011,37.27
Angola,AGO,2012,36.8
Angola,AGO,2013,36.8
Angola,AGO,2014,36.82
Angola,AGO,2015,36.82
Angola,AGO,2016,38.18
Angola,AGO,2017,38.2
Angola,AGO,2018,30.0
Angola,AGO,2019,30.0
Angola,AGO,2020,29.55
Argentina,ARG,2000,26.46
Argentina,ARG,2001,30.74
Argentina,ARG,2002,30.74
Argentina,ARG,2003,30.74
Argentina,ARG,2004,35.41
Argentina,ARG,2005,35.41
Argentina,ARG,2006,35.02
Argentina,ARG,2007,40.0
Argentina,ARG,2008,40.0
Argentina,ARG,2009,38.52
Argentina,ARG,2010,38.52
Argentina,ARG,2011,37.35
Argentina,ARG,2012,37.35
Argentina,ARG,2013,36.58
Argentina,ARG,2014,36.19
Argentina,ARG,2015,35.8
Argentina,ARG,2016,38.91
Argentina,ARG,2017,38.91
Argentina,ARG,2018,38.82
Argentina,ARG,2019,40.86
Argentina,ARG,2020,42.41
Armenia,ARM,2000,3.05
Armenia,ARM,2001,3.05
Armenia,ARM,2002,3.05
Armenia,ARM,2003,4.58
Armenia,ARM,2004,4.58
Armenia,ARM,2005,4.58
Armenia,ARM,2006,4.58
Armenia,ARM,2007,9.16
Armenia,ARM,2008,8.4
Armenia,ARM,2009,9.16
Armenia,ARM,2010,9.16
Armenia,ARM,2011,9.16
Armenia,ARM,2012,10.69
Armenia,ARM,2013,10.69
Armenia,ARM,2014,10.69
Armenia,ARM,2015,10.69
Armenia,ARM,2016,10.7
Armenia,ARM,2017,18.1
Armenia,ARM,2018,24.24
Armenia,ARM,2019,23.48
Armenia,ARM,2020,22.73
Australia,AUS,2000,23.0
Australia,AUS,2001,25.33
Australia,AUS,2002,25.33
Australia,AUS,2003,25.33
Australia,AUS,2004,24.67
Australia,AUS,2005,24.67
Australia,AUS,2006,24.67
Australia,AUS,2007,26.67
Australia,AUS,2008,26.67
Australia,AUS,2009,27.33
Australia,AUS,2010,24.67
Australia,AUS,2011,24.67
Australia,AUS,2012,24.67
Australia,AUS,2013,26.0
Australia,AUS,2014,26.67
Australia,AUS,2015,26.67
Australia,AUS,2016,28.67
Australia,AUS,2017,28.67
Australia,AUS,2018,30.0
Australia,AUS,2019,30.46
Australia,AUS,2020,31.13
Austria,AUT,2000,26.78
Austria,AUT,2001,26.78
Austria,AUT,2002,33.88
Austria,AUT,2003,33.88
Austria,AUT,2004,33.88
Austria,AUT,2005,33.88
Austria,AUT,2006,32.24
Austria,AUT,2007,32.79
Austria,AUT,2008,27.32
Austria,AUT,2009,28.42
Austria,AUT,2010,27.87
Austria,AUT,2011,27.87
Austria,AUT,2012,27.87
Austria,AUT,2013,33.33
Austria,AUT,2014,30.6
Austria,AUT,2015,30.6
Austria,AUT,2016,30.6
Austria,AUT,2017,34.43
Austria,AUT,2018,37.16
Austria,AUT,2019,39.34
Austria,AUT,2020,39.89
Azerbaijan,AZE,2000,10.48
Azerbaijan,AZE,2001,10.48
Azerbaijan,AZE,2002,10.48
Azerbaijan,AZE,2003,10.48
Azerbaijan,AZE,2004,10.48
Azerbaijan,AZE,2005,12.0
Azerbaijan,AZE,2006,10.48
Azerbaijan,AZE,2007,10.48
Azerbaijan,AZE,2008,10.48
Azerbaijan,AZE,2009,10.48
Azerbaijan,AZE,2010,16.0
Azerbaijan,AZE,2011,16.0
Azerbaijan,AZE,2012,16.0
Azerbaijan,AZE,2013,16.0
Azerbaijan,AZE,2014,15.57
Azerbaijan,AZE,2015,16.81
Azerbaijan,AZE,2016,16.81
Azerbaijan,AZE,2017,16.81
Azerbaijan,AZE,2018,16.81
Azerbaijan,AZE,2019,16.81
Azerbaijan,AZE,2020,17.36
Bahrain,BHR,2000,0.0
Bahrain,BHR,2001,0.0
Bahrain,BHR,2002,0.0
Bahrain,BHR,2003,0.0
Bahrain,BHR,2004,0.0
Bahrain,BHR,2005,0.0
Bahrain,BHR,2006,2.5
Bahrain,BHR,2007,2.5
Bahrain,BHR,2008,2.5
Bahrain,BHR,2009,2.5
Bahrain,BHR,2010,10.0
Bahrain,BHR,2011,10.0
Bahrain,BHR,2012,10.0
Bahrain,BHR,2013,2.5
Bahrain,BHR,2014,7.5
Bahrain,BHR,2015,7.5
Bahrain,BHR,2016,7.5
Bahrain,BHR,2017,7.5
Bahrain,BHR,2018,15.0
Bahrain,BHR,2019,15.0
Bahrain,BHR,2020,15.0
Bangladesh,BGD,2000,9.09
Bangladesh,BGD,2001,2.0
Bangladesh,BGD,2002,2.0
Bangladesh,BGD,2003,2.0
Bangladesh,BGD,2004,2.0
Bangladesh,BGD,2005,14.78
Bangladesh,BGD,2009,18.55
Bangladesh,BGD,2010,18.55
Bangladesh,BGD,2011,19.71
Bangladesh,BGD,2012,19.71
Bangladesh,BGD,2013,19.71
Bangladesh,BGD,2014,20.0
Bangladesh,BGD,2015,20.0
Bangladesh,BGD,2016,20.29
Bangladesh,BGD,2017,20.29
Bangladesh,BGD,2018,20.57
Bangladesh,BGD,2019,20.92
Bangladesh,BGD,2020,20.86
Barbados,BRB,2000,10.71
Barbados,BRB,2001,10.71
Barbados,BRB,2002,10.71
Barbados,BRB,2003,10.7
Barbados,BRB,2004,13.33
Barbados,BRB,2005,13.33
Barbados,BRB,2006,13.33
Barbados,BRB,2007,13.33
Barbados,BRB,2008,10.0
Barbados,BRB,2009,10.0
Barbados,BRB,2010,10.0
Barbados,BRB,2011,10.0
Barbados,BRB,2012,10.0
Barbados,BRB,2013,16.67
Barbados,BRB,2014,16.67
Barbados,BRB,2015,16.67
Barbados,BRB,2016,16.67
Barbados,BRB,2017,16.67
Barbados,BRB,2018,20.0
Barbados,BRB,2019,20.0
Barbados,BRB,2020,20.0
Belarus,BLR,2000,10.31
Belarus,BLR,2001,10.31
Belarus,BLR,2002,10.31
Belarus,BLR,2003,10.31
Belarus,BLR,2004,29.09
Belarus,BLR,2005,29.09
Belarus,BLR,2006,29.09
Belarus,BLR,2007,29.09
Belarus,BLR,2008,31.82
Belarus,BLR,2009,31.82
Belarus,BLR,2010,31.82
Belarus,BLR,2011,31.82
Belarus,BLR,2012,26.36
Belarus,BLR,2013,26.36
Belarus,BLR,2014,27.27
Belarus,BLR,2015,27.27
Belarus,BLR,2016,34.55
Belarus,BLR,2017,34.55
Belarus,BLR,2018,34.55
Belarus,BLR,2019,40.0
Belarus,BLR,2020,40.0
Belgium,BEL,2000,23.33
Belgium,BEL,2001,23.33
Belgium,BEL,2002,23.33
Belgium,BEL,2003,35.33
Belgium,BEL,2004,35.33
Belgium,BEL,2005,35.33
Belgium,BEL,2006,35.33
Belgium,BEL,2007,35.33
Belgium,BEL,2008,36.67
Belgium,BEL,2009,38.0
Belgium,BEL,2010,39.33
Belgium,BEL,2011,39.33
Belgium,BEL,2012,39.33
Belgium,BEL,2013,39.33
Belgium,BEL,2014,39.33
Belgium,BEL,2015,39.33
Belgium,BEL,2016,38.0
Belgium,BEL,2017,38.0
Belgium,BEL,2018,38.0
Belgium,BEL,2019,40.67
Belgium,BEL,2020,42.0
Benin,BEN,2000,6.02
Benin,BEN,2001,6.02
Benin,BEN,2002,6.02
Benin,BEN,2003,7.23
Benin,BEN,2004,7.23
Benin,BEN,2005,7.23
Benin,BEN,2006,7.23
Benin,BEN,2007,8.43
Benin,BEN,2008,8.43
Benin,BEN,2009,8.43
Benin,BEN,2010,10.84
Benin,BEN,2011,9.64
Benin,BEN,2012,9.64
Benin,BEN,2013,9.64
Benin,BEN,2014,8.43
Benin,BEN,2015,7.23
Benin,BEN,2016,7.23
Benin,BEN,2017,7.23
Benin,BEN,2018,7.23
Benin,BEN,2019,7.23
Benin,BEN,2020,8.43
Bhutan,BTN,2000,9.3
Bhutan,BTN,2001,9.3
Bhutan,BTN,2002,9.3
Bhutan,BTN,2003,9.3
Bhutan,BTN,2004,9.2
Bhutan,BTN,2005,9.3
Bhutan,BTN,2006,2.67
Bhutan,BTN,2007,2.67
Bhutan,BTN,2008,8.51
Bhutan,BTN,2009,8.51
Bhutan,BTN,2010,8.51
Bhutan,BTN,2011,8.51
Bhutan,BTN,2012,8.51
Bhutan,BTN,2013,6.38
Bhutan,BTN,2014,8.51
Bhutan,BTN,2015,8.51
Bhutan,BTN,2016,8.51
Bhutan,BTN,2017,8.51
Bhutan,BTN,2018,14.89
Bhutan,BTN,2019,14.89
Bhutan,BTN,2020,14.89
Bolivia,BOL,2000,11.54
Bolivia,BOL,2001,11.54
Bolivia,BOL,2002,18.46
Bolivia,BOL,2003,18.46
Bolivia,BOL,2004,18.46
Bolivia,BOL,2005,16.92
Bolivia,BOL,2006,16.92
Bolivia,BOL,2007,16.92
Bolivia,BOL,2008,16.92
Bolivia,BOL,2009,22.31
Bolivia,BOL,2010,25.38
Bolivia,BOL,2011,22.31
Bolivia,BOL,2012,22.31
Bolivia,BOL,2013,22.31
Bolivia,BOL,2014,53.08
Bolivia,BOL,2015,53.08
Bolivia,BOL,2016,53.08
Bolivia,BOL,2017,53.08
Bolivia,BOL,2018,53.08
Bolivia,BOL,2019,53.08
Bolivia,BOL,2020,53.08
Bosnia and Herzegovina,BIH,2000,7.14
Bosnia and Herzegovina,BIH,2001,7.14
Bosnia and Herzegovina,BIH,2002,16.67
Bosnia and Herzegovina,BIH,2003,16.67
Bosnia and Herzegovina,BIH,2004,16.67
Bosnia and Herzegovina,BIH,2005,16.67
Bosnia and Herzegovina,BIH,2006,14.29
Bosnia and Herzegovina,BIH,2007,11.9
Bosnia and Herzegovina,BIH,2008,14.29
Bosnia and Herzegovina,BIH,2009,19.05
Bosnia and Herzegovina,BIH,2010,21.43
Bosnia and Herzegovina,BIH,2011,21.43
Bosnia and Herzegovina,BIH,2012,21.43
Bosnia and Herzegovina,BIH,2013,16.67
Bosnia and Herzegovina,BIH,2014,21.43
Bosnia and Herzegovina,BIH,2015,21.43
Bosnia and Herzegovina,BIH,2016,21.43
Bosnia and Herzegovina,BIH,2017,21.43
Bosnia and Herzegovina,BIH,2018,21.43
Bosnia and Herzegovina,BIH,2019,21.43
Bosnia and Herzegovina,BIH,2020,26.19
Botswana,BWA,2000,17.02
Botswana,BWA,2001,17.02
Botswana,BWA,2002,17.02
Botswana,BWA,2003,17.02
Botswana,BWA,2004,11.11
Botswana,BWA,2005,11.11
Botswana,BWA,2006,11.11
Botswana,BWA,2007,11.11
Botswana,BWA,2008,11.11
Botswana,BWA,2009,7.94
Botswana,BWA,2010,7.94
Botswana,BWA,2011,7.94
Botswana,BWA,2012,7.94
Botswana,BWA,2013,7.94
Botswana,BWA,2014,9.52
Botswana,BWA,2015,9.52
Botswana,BWA,2016,9.52
Botswana,BWA,2017,9.52
Botswana,BWA,2018,9.52
Botswana,BWA,2019,10.77
Botswana,BWA,2020,10.77
Brazil,BRA,2000,5.65
Brazil,BRA,2001,5.65
Brazil,BRA,2002,8.58
Brazil,BRA,2003,8.58
Brazil,BRA,2004,8.58
Brazil,BRA,2005,8.58
Brazil,BRA,2006,8.77
Brazil,BRA,2007,8.97
Brazil,BRA,2008,8.97
Brazil,BRA,2009,8.77
Brazil,BRA,2010,8.58
Brazil,BRA,2011,8.58
Brazil,BRA,2012,8.58
Brazil,BRA,2013,8.58
Brazil,BRA,2014,9.94
Brazil,BRA,2015,9.94
Brazil,BRA,2016,10.72
Brazil,BRA,2017,10.72
Brazil,BRA,2018,10.72
Brazil,BRA,2019,14.62
Brazil,BRA,2020,14.62
Bulgaria,BGR,2000,10.83
Bulgaria,BGR,2001,26.25
Bulgaria,BGR,2002,26.25
Bulgaria,BGR,2003,26.25
Bulgaria,BGR,2004,26.25
Bulgaria,BGR,2005,20.83
Bulgaria,BGR,2006,20.83
Bulgaria,BGR,2007,21.67
Bulgaria,BGR,2008,20.83
Bulgaria,BGR,2009,20.83
Bulgaria,BGR,2010,20.83
Bulgaria,BGR,2011,20.83
Bulgaria,BGR,2012,20.83
Bulgaria,BGR,2013,24.58
Bulgaria,BGR,2014,20.42
Bulgaria,BGR,2015,20.42
Bulgaria,BGR,2016,19.17
Bulgaria,BGR,2017,23.75
Bulgaria,BGR,2018,25.83
Bulgaria,BGR,2019,26.67
Bulgaria,BGR,2020,27.08
Burkina Faso,BFA,2000,5.61
Burkina Faso,BFA,2001,5.61
Burkina Faso,BFA,2002,11.71
Burkina Faso,BFA,2003,11.71
Burkina Faso,BFA,2004,11.71
Burkina Faso,BFA,2005,11.71
Burkina Faso,BFA,2006,11.71
Burkina Faso,BFA,2007,11.71
Burkina Faso,BFA,2008,15.3
Burkina Faso,BFA,2009,15.3
Burkina Faso,BFA,2010,15.32
Burkina Faso,BFA,2011,15.3
Burkina Faso,BFA,2012,15.75
Burkina Faso,BFA,2013,15.75
Burkina Faso,BFA,2014,13.33
Burkina Faso,BFA,2015,9.45
Burkina Faso,BFA,2016,11.02
Burkina Faso,BFA,2017,11.02
Burkina Faso,BFA,2018,13.39
Burkina Faso,BFA,2019,13.39
Burkina Faso,BFA,2020,6.3
Burundi,BDI,2000,14.4
Burundi,BDI,2001,14.4
Burundi,BDI,2002,18.4
Burundi,BDI,2003,18.4
Burundi,BDI,2004,18.4
Burundi,BDI,2005,30.51
Burundi,BDI,2006,30.51
Burundi,BDI,2007,30.51
Burundi,BDI,2008,30.51
Burundi,BDI,2009,31.36
Burundi,BDI,2010,30.19
Burundi,BDI,2011,30.19
Burundi,BDI,2012,30.19
Burundi,BDI,2013,32.08
Burundi,BDI,2014,30.48
Burundi,BDI,2015,36.36
Burundi,BDI,2016,36.36
Burundi,BDI,2017,36.36
Burundi,BDI,2018,36.36
Burundi,BDI,2019,36.36
Burundi,BDI,2020,38.21
Cambodia,KHM,2000,8.2
Cambodia,KHM,2001,8.2
Cambodia,KHM,2002,8.2
Cambodia,KHM,2003,9.76
Cambodia,KHM,2004,9.76
Cambodia,KHM,2005,9.76
Cambodia,KHM,2006,9.76
Cambodia,KHM,2007,9.76
Cambodia,KHM,2008,16.26
Cambodia,KHM,2009,21.14
Cambodia,KHM,2010,21.14
Cambodia,KHM,2011,16.26
Cambodia,KHM,2012,16.26
Cambodia,KHM,2013,20.33
Cambodia,KHM,2014,20.33
Cambodia,KHM,2015,20.33
Cambodia,KHM,2016,20.33
Cambodia,KHM,2017,20.33
Cambodia,KHM,2018,20.0
Cambodia,KHM,2019,20.0
Cambodia,KHM,2020,21.6
Cameroon,CMR,2000,5.56
Cameroon,CMR,2001,5.56
Cameroon,CMR,2002,8.89
Cameroon,CMR,2003,8.89
Cameroon,CMR,2004,8.89
Cameroon,CMR,2005,8.89
Cameroon,CMR,2006,8.89
Cameroon,CMR,2007,13.89
Cameroon,CMR,2008,13.89
Cameroon,CMR,2009,13.89
Cameroon,CMR,2010,13.89
Cameroon,CMR,2011,13.89
Cameroon,CMR,2012,13.89
Cameroon,CMR,2013,31.11
Cameroon,CMR,2014,31.11
Cameroon,CMR,2015,31.11
Cameroon,CMR,2016,31.11
Cameroon,CMR,2017,31.11
Cameroon,CMR,2018,31.11
Cameroon,CMR,2019,31.11
Cameroon,CMR,2020,33.89
Canada,CAN,2000,20.6
Canada,CAN,2001,20.6
Canada,CAN,2002,20.6
Canada,CAN,2003,20.6
Canada,CAN,2004,21.1
Canada,CAN,2005,21.1
Canada,CAN,2006,20.78
Canada,CAN,2007,21.3
Canada,CAN,2008,22.08
Canada,CAN,2009,22.08
Canada,CAN,2010,22.08
Canada,CAN,2011,24.68
Canada,CAN,2012,24.68
Canada,CAN,2013,24.68
Canada,CAN,2014,25.16
Canada,CAN,2015,26.04
Canada,CAN,2016,26.27
Canada,CAN,2017,27.0
Canada,CAN,2018,26.95
Canada,CAN,2019,28.99
Canada,CAN,2020,29.59
Cape Verde,CPV,2000,11.11
Cape Verde,CPV,2001,11.11
Cape Verde,CPV,2002,11.11
Cape Verde,CPV,2003,11.11
Cape Verde,CPV,2004,11.11
Cape Verde,CPV,2005,11.11
Cape Verde,CPV,2006,15.28
Cape Verde,CPV,2007,18.06
Cape Verde,CPV,2008,18.06
Cape Verde,CPV,2009,18.06
Cape Verde,CPV,2010,18.06
Cape Verde,CPV,2011,20.83
Cape Verde,CPV,2012,20.83
Cape Verde,CPV,2013,20.83
Cape Verde,CPV,2014,20.83
Cape Verde,CPV,2015,20.83
Cape Verde,CPV,2016,23.61
Cape Verde,CPV,2017,23.61
Cape Verde,CPV,2018,23.61
Cape Verde,CPV,2019,25.0
Cape Verde,CPV,2020,26.39
Central African Republic,CAF,2000,7.3
Central African Republic,CAF,2001,7.3
Central African Republic,CAF,2002,7.3
Central African Republic,CAF,2004,7.3
Central African Republic,CAF,2005,10.48
Central African Republic,CAF,2006,10.48
Central African Republic,CAF,2007,10.48
Central African Republic,CAF,2008,10.48
Central African Republic,CAF,2009,9.62
Central African Republic,CAF,2010,9.62
Central African Republic,CAF,2011,12.5
Central African Republic,CAF,2012,11.4
Central African Republic,CAF,2013,11.4
Central African Republic,CAF,2014,11.4
Central African Republic,CAF,2015,11.4
Central African Republic,CAF,2016,8.57
Central African Republic,CAF,2017,8.57
Central African Republic,CAF,2018,8.57
Central African Republic,CAF,2019,8.57
Central African Republic,CAF,2020,8.57
Chad,TCD,2000,2.4
Chad,TCD,2001,2.4
Chad,TCD,2002,5.8
Chad,TCD,2003,5.81
Chad,TCD,2004,5.81
Chad,TCD,2005,5.81
Chad,TCD,2006,5.81
Chad,TCD,2007,5.81
Chad,TCD,2008,5.81
Chad,TCD,2009,5.81
Chad,TCD,2010,5.16
Chad,TCD,2011,14.89
Chad,TCD,2012,14.89
Chad,TCD,2013,14.9
Chad,TCD,2014,14.89
Chad,TCD,2015,14.89
Chad,TCD,2016,14.9
Chad,TCD,2017,14.9
Chad,TCD,2018,14.88
Chad,TCD,2019,15.43
Chad,TCD,2020,15.38
Chile,CHL,2000,10.83
Chile,CHL,2001,12.5
Chile,CHL,2002,12.5
Chile,CHL,2003,12.5
Chile,CHL,2004,12.5
Chile,CHL,2005,15.0
Chile,CHL,2006,15.0
Chile,CHL,2007,15.0
Chile,CHL,2008,15.0
Chile,CHL,2009,14.17
Chile,CHL,2010,14.17
Chile,CHL,2011,14.17
Chile,CHL,2012,14.17
Chile,CHL,2013,15.83
Chile,CHL,2014,15.83
Chile,CHL,2015,15.83
Chile,CHL,2016,15.83
Chile,CHL,2017,22.58
Chile,CHL,2018,22.58
Chile,CHL,2019,22.58
Chile,CHL,2020,22.58
China,CHN,2000,21.82
China,CHN,2001,21.82
China,CHN,2002,21.8
China,CHN,2003,21.8
China,CHN,2004,20.23
China,CHN,2005,20.23
China,CHN,2006,20.23
China,CHN,2007,20.62
China,CHN,2008,21.33
China,CHN,2009,21.33
China,CHN,2010,21.33
China,CHN,2011,21.33
China,CHN,2012,21.33
China,CHN,2013,23.4
China,CHN,2014,23.62
China,CHN,2015,23.62
China,CHN,2016,23.7
China,CHN,2017,24.25
China,CHN,2018,24.94
China,CHN,2019,24.94
China,CHN,2020,24.94
Colombia,COL,2000,11.8
Colombia,COL,2001,11.8
Colombia,COL,2002,12.05
Colombia,COL,2003,12.05
Colombia,COL,2004,12.05
Colombia,COL,2005,12.05
Colombia,COL,2006,8.43
Colombia,COL,2007,8.43
Colombia,COL,2008,8.43
Colombia,COL,2009,8.43
Colombia,COL,2010,12.65
Colombia,COL,2011,12.65
Colombia,COL,2012,12.65
Colombia,COL,2013,12.65
Colombia,COL,2014,19.88
Colombia,COL,2015,19.88
Colombia,COL,2016,18.67
Colombia,COL,2017,18.67
Colombia,COL,2018,18.13
Colombia,COL,2019,18.34
Colombia,COL,2020,18.82
Comoros,COM,2004,3.03
Comoros,COM,2005,3.03
Comoros,COM,2006,3.03
Comoros,COM,2007,3.03
Comoros,COM,2008,3.0
Comoros,COM,2009,3.03
Comoros,COM,2010,3.0
Comoros,COM,2011,3.03
Comoros,COM,2012,3.03
Comoros,COM,2013,3.03
Comoros,COM,2014,3.03
Comoros,COM,2015,3.03
Comoros,COM,2016,6.06
Comoros,COM,2017,6.06
Comoros,COM,2018,6.06
Comoros,COM,2019,6.06
Comoros,COM,2020,16.67
Congo,COG,2000,12.0
Congo,COG,2001,12.0
Congo,COG,2002,8.5
Congo,COG,2003,8.5
Congo,COG,2004,8.5
Congo,COG,2005,8.5
Congo,COG,2006,8.5
Congo,COG,2007,7.3
Congo,COG,2008,7.3
Congo,COG,2009,7.3
Congo,COG,2010,7.3
Congo,COG,2011,7.3
Congo,COG,2012,7.35
Congo,COG,2013,7.35
Congo,COG,2014,7.35
Congo,COG,2015,7.35
Congo,COG,2016,7.35
Congo,COG,2017,11.26
Congo,COG,2018,11.26
Congo,COG,2019,11.26
Congo,COG,2020,11.26
Costa Rica,CRI,2000,19.3
Costa Rica,CRI,2001,19.3
Costa Rica,CRI,2002,31.58
Costa Rica,CRI,2003,31.58
Costa Rica,CRI,2004,31.58
Costa Rica,CRI,2005,31.58
Costa Rica,CRI,2006,38.6
Costa Rica,CRI,2007,36.8
Costa Rica,CRI,2008,36.8
Costa Rica,CRI,2009,36.8
Costa Rica,CRI,2010,38.6
Costa Rica,CRI,2011,38.6
Costa Rica,CRI,2012,38.6
Costa Rica,CRI,2013,38.6
Costa Rica,CRI,2014,33.33
Costa Rica,CRI,2015,33.33
Costa Rica,CRI,2016,35.09
Costa Rica,CRI,2017,35.09
Costa Rica,CRI,2018,45.61
Costa Rica,CRI,2019,45.61
Costa Rica,CRI,2020,45.61
Cote d'Ivoire,CIV,2001,8.52
Cote d'Ivoire,CIV,2002,8.52
Cote d'Ivoire,CIV,2003,8.52
Cote d'Ivoire,CIV,2004,8.52
Cote d'Ivoire,CIV,2005,8.52
Cote d'Ivoire,CIV,2006,8.52
Cote d'Ivoire,CIV,2007,8.87
Cote d'Ivoire,CIV,2008,8.52
Cote d'Ivoire,CIV,2009,8.52
Cote d'Ivoire,CIV,2010,8.87
Cote d'Ivoire,CIV,2011,9.16
Cote d'Ivoire,CIV,2012,9.16
Cote d'Ivoire,CIV,2013,9.16
Cote d'Ivoire,CIV,2014,9.16
Cote d'Ivoire,CIV,2015,9.16
Cote d'Ivoire,CIV,2016,10.98
Cote d'Ivoire,CIV,2017,10.59
Cote d'Ivoire,CIV,2018,10.98
Cote d'Ivoire,CIV,2019,12.0
Cote d'Ivoire,CIV,2020,11.37
Croatia,HRV,2000,20.53
Croatia,HRV,2001,20.53
Croatia,HRV,2002,20.53
Croatia,HRV,2003,20.5
Croatia,HRV,2004,21.7
Croatia,HRV,2005,21.7
Croatia,HRV,2006,21.7
Croatia,HRV,2007,20.92
Croatia,HRV,2008,20.92
Croatia,HRV,2009,23.53
Croatia,HRV,2010,23.53
Croatia,HRV,2011,23.84
Croatia,HRV,2012,23.8
Croatia,HRV,2013,23.84
Croatia,HRV,2014,23.8
Croatia,HRV,2015,15.23
Croatia,HRV,2016,20.53
Croatia,HRV,2017,18.54
Croatia,HRV,2018,20.53
Croatia,HRV,2019,20.53
Croatia,HRV,2020,31.13
Cuba,CUB,2000,27.62
Cuba,CUB,2001,27.62
Cuba,CUB,2002,27.62
Cuba,CUB,2003,35.96
Cuba,CUB,2004,35.96
Cuba,CUB,2005,35.96
Cuba,CUB,2006,35.96
Cuba,CUB,2007,35.96
Cuba,CUB,2008,43.16
Cuba,CUB,2009,43.16
Cuba,CUB,2010,43.16
Cuba,CUB,2011,43.16
Cuba,CUB,2012,43.16
Cuba,CUB,2013,48.86
Cuba,CUB,2014,48.86
Cuba,CUB,2015,48.86
Cuba,CUB,2016,48.86
Cuba,CUB,2017,48.86
Cuba,CUB,2018,53.22
Cuba,CUB,2019,53.22
Cuba,CUB,2020,53.41
Cyprus,CYP,2000,5.36
Cyprus,CYP,2001,10.71
Cyprus,CYP,2002,10.71
Cyprus,CYP,2003,10.71
Cyprus,CYP,2004,16.1
Cyprus,CYP,2005,16.1
Cyprus,CYP,2006,14.29
Cyprus,CYP,2007,14.29
Cyprus,CYP,2008,14.29
Cyprus,CYP,2009,12.5
Cyprus,CYP,2010,12.5
Cyprus,CYP,2011,10.71
Cyprus,CYP,2012,10.71
Cyprus,CYP,2013,10.71
Cyprus,CYP,2014,12.5
Cyprus,CYP,2015,12.5
Cyprus,CYP,2016,17.86
Cyprus,CYP,2017,17.86
Cyprus,CYP,2018,17.86
Cyprus,CYP,2019,19.64
Cyprus,CYP,2020,21.43
Czechia,CZE,2000,15.0
Czechia,CZE,2001,15.0
Czechia,CZE,2002,17.0
Czechia,CZE,2003,17.0
Czechia,CZE,2004,17.0
Czechia,CZE,2005,17.0
Czechia,CZE,2006,15.5
Czechia,CZE,2007,15.5
Czechia,CZE,2008,15.5
Czechia,CZE,2009,15.5
Czechia,CZE,2010,22.0
Czechia,CZE,2011,22.0
Czechia,CZE,2012,22.0
Czechia,CZE,2013,19.5
Czechia,CZE,2014,19.0
Czechia,CZE,2015,20.0
Czechia,CZE,2016,20.0
Czechia,CZE,2017,22.0
Czechia,CZE,2018,22.5
Czechia,CZE,2019,22.5
Czechia,CZE,2020,23.0
Democratic Republic of Congo,COD,2003,12.0
Democratic Republic of Congo,COD,2004,12.0
Democratic Republic of Congo,COD,2005,12.0
Democratic Republic of Congo,COD,2006,8.4
Democratic Republic of Congo,COD,2007,8.4
Democratic Republic of Congo,COD,2008,8.4
Democratic Republic of Congo,COD,2009,8.4
Democratic Republic of Congo,COD,2010,8.4
Democratic Republic of Congo,COD,2011,8.94
Democratic Republic of Congo,COD,2012,8.94
Democratic Republic of Congo,COD,2013,8.94
Democratic Republic of Congo,COD,2014,8.94
Democratic Republic of Congo,COD,2015,8.94
Democratic Republic of Congo,COD,2016,8.94
Democratic Republic of Congo,COD,2017,8.94
Democratic Republic of Congo,COD,2018,10.31
Democratic Republic of Congo,COD,2019,12.8
Democratic Republic of Congo,COD,2020,12.8
Denmark,DNK,2000,37.43
Denmark,DNK,2001,37.99
Denmark,DNK,2002,37.99
Denmark,DNK,2003,37.99
Denmark,DNK,2004,37.99
Denmark,DNK,2005,36.87
Denmark,DNK,2006,36.87
Denmark,DNK,2007,37.43
Denmark,DNK,2008,37.43
Denmark,DNK,2009,37.43
Denmark,DNK,2010,37.99
Denmark,DNK,2011,39.11
Denmark,DNK,2012,39.11
Denmark,DNK,2013,39.11
Denmark,DNK,2014,37.99
Denmark,DNK,2015,37.43
Denmark,DNK,2016,37.43
Denmark,DNK,2017,37.43
Denmark,DNK,2018,37.43
Denmark,DNK,2019,39.66
Denmark,DNK,2020,39.66
Djibouti,DJI,2000,0.0
Djibouti,DJI,2001,0.0
Djibouti,DJI,2002,0.0
Djibouti,DJI,2003,10.77
Djibouti,DJI,2004,10.77
Djibouti,DJI,2005,10.77
Djibouti,DJI,2006,10.77
Djibouti,DJI,2007,13.85
Djibouti,DJI,2008,13.85
Djibouti,DJI,2009,13.85
Djibouti,DJI,2010,13.85
Djibouti,DJI,2011,13.85
Djibouti,DJI,2012,13.85
Djibouti,DJI,2013,12.7
Djibouti,DJI,2014,12.73
Djibouti,DJI,2015,12.73
Djibouti,DJI,2016,10.77
Djibouti,DJI,2017,10.77
Djibouti,DJI,2018,26.15
Djibouti,DJI,2019,26.15
Djibouti,DJI,2020,26.15
Dominican Republic,DOM,2000,16.11
Dominican Republic,DOM,2001,16.11
Dominican Republic,DOM,2002,17.33
Dominican Republic,DOM,2003,17.33
Dominican Republic,DOM,2004,17.33
Dominican Republic,DOM,2005,17.33
Dominican Republic,DOM,2006,19.66
Dominican Republic,DOM,2007,19.66
Dominican Republic,DOM,2008,19.66
Dominican Republic,DOM,2009,19.66
Dominican Republic,DOM,2010,20.77
Dominican Republic,DOM,2011,20.77
Dominican Republic,DOM,2012,20.77
Dominican Republic,DOM,2013,20.77
Dominican Republic,DOM,2014,20.77
Dominican Republic,DOM,2015,20.77
Dominican Republic,DOM,2016,26.84
Dominican Republic,DOM,2017,26.84
Dominican Republic,DOM,2018,26.84
Dominican Republic,DOM,2019,26.84
Dominican Republic,DOM,2020,27.89
East Timor,TLS,2003,25.29
East Timor,TLS,2004,25.29
East Timor,TLS,2005,25.29
East Timor,TLS,2006,25.29
East Timor,TLS,2007,29.23
East Timor,TLS,2008,29.23
East Timor,TLS,2009,29.23
East Timor,TLS,2010,29.23
East Timor,TLS,2011,27.69
East Timor,TLS,2012,38.46
East Timor,TLS,2013,38.46
East Timor,TLS,2014,38.46
East Timor,TLS,2015,38.46
East Timor,TLS,2016,38.46
East Timor,TLS,2017,32.31
East Timor,TLS,2018,33.85
East Timor,TLS,2019,38.46
East Timor,TLS,2020,38.46
Ecuador,ECU,2000,17.36
Ecuador,ECU,2001,17.36
Ecuador,ECU,2002,16.0
Ecuador,ECU,2003,16.0
Ecuador,ECU,2004,16.0
Ecuador,ECU,2005,16.0
Ecuador,ECU,2006,25.0
Ecuador,ECU,2007,25.0
Ecuador,ECU,2008,25.0
Ecuador,ECU,2009,32.26
Ecuador,ECU,2010,32.26
Ecuador,ECU,2011,32.26
Ecuador,ECU,2012,32.26
Ecuador,ECU,2013,38.69
Ecuador,ECU,2014,41.61
Ecuador,ECU,2015,41.61
Ecuador,ECU,2016,41.61
Ecuador,ECU,2017,37.96
Ecuador,ECU,2018,37.96
Ecuador,ECU,2019,39.42
Ecuador,ECU,2020,39.42
Egypt,EGY,2000,2.42
Egypt,EGY,2001,2.86
Egypt,EGY,2002,2.86
Egypt,EGY,2003,2.86
Egypt,EGY,2004,4.92
Egypt,EGY,2005,1.98
Egypt,EGY,2006,1.98
Egypt,EGY,2007,1.98
Egypt,EGY,2008,1.98
Egypt,EGY,2009,1.76
Egypt,EGY,2010,12.7
Egypt,EGY,2016,14.93
Egypt,EGY,2017,14.93
Egypt,EGY,2018,14.93
Egypt,EGY,2019,15.1
Egypt,EGY,2020,27.41
El Salvador,SLV,2000,9.52
El Salvador,SLV,2001,9.52
El Salvador,SLV,2002,9.52
El Salvador,SLV,2003,10.71
El Salvador,SLV,2004,10.71
El Salvador,SLV,2005,10.71
El Salvador,SLV,2006,16.67
El Salvador,SLV,2007,16.67
El Salvador,SLV,2008,16.67
El Salvador,SLV,2009,19.05
El Salvador,SLV,2010,19.05
El Salvador,SLV,2011,19.05
El Salvador,SLV,2012,26.19
El Salvador,SLV,2013,27.38
El Salvador,SLV,2014,27.38
El Salvador,SLV,2015,32.14
El Salvador,SLV,2016,32.14
El Salvador,SLV,2017,32.14
El Salvador,SLV,2018,30.95
El Salvador,SLV,2019,30.95
El Salvador,SLV,2020,33.33
Equatorial Guinea,GNQ,2000,5.0
Equatorial Guinea,GNQ,2001,5.0
Equatorial Guinea,GNQ,2002,5.0
Equatorial Guinea,GNQ,2003,5.0
Equatorial Guinea,GNQ,2004,14.0
Equatorial Guinea,GNQ,2005,14.0
Equatorial Guinea,GNQ,2006,14.0
Equatorial Guinea,GNQ,2007,14.0
Equatorial Guinea,GNQ,2008,6.0
Equatorial Guinea,GNQ,2009,6.0
Equatorial Guinea,GNQ,2010,10.0
Equatorial Guinea,GNQ,2011,10.0
Equatorial Guinea,GNQ,2012,10.0
Equatorial Guinea,GNQ,2013,22.0
Equatorial Guinea,GNQ,2014,24.0
Equatorial Guinea,GNQ,2015,24.0
Equatorial Guinea,GNQ,2016,24.0
Equatorial Guinea,GNQ,2017,20.0
Equatorial Guinea,GNQ,2018,20.0
Equatorial Guinea,GNQ,2019,21.0
Equatorial Guinea,GNQ,2020,23.0
Eritrea,ERI,2000,22.0
Eritrea,ERI,2001,22.0
Eritrea,ERI,2002,22.0
Estonia,EST,2000,17.82
Estonia,EST,2001,17.82
Estonia,EST,2002,17.82
Estonia,EST,2003,18.81
Estonia,EST,2004,18.81
Estonia,EST,2005,18.81
Estonia,EST,2006,18.81
Estonia,EST,2007,20.79
Estonia,EST,2008,23.76
Estonia,EST,2009,22.77
Estonia,EST,2010,22.77
Estonia,EST,2011,18.81
Estonia,EST,2012,18.81
Estonia,EST,2013,18.81
Estonia,EST,2014,19.0
Estonia,EST,2015,23.76
Estonia,EST,2016,26.73
Estonia,EST,2017,26.73
Estonia,EST,2018,28.71
Estonia,EST,2019,28.71
Estonia,EST,2020,27.72
Eswatini,SWZ,2000,3.08
Eswatini,SWZ,2001,3.08
Eswatini,SWZ,2002,3.08
Eswatini,SWZ,2003,10.77
Eswatini,SWZ,2004,10.77
Eswatini,SWZ,2005,10.77
Eswatini,SWZ,2006,10.77
Eswatini,SWZ,2007,13.85
Eswatini,SWZ,2008,13.85
Eswatini,SWZ,2009,13.85
Eswatini,SWZ,2010,13.64
Eswatini,SWZ,2011,13.85
Eswatini,SWZ,2012,13.85
Eswatini,SWZ,2013,6.15
Eswatini,SWZ,2014,6.15
Eswatini,SWZ,2015,6.15
Eswatini,SWZ,2016,6.15
Eswatini,SWZ,2017,6.15
Eswatini,SWZ,2018,7.25
Eswatini,SWZ,2019,9.59
Eswatini,SWZ,2020,9.59
Ethiopia,ETH,2000,7.68
Ethiopia,ETH,2001,7.68
Ethiopia,ETH,2002,7.68
Ethiopia,ETH,2003,7.68
Ethiopia,ETH,2004,7.68
Ethiopia,ETH,2005,22.05
Ethiopia,ETH,2006,21.93
Ethiopia,ETH,2007,22.05
Ethiopia,ETH,2008,22.05
Ethiopia,ETH,2009,22.05
Ethiopia,ETH,2010,27.79
Ethiopia,ETH,2011,27.79
Ethiopia,ETH,2012,27.79
Ethiopia,ETH,2013,27.79
Ethiopia,ETH,2014,27.79
Ethiopia,ETH,2015,38.76
Ethiopia,ETH,2016,38.76
Ethiopia,ETH,2017,38.76
Ethiopia,ETH,2018,38.76
Ethiopia,ETH,2019,38.76
Ethiopia,ETH,2020,38.76
Fiji,FJI,2001,5.7
Fiji,FJI,2002,5.7
Fiji,FJI,2003,5.7
Fiji,FJI,2004,7.04
Fiji,FJI,2005,7.04
Fiji,FJI,2015,16.0
Fiji,FJI,2016,16.0
Fiji,FJI,2017,16.0
Fiji,FJI,2018,19.61
Fiji,FJI,2019,19.61
Fiji,FJI,2020,21.57
Finland,FIN,2000,36.5
Finland,FIN,2001,36.5
Finland,FIN,2002,36.5
Finland,FIN,2003,37.5
Finland,FIN,2004,37.5
Finland,FIN,2005,37.5
Finland,FIN,2006,38.0
Finland,FIN,2007,41.5
Finland,FIN,2008,41.5
Finland,FIN,2009,40.0
Finland,FIN,2010,40.0
Finland,FIN,2011,42.5
Finland,FIN,2012,42.5
Finland,FIN,2013,42.5
Finland,FIN,2014,42.5
Finland,FIN,2015,41.5
Finland,FIN,2016,41.5
Finland,FIN,2017,42.0
Finland,FIN,2018,41.5
Finland,FIN,2019,46.0
Finland,FIN,2020,46.0
France,FRA,2000,10.92
France,FRA,2001,10.92
France,FRA,2002,12.37
France,FRA,2003,12.37
France,FRA,2004,12.37
France,FRA,2005,12.37
France,FRA,2006,12.37
France,FRA,2007,18.54
France,FRA,2008,18.54
France,FRA,2009,18.54
France,FRA,2010,18.54
France,FRA,2011,18.54
France,FRA,2012,26.86
France,FRA,2013,26.86
France,FRA,2014,26.17
France,FRA,2015,26.17
France,FRA,2016,25.82
France,FRA,2017,36.69
France,FRA,2018,39.58
France,FRA,2019,39.51
France,FRA,2020,39.51
Gabon,GAB,2000,8.3
Gabon,GAB,2001,9.2
Gabon,GAB,2002,9.24
Gabon,GAB,2003,9.24
Gabon,GAB,2004,9.24
Gabon,GAB,2005,9.24
Gabon,GAB,2006,12.5
Gabon,GAB,2007,16.67
Gabon,GAB,2008,12.5
Gabon,GAB,2009,12.5
Gabon,GAB,2010,14.66
Gabon,GAB,2011,13.27
Gabon,GAB,2012,13.27
Gabon,GAB,2013,13.27
Gabon,GAB,2014,14.17
Gabon,GAB,2015,14.17
Gabon,GAB,2016,17.09
Gabon,GAB,2017,17.09
Gabon,GAB,2018,17.91
Gabon,GAB,2019,14.79
Gabon,GAB,2020,16.2
Gambia,GMB,2000,2.04
Gambia,GMB,2001,2.04
Gambia,GMB,2002,5.7
Gambia,GMB,2003,5.7
Gambia,GMB,2004,13.21
Gambia,GMB,2005,13.21
Gambia,GMB,2006,13.21
Gambia,GMB,2007,9.43
Gambia,GMB,2008,9.43
Gambia,GMB,2009,7.55
Gambia,GMB,2010,7.55
Gambia,GMB,2011,7.5
Gambia,GMB,2012,7.55
Gambia,GMB,2013,7.55
Gambia,GMB,2014,9.43
Gambia,GMB,2015,9.43
Gambia,GMB,2016,9.43
Gambia,GMB,2017,10.34
Gambia,GMB,2018,10.34
Gambia,GMB,2019,8.62
Gambia,GMB,2020,8.62
Georgia,GEO,2000,7.23
Georgia,GEO,2001,7.23
Georgia,GEO,2002,7.23
Georgia,GEO,2003,7.23
Georgia,GEO,2004,9.36
Georgia,GEO,2005,9.36
Georgia,GEO,2006,9.36
Georgia,GEO,2007,9.36
Georgia,GEO,2008,6.0
Georgia,GEO,2009,6.0
Georgia,GEO,2010,5.11
Georgia,GEO,2011,6.0
Georgia,GEO,2012,12.0
Georgia,GEO,2013,12.0
Georgia,GEO,2014,11.33
Georgia,GEO,2015,11.33
Georgia,GEO,2016,14.77
Georgia,GEO,2017,16.0
Georgia,GEO,2018,14.77
Georgia,GEO,2019,14.09
Georgia,GEO,2020,20.67
Germany,DEU,2000,30.94
Germany,DEU,2001,30.94
Germany,DEU,2002,32.17
Germany,DEU,2003,32.17
Germany,DEU,2004,32.17
Germany,DEU,2005,31.76
Germany,DEU,2006,31.6
Germany,DEU,2007,31.6
Germany,DEU,2008,32.19
Germany,DEU,2009,32.8
Germany,DEU,2010,32.8
Germany,DEU,2011,32.8
Germany,DEU,2012,32.8
Germany,DEU,2013,36.45
Germany,DEU,2014,36.45
Germany,DEU,2015,36.45
Germany,DEU,2016,36.98
Germany,DEU,2017,30.89
Germany,DEU,2018,30.89
Germany,DEU,2019,31.17
Germany,DEU,2020,31.45
Ghana,GHA,2000,9.0
Ghana,GHA,2001,9.0
Ghana,GHA,2002,9.0
Ghana,GHA,2003,9.0
Ghana,GHA,2004,10.87
Ghana,GHA,2005,10.87
Ghana,GHA,2006,10.87
Ghana,GHA,2007,10.87
Ghana,GHA,2008,7.83
Ghana,GHA,2009,8.26
Ghana,GHA,2010,8.26
Ghana,GHA,2011,7.83
Ghana,GHA,2012,10.91
Ghana,GHA,2013,10.91
Ghana,GHA,2014,10.91
Ghana,GHA,2015,10.91
Ghana,GHA,2016,13.09
Ghana,GHA,2017,13.09
Ghana,GHA,2018,13.09
Ghana,GHA,2019,13.09
Ghana,GHA,2020,14.55
Greece,GRC,2000,8.67
Greece,GRC,2001,8.67
Greece,GRC,2002,8.67
Greece,GRC,2003,8.67
Greece,GRC,2004,13.0
Greece,GRC,2005,13.0
Greece,GRC,2006,13.0
Greece,GRC,2007,14.67
Greece,GRC,2008,16.0
Greece,GRC,2009,17.33
Greece,GRC,2010,17.33
Greece,GRC,2011,17.33
Greece,GRC,2012,21.0
Greece,GRC,2013,21.0
Greece,GRC,2014,21.0
Greece,GRC,2015,19.67
Greece,GRC,2016,18.33
Greece,GRC,2017,19.67
Greece,GRC,2018,18.67
Greece,GRC,2019,20.67
Greece,GRC,2020,21.67
Guatemala,GTM,2000,7.1
Guatemala,GTM,2001,7.08
Guatemala,GTM,2002,7.08
Guatemala,GTM,2003,7.1
Guatemala,GTM,2004,8.23
Guatemala,GTM,2005,8.23
Guatemala,GTM,2006,8.23
Guatemala,GTM,2007,12.03
Guatemala,GTM,2008,12.03
Guatemala,GTM,2009,12.03
Guatemala,GTM,2010,12.03
Guatemala,GTM,2011,13.29
Guatemala,GTM,2012,13.29
Guatemala,GTM,2013,13.29
Guatemala,GTM,2014,13.29
Guatemala,GTM,2015,13.92
Guatemala,GTM,2016,12.66
Guatemala,GTM,2017,12.66
Guatemala,GTM,2018,18.99
Guatemala,GTM,2019,19.38
Guatemala,GTM,2020,19.38
Guinea,GIN,2000,7.02
Guinea,GIN,2001,7.02
Guinea,GIN,2002,19.3
Guinea,GIN,2003,19.3
Guinea,GIN,2004,19.3
Guinea,GIN,2005,19.3
Guinea,GIN,2006,19.3
Guinea,GIN,2007,19.3
Guinea,GIN,2014,21.93
Guinea,GIN,2015,21.93
Guinea,GIN,2016,21.93
Guinea,GIN,2017,21.93
Guinea,GIN,2018,21.93
Guinea,GIN,2019,21.93
Guinea,GIN,2020,16.67
Guinea-Bissau,GNB,2000,7.84
Guinea-Bissau,GNB,2001,7.84
Guinea-Bissau,GNB,2002,7.84
Guinea-Bissau,GNB,2004,13.73
Guinea-Bissau,GNB,2005,13.73
Guinea-Bissau,GNB,2006,13.73
Guinea-Bissau,GNB,2007,13.73
Guinea-Bissau,GNB,2008,10.0
Guinea-Bissau,GNB,2009,10.0
Guinea-Bissau,GNB,2010,10.0
Guinea-Bissau,GNB,2011,10.0
Guinea-Bissau,GNB,2012,10.0
Guinea-Bissau,GNB,2013,10.0
Guinea-Bissau,GNB,2014,13.73
Guinea-Bissau,GNB,2015,13.73
Guinea-Bissau,GNB,2016,13.73
Guinea-Bissau,GNB,2017,13.73
Guinea-Bissau,GNB,2018,13.73
Guinea-Bissau,GNB,2019,13.73
Guinea-Bissau,GNB,2020,13.73
Guyana,GUY,2000,18.46
Guyana,GUY,2001,20.0
Guyana,GUY,2002,20.0
Guyana,GUY,2003,20.0
Guyana,GUY,2004,20.0
Guyana,GUY,2005,20.0
Guyana,GUY,2006,28.99
Guyana,GUY,2007,28.99
Guyana,GUY,2008,30.0
Guyana,GUY,2009,28.99
Guyana,GUY,2010,30.0
Guyana,GUY,2011,31.34
Guyana,GUY,2012,31.34
Guyana,GUY,2013,31.34
Guyana,GUY,2014,31.34
Guyana,GUY,2015,30.43
Guyana,GUY,2016,31.88
Guyana,GUY,2017,31.88
Guyana,GUY,2018,31.88
Guyana,GUY,2019,31.88
Guyana,GUY,2020,35.71
Haiti,HTI,2000,3.61
Haiti,HTI,2001,3.61
Haiti,HTI,2002,3.61
Haiti,HTI,2003,3.61
Haiti,HTI,2006,2.04
Haiti,HTI,2007,4.08
Haiti,HTI,2008,4.08
Haiti,HTI,2009,4.08
Haiti,HTI,2010,4.21
Haiti,HTI,2011,4.21
Haiti,HTI,2012,4.21
Haiti,HTI,2013,4.21
Haiti,HTI,2014,4.21
Haiti,HTI,2015,2.54
Haiti,HTI,2016,2.56
Haiti,HTI,2017,2.54
Haiti,HTI,2018,2.54
Haiti,HTI,2019,2.54
Haiti,HTI,2020,2.54
Honduras,HND,2000,9.38
Honduras,HND,2001,5.47
Honduras,HND,2002,5.47
Honduras,HND,2003,5.47
Honduras,HND,2004,5.47
Honduras,HND,2005,23.44
Honduras,HND,2006,23.44
Honduras,HND,2007,23.44
Honduras,HND,2008,23.44
Honduras,HND,2009,17.97
Honduras,HND,2010,17.97
Honduras,HND,2011,17.97
Honduras,HND,2012,17.97
Honduras,HND,2013,25.78
Honduras,HND,2014,25.78
Honduras,HND,2015,25.78
Honduras,HND,2016,25.78
Honduras,HND,2017,25.78
Honduras,HND,2018,21.09
Honduras,HND,2019,21.09
Honduras,HND,2020,21.09
Hong Kong,HKG,2000,18.3
Hong Kong,HKG,2001,18.3
Hong Kong,HKG,2002,18.3
Hong Kong,HKG,2003,18.3
Hong Kong,HKG,2004,18.3
Hong Kong,HKG,2005,18.3
Hong Kong,HKG,2006,18.3
Hong Kong,HKG,2007,20.0
Hong Kong,HKG,2008,18.3
Hong Kong,HKG,2009,18.3
Hong Kong,HKG,2010,18.3
Hong Kong,HKG,2011,18.3
Hong Kong,HKG,2012,15.71
Hong Kong,HKG,2013,15.71
Hong Kong,HKG,2014,15.71
Hong Kong,HKG,2015,15.71
Hong Kong,HKG,2016,14.7
Hong Kong,HKG,2017,15.62
Hong Kong,HKG,2018,15.94
Hong Kong,HKG,2019,16.41
Hong Kong,HKG,2020,14.29
Hungary,HUN,2000,8.29
Hungary,HUN,2001,8.29
Hungary,HUN,2002,9.1
Hungary,HUN,2003,9.1
Hungary,HUN,2004,8.55
Hungary,HUN,2005,8.55
Hungary,HUN,2006,10.36
Hungary,HUN,2007,10.36
Hungary,HUN,2008,10.36
Hungary,HUN,2009,10.36
Hungary,HUN,2010,9.07
Hungary,HUN,2011,9.07
Hungary,HUN,2012,9.07
Hungary,HUN,2013,9.07
Hungary,HUN,2014,10.1
Hungary,HUN,2015,10.1
Hungary,HUN,2016,10.05
Hungary,HUN,2017,10.05
Hungary,HUN,2018,12.56
Hungary,HUN,2019,12.06
Hungary,HUN,2020,12.56
Iceland,ISL,2000,34.92
Iceland,ISL,2001,34.92
Iceland,ISL,2002,34.92
Iceland,ISL,2003,30.16
Iceland,ISL,2004,30.16
Iceland,ISL,2005,30.16
Iceland,ISL,2006,30.16
Iceland,ISL,2007,33.33
Iceland,ISL,2008,31.75
Iceland,ISL,2009,42.86
Iceland,ISL,2010,42.86
Iceland,ISL,2011,42.86
Iceland,ISL,2012,42.86
Iceland,ISL,2013,39.68
Iceland,ISL,2014,41.27
Iceland,ISL,2015,41.27
Iceland,ISL,2016,47.62
Iceland,ISL,2017,38.1
Iceland,ISL,2018,38.1
Iceland,ISL,2019,38.1
Iceland,ISL,2020,39.68
India,IND,2000,8.84
India,IND,2001,8.66
India,IND,2002,8.66
India,IND,2003,8.66
India,IND,2004,8.29
India,IND,2005,8.29
India,IND,2006,8.29
India,IND,2007,9.06
India,IND,2008,8.29
India,IND,2009,10.83
India,IND,2010,10.83
India,IND,2011,10.83
India,IND,2012,10.83
India,IND,2013,10.83
India,IND,2014,11.97
India,IND,2015,11.97
India,IND,2016,11.81
India,IND,2017,11.81
India,IND,2018,12.6
India,IND,2019,14.39
India,IND,2020,14.44
Indonesia,IDN,2000,8.0
Indonesia,IDN,2001,8.0
Indonesia,IDN,2002,8.0
Indonesia,IDN,2003,8.0
Indonesia,IDN,2004,11.27
Indonesia,IDN,2005,11.27
Indonesia,IDN,2006,11.27
Indonesia,IDN,2007,11.64
Indonesia,IDN,2008,11.27
Indonesia,IDN,2009,17.86
Indonesia,IDN,2010,18.04
Indonesia,IDN,2011,18.21
Indonesia,IDN,2012,18.21
Indonesia,IDN,2013,18.21
Indonesia,IDN,2014,17.12
Indonesia,IDN,2015,17.12
Indonesia,IDN,2016,19.82
Indonesia,IDN,2017,19.82
Indonesia,IDN,2018,18.21
Indonesia,IDN,2019,20.3
Indonesia,IDN,2020,21.04
Iran,IRN,2000,3.45
Iran,IRN,2001,3.45
Iran,IRN,2002,3.45
Iran,IRN,2003,3.45
Iran,IRN,2004,3.1
Iran,IRN,2005,3.1
Iran,IRN,2006,3.1
Iran,IRN,2007,3.1
Iran,IRN,2008,2.76
Iran,IRN,2009,2.76
Iran,IRN,2010,2.76
Iran,IRN,2011,2.76
Iran,IRN,2012,3.1
Iran,IRN,2013,3.1
Iran,IRN,2014,3.1
Iran,IRN,2015,3.1
Iran,IRN,2016,5.88
Iran,IRN,2017,5.88
Iran,IRN,2018,5.88
Iran,IRN,2019,5.88
Iran,IRN,2020,5.59
Iraq,IRQ,2000,7.6
Iraq,IRQ,2001,7.6
Iraq,IRQ,2002,7.6
Iraq,IRQ,2006,25.45
Iraq,IRQ,2007,25.45
Iraq,IRQ,2008,25.45
Iraq,IRQ,2009,25.45
Iraq,IRQ,2010,25.23
Iraq,IRQ,2011,25.23
Iraq,IRQ,2012,25.23
Iraq,IRQ,2013,25.23
Iraq,IRQ,2014,25.3
Iraq,IRQ,2015,25.3
Iraq,IRQ,2016,25.3
Iraq,IRQ,2017,25.3
Iraq,IRQ,2018,25.23
Iraq,IRQ,2019,26.44
Iraq,IRQ,2020,26.44
Ireland,IRL,2000,12.05
Ireland,IRL,2001,12.05
Ireland,IRL,2002,13.25
Ireland,IRL,2003,13.25
Ireland,IRL,2004,13.25
Ireland,IRL,2005,13.25
Ireland,IRL,2006,13.25
Ireland,IRL,2007,13.25
Ireland,IRL,2008,13.25
Ireland,IRL,2009,13.25
Ireland,IRL,2010,13.94
Ireland,IRL,2011,15.06
Ireland,IRL,2012,15.06
Ireland,IRL,2013,15.06
Ireland,IRL,2014,16.27
Ireland,IRL,2015,16.27
Ireland,IRL,2016,22.15
Ireland,IRL,2017,22.15
Ireland,IRL,2018,22.15
Ireland,IRL,2019,22.15
Ireland,IRL,2020,22.5
Israel,ISR,2000,11.7
Israel,ISR,2001,11.67
Israel,ISR,2002,11.67
Israel,ISR,2003,15.0
Israel,ISR,2004,15.0
Israel,ISR,2005,15.0
Israel,ISR,2006,13.22
Israel,ISR,2007,14.17
Israel,ISR,2008,14.17
Israel,ISR,2009,17.5
Israel,ISR,2010,19.17
Israel,ISR,2011,17.5
Israel,ISR,2012,17.5
Israel,ISR,2013,22.5
Israel,ISR,2014,22.5
Israel,ISR,2015,26.67
Israel,ISR,2016,27.5
Israel,ISR,2017,27.5
Israel,ISR,2018,29.17
Israel,ISR,2019,23.33
Israel,ISR,2020,26.67
Italy,ITA,2000,11.11
Italy,ITA,2001,9.84
Italy,ITA,2002,9.84
Italy,ITA,2003,9.84
Italy,ITA,2004,9.84
Italy,ITA,2005,9.84
Italy,ITA,2006,17.3
Italy,ITA,2007,17.3
Italy,ITA,2008,21.27
Italy,ITA,2009,21.27
Italy,ITA,2010,21.27
Italy,ITA,2011,21.27
Italy,ITA,2012,21.27
Italy,ITA,2013,28.41
Italy,ITA,2014,30.95
Italy,ITA,2015,30.95
Italy,ITA,2016,30.95
Italy,ITA,2017,30.95
Italy,ITA,2018,35.71
Italy,ITA,2019,35.71
Italy,ITA,2020,35.71
Jamaica,JAM,2000,13.3
Jamaica,JAM,2001,13.3
Jamaica,JAM,2002,11.67
Jamaica,JAM,2003,11.67
Jamaica,JAM,2004,11.67
Jamaica,JAM,2005,11.67
Jamaica,JAM,2006,11.67
Jamaica,JAM,2007,13.33
Jamaica,JAM,2008,13.33
Jamaica,JAM,2009,13.33
Jamaica,JAM,2010,13.33
Jamaica,JAM,2011,12.7
Jamaica,JAM,2012,12.7
Jamaica,JAM,2013,12.7
Jamaica,JAM,2014,12.7
Jamaica,JAM,2015,12.7
Jamaica,JAM,2016,17.46
Jamaica,JAM,2017,17.46
Jamaica,JAM,2018,17.46
Jamaica,JAM,2019,17.46
Jamaica,JAM,2020,28.57
Japan,JPN,2000,7.29
Japan,JPN,2001,7.29
Japan,JPN,2002,7.29
Japan,JPN,2003,7.08
Japan,JPN,2004,7.08
Japan,JPN,2005,8.96
Japan,JPN,2006,9.41
Japan,JPN,2007,8.96
Japan,JPN,2008,8.96
Japan,JPN,2009,11.25
Japan,JPN,2010,11.25
Japan,JPN,2011,11.25
Japan,JPN,2012,7.92
Japan,JPN,2013,7.92
Japan,JPN,2014,9.47
Japan,JPN,2015,9.47
Japan,JPN,2016,9.26
Japan,JPN,2017,10.11
Japan,JPN,2018,10.15
Japan,JPN,2019,9.89
Japan,JPN,2020,9.89
Jordan,JOR,2003,5.45
Jordan,JOR,2004,5.45
Jordan,JOR,2005,5.45
Jordan,JOR,2006,5.45
Jordan,JOR,2007,6.36
Jordan,JOR,2008,6.36
Jordan,JOR,2009,6.36
Jordan,JOR,2010,10.83
Jordan,JOR,2011,10.83
Jordan,JOR,2012,10.83
Jordan,JOR,2013,12.0
Jordan,JOR,2014,12.0
Jordan,JOR,2015,12.0
Jordan,JOR,2016,15.38
Jordan,JOR,2017,15.38
Jordan,JOR,2018,15.38
Jordan,JOR,2019,15.38
Jordan,JOR,2020,11.54
Kazakhstan,KAZ,2000,10.39
Kazakhstan,KAZ,2001,10.39
Kazakhstan,KAZ,2002,10.39
Kazakhstan,KAZ,2003,10.39
Kazakhstan,KAZ,2004,10.39
Kazakhstan,KAZ,2005,10.39
Kazakhstan,KAZ,2006,10.39
Kazakhstan,KAZ,2007,15.89
Kazakhstan,KAZ,2008,15.89
Kazakhstan,KAZ,2009,17.76
Kazakhstan,KAZ,2010,17.76
Kazakhstan,KAZ,2011,17.8
Kazakhstan,KAZ,2012,24.3
Kazakhstan,KAZ,2013,24.3
Kazakhstan,KAZ,2014,26.17
Kazakhstan,KAZ,2015,26.17
Kazakhstan,KAZ,2016,27.1
Kazakhstan,KAZ,2017,27.1
Kazakhstan,KAZ,2018,27.1
Kazakhstan,KAZ,2019,27.1
Kazakhstan,KAZ,2020,27.1
Kenya,KEN,2000,2.68
Kenya,KEN,2001,2.68
Kenya,KEN,2002,7.14
Kenya,KEN,2003,7.14
Kenya,KEN,2004,7.14
Kenya,KEN,2005,7.14
Kenya,KEN,2006,7.14
Kenya,KEN,2007,9.38
Kenya,KEN,2008,9.82
Kenya,KEN,2009,9.38
Kenya,KEN,2010,9.38
Kenya,KEN,2011,9.38
Kenya,KEN,2012,9.38
Kenya,KEN,2013,18.57
Kenya,KEN,2014,19.71
Kenya,KEN,2015,19.71
Kenya,KEN,2016,19.43
Kenya,KEN,2017,21.78
Kenya,KEN,2018,21.78
Kenya,KEN,2019,21.78
Kenya,KEN,2020,21.61
Kosovo,OWID_KOS,2013,32.5
Kosovo,OWID_KOS,2014,31.0
Kosovo,OWID_KOS,2015,31.0
Kosovo,OWID_KOS,2017,33.0
Kosovo,OWID_KOS,2018,33.0
Kosovo,OWID_KOS,2019,31.66
Kosovo,OWID_KOS,2020,32.5
Kuwait,KWT,2000,0.0
Kuwait,KWT,2001,0.0
Kuwait,KWT,2002,0.0
Kuwait,KWT,2003,0.0
Kuwait,KWT,2004,0.0
Kuwait,KWT,2005,1.5
Kuwait,KWT,2006,1.54
Kuwait,KWT,2007,1.54
Kuwait,KWT,2008,3.08
Kuwait,KWT,2009,7.69
Kuwait,KWT,2010,7.69
Kuwait,KWT,2011,7.69
Kuwait,KWT,2012,6.15
Kuwait,KWT,2013,6.15
Kuwait,KWT,2014,4.0
Kuwait,KWT,2015,4.0
Kuwait,KWT,2016,3.08
Kuwait,KWT,2017,3.08
Kuwait,KWT,2018,4.62
Kuwait,KWT,2019,6.3
Kuwait,KWT,2020,1.54
Kyrgyzstan,KGZ,2000,2.22
Kyrgyzstan,KGZ,2001,2.22
Kyrgyzstan,KGZ,2002,2.22
Kyrgyzstan,KGZ,2003,2.22
Kyrgyzstan,KGZ,2004,2.22
Kyrgyzstan,KGZ,2005,0.0
Kyrgyzstan,KGZ,2006,0.0
Kyrgyzstan,KGZ,2007,25.56
Kyrgyzstan,KGZ,2008,25.56
Kyrgyzstan,KGZ,2009,25.56
Kyrgyzstan,KGZ,2010,23.33
Kyrgyzstan,KGZ,2011,23.33
Kyrgyzstan,KGZ,2012,23.33
Kyrgyzstan,KGZ,2013,23.33
Kyrgyzstan,KGZ,2014,23.33
Kyrgyzstan,KGZ,2015,19.17
Kyrgyzstan,KGZ,2016,19.17
Kyrgyzstan,KGZ,2017,19.17
Kyrgyzstan,KGZ,2018,19.17
Kyrgyzstan,KGZ,2019,19.17
Kyrgyzstan,KGZ,2020,17.09
Laos,LAO,2000,21.21
Laos,LAO,2001,21.21
Laos,LAO,2002,22.94
Laos,LAO,2003,22.94
Laos,LAO,2004,22.94
Laos,LAO,2005,22.94
Laos,LAO,2006,25.22
Laos,LAO,2007,25.22
Laos,LAO,2008,25.22
Laos,LAO,2009,25.22
Laos,LAO,2010,25.22
Laos,LAO,2011,25.0
Laos,LAO,2012,25.0
Laos,LAO,2013,25.0
Laos,LAO,2014,25.0
Laos,LAO,2015,25.0
Laos,LAO,2016,27.52
Laos,LAO,2017,27.52
Laos,LAO,2018,27.52
Laos,LAO,2019,27.52
Laos,LAO,2020,27.52
Latvia,LVA,2000,17.0
Latvia,LVA,2001,17.0
Latvia,LVA,2002,18.0
Latvia,LVA,2003,18.0
Latvia,LVA,2004,21.0
Latvia,LVA,2005,21.0
Latvia,LVA,2006,19.0
Latvia,LVA,2007,20.0
Latvia,LVA,2008,20.0
Latvia,LVA,2009,22.0
Latvia,LVA,2010,20.0
Latvia,LVA,2011,23.0
Latvia,LVA,2012,23.0
Latvia,LVA,2013,23.0
Latvia,LVA,2014,18.0
Latvia,LVA,2015,18.0
Latvia,LVA,2016,16.0
Latvia,LVA,2017,16.0
Latvia,LVA,2018,31.0
Latvia,LVA,2019,30.0
Latvia,LVA,2020,29.0
Lebanon,LBN,2000,2.32
Lebanon,LBN,2001,2.32
Lebanon,LBN,2002,2.32
Lebanon,LBN,2003,2.32
Lebanon,LBN,2004,2.32
Lebanon,LBN,2005,4.69
Lebanon,LBN,2006,4.69
Lebanon,LBN,2007,4.69
Lebanon,LBN,2008,4.69
Lebanon,LBN,2009,3.13
Lebanon,LBN,2010,3.13
Lebanon,LBN,2011,3.13
Lebanon,LBN,2012,3.13
Lebanon,LBN,2013,3.13
Lebanon,LBN,2014,3.13
Lebanon,LBN,2015,3.13
Lebanon,LBN,2016,3.13
Lebanon,LBN,2017,3.13
Lebanon,LBN,2018,4.69
Lebanon,LBN,2019,4.69
Lebanon,LBN,2020,4.69
Lesotho,LSO,2000,3.75
Lesotho,LSO,2001,3.75
Lesotho,LSO,2002,11.67
Lesotho,LSO,2003,11.67
Lesotho,LSO,2004,11.67
Lesotho,LSO,2005,11.67
Lesotho,LSO,2006,11.67
Lesotho,LSO,2007,24.17
Lesotho,LSO,2008,24.37
Lesotho,LSO,2009,24.37
Lesotho,LSO,2010,24.17
Lesotho,LSO,2011,24.17
Lesotho,LSO,2012,25.0
Lesotho,LSO,2013,25.0
Lesotho,LSO,2014,26.67
Lesotho,LSO,2015,25.0
Lesotho,LSO,2016,25.0
Lesotho,LSO,2017,22.88
Lesotho,LSO,2018,23.33
Lesotho,LSO,2019,23.33
Lesotho,LSO,2020,23.33
Liberia,LBR,2000,7.81
Liberia,LBR,2001,7.81
Liberia,LBR,2002,7.81
Liberia,LBR,2003,7.81
Liberia,LBR,2004,7.81
Liberia,LBR,2005,12.5
Liberia,LBR,2006,12.5
Liberia,LBR,2007,12.5
Liberia,LBR,2008,12.5
Liberia,LBR,2009,12.5
Liberia,LBR,2010,12.5
Liberia,LBR,2011,10.96
Liberia,LBR,2012,10.96
Liberia,LBR,2013,10.96
Liberia,LBR,2014,10.96
Liberia,LBR,2015,10.96
Liberia,LBR,2016,12.33
Liberia,LBR,2017,12.33
Liberia,LBR,2018,12.33
Liberia,LBR,2019,12.33
Liberia,LBR,2020,10.96
Libya,LBY,2000,0.0
Libya,LBY,2001,0.0
Libya,LBY,2002,0.0
Libya,LBY,2003,0.0
Libya,LBY,2004,0.0
Libya,LBY,2005,4.7
Libya,LBY,2006,7.69
Libya,LBY,2007,7.69
Libya,LBY,2008,7.69
Libya,LBY,2009,7.69
Libya,LBY,2010,7.69
Libya,LBY,2012,16.5
Libya,LBY,2013,16.5
Libya,LBY,2014,15.96
Libya,LBY,2015,15.96
Libya,LBY,2016,15.96
Libya,LBY,2017,15.96
Libya,LBY,2018,15.96
Libya,LBY,2019,15.96
Libya,LBY,2020,15.96
Lithuania,LTU,2000,10.64
Lithuania,LTU,2001,10.64
Lithuania,LTU,2002,10.64
Lithuania,LTU,2003,10.64
Lithuania,LTU,2004,21.99
Lithuania,LTU,2005,21.99
Lithuania,LTU,2006,24.82
Lithuania,LTU,2007,21.99
Lithuania,LTU,2008,24.82
Lithuania,LTU,2009,19.15
Lithuania,LTU,2010,19.15
Lithuania,LTU,2011,19.1
Lithuania,LTU,2012,24.46
Lithuania,LTU,2013,24.11
Lithuania,LTU,2014,23.4
Lithuania,LTU,2015,23.4
Lithuania,LTU,2016,21.28
Lithuania,LTU,2017,21.28
Lithuania,LTU,2018,21.28
Lithuania,LTU,2019,24.11
Lithuania,LTU,2020,27.66
Luxembourg,LUX,2000,16.67
Luxembourg,LUX,2001,16.67
Luxembourg,LUX,2002,16.67
Luxembourg,LUX,2003,16.67
Luxembourg,LUX,2004,23.3
Luxembourg,LUX,2005,23.3
Luxembourg,LUX,2006,23.33
Luxembourg,LUX,2007,20.0
Luxembourg,LUX,2008,20.0
Luxembourg,LUX,2009,25.0
Luxembourg,LUX,2010,20.0
Luxembourg,LUX,2011,25.0
Luxembourg,LUX,2012,25.0
Luxembourg,LUX,2013,23.33
Luxembourg,LUX,2014,28.33
Luxembourg,LUX,2015,28.33
Luxembourg,LUX,2016,28.33
Luxembourg,LUX,2017,28.33
Luxembourg,LUX,2018,28.3
Luxembourg,LUX,2019,30.0
Luxembourg,LUX,2020,31.67
Madagascar,MDG,2000,8.0
Madagascar,MDG,2001,8.0
Madagascar,MDG,2002,3.8
Madagascar,MDG,2003,3.75
Madagascar,MDG,2004,3.75
Madagascar,MDG,2005,3.75
Madagascar,MDG,2006,3.75
Madagascar,MDG,2007,9.45
Madagascar,MDG,2008,9.45
Madagascar,MDG,2010,12.5
Madagascar,MDG,2011,17.53
Madagascar,MDG,2012,17.53
Madagascar,MDG,2013,23.13
Madagascar,MDG,2014,20.53
Madagascar,MDG,2015,20.53
Madagascar,MDG,2016,19.21
Madagascar,MDG,2017,19.21
Madagascar,MDG,2018,19.21
Madagascar,MDG,2019,15.89
Madagascar,MDG,2020,17.88
Malawi,MWI,2000,9.3
Malawi,MWI,2001,9.3
Malawi,MWI,2002,9.3
Malawi,MWI,2003,9.3
Malawi,MWI,2004,14.59
Malawi,MWI,2005,14.59
Malawi,MWI,2006,14.59
Malawi,MWI,2007,14.59
Malawi,MWI,2008,14.59
Malawi,MWI,2009,21.24
Malawi,MWI,2010,20.83
Malawi,MWI,2011,21.24
Malawi,MWI,2012,21.24
Malawi,MWI,2013,22.28
Malawi,MWI,2014,16.67
Malawi,MWI,2015,16.67
Malawi,MWI,2016,16.67
Malawi,MWI,2017,16.67
Malawi,MWI,2018,16.67
Malawi,MWI,2019,22.92
Malawi,MWI,2020,22.92
Malaysia,MYS,2000,7.25
Malaysia,MYS,2001,7.25
Malaysia,MYS,2002,7.25
Malaysia,MYS,2003,7.25
Malaysia,MYS,2004,9.13
Malaysia,MYS,2005,9.13
Malaysia,MYS,2006,9.13
Malaysia,MYS,2007,10.0
Malaysia,MYS,2008,10.81
Malaysia,MYS,2009,10.81
Malaysia,MYS,2010,9.91
Malaysia,MYS,2011,10.81
Malaysia,MYS,2012,10.81
Malaysia,MYS,2013,10.36
Malaysia,MYS,2014,10.36
Malaysia,MYS,2015,10.36
Malaysia,MYS,2016,10.36
Malaysia,MYS,2017,10.36
Malaysia,MYS,2018,13.9
Malaysia,MYS,2019,14.4
Malaysia,MYS,2020,14.86
Maldives,MDV,2000,6.0
Maldives,MDV,2001,6.0
Maldives,MDV,2002,6.0
Maldives,MDV,2003,6.0
Maldives,MDV,2004,6.0
Maldives,MDV,2005,12.0
Maldives,MDV,2006,12.0
Maldives,MDV,2007,12.0
Maldives,MDV,2008,12.0
Maldives,MDV,2009,6.49
Maldives,MDV,2010,6.49
Maldives,MDV,2011,6.49
Maldives,MDV,2012,6.49
Maldives,MDV,2013,6.49
Maldives,MDV,2014,5.88
Maldives,MDV,2015,5.88
Maldives,MDV,2016,5.88
Maldives,MDV,2017,5.88
Maldives,MDV,2018,4.71
Maldives,MDV,2019,4.6
Maldives,MDV,2020,4.6
Mali,MLI,2000,12.24
Mali,MLI,2001,12.24
Mali,MLI,2002,10.2
Mali,MLI,2003,10.2
Mali,MLI,2004,10.2
Mali,MLI,2005,10.2
Mali,MLI,2006,10.2
Mali,MLI,2007,10.2
Mali,MLI,2008,10.2
Mali,MLI,2009,10.2
Mali,MLI,2010,10.2
Mali,MLI,2011,10.2
Mali,MLI,2014,9.52
Mali,MLI,2015,8.84
Mali,MLI,2016,8.84
Mali,MLI,2017,8.84
Mali,MLI,2018,8.84
Mali,MLI,2019,9.52
Mali,MLI,2020,27.27
Malta,MLT,2000,9.23
Malta,MLT,2001,9.23
Malta,MLT,2002,9.23
Malta,MLT,2003,9.23
Malta,MLT,2004,9.23
Malta,MLT,2005,9.23
Malta,MLT,2006,9.23
Malta,MLT,2007,9.23
Malta,MLT,2008,8.7
Malta,MLT,2009,8.7
Malta,MLT,2010,8.7
Malta,MLT,2011,8.7
Malta,MLT,2012,8.7
Malta,MLT,2013,14.29
Malta,MLT,2014,14.3
Malta,MLT,2015,14.3
Malta,MLT,2016,14.3
Malta,MLT,2017,11.94
Malta,MLT,2018,11.94
Malta,MLT,2019,13.43
Malta,MLT,2020,13.43
Mauritania,MRT,2000,1.3
Mauritania,MRT,2001,3.7
Mauritania,MRT,2002,3.7
Mauritania,MRT,2003,3.7
Mauritania,MRT,2004,3.7
Mauritania,MRT,2007,17.89
Mauritania,MRT,2008,17.89
Mauritania,MRT,2009,17.89
Mauritania,MRT,2010,17.89
Mauritania,MRT,2011,17.89
Mauritania,MRT,2012,17.89
Mauritania,MRT,2013,25.17
Mauritania,MRT,2014,25.17
Mauritania,MRT,2015,25.17
Mauritania,MRT,2016,25.17
Mauritania,MRT,2017,25.17
Mauritania,MRT,2018,20.26
Mauritania,MRT,2019,20.26
Mauritania,MRT,2020,20.26
Mauritius,MUS,2000,5.71
Mauritius,MUS,2001,5.71
Mauritius,MUS,2002,5.71
Mauritius,MUS,2003,5.71
Mauritius,MUS,2004,5.71
Mauritius,MUS,2005,17.14
Mauritius,MUS,2006,17.14
Mauritius,MUS,2007,17.14
Mauritius,MUS,2008,17.14
Mauritius,MUS,2009,17.14
Mauritius,MUS,2010,18.84
Mauritius,MUS,2011,18.84
Mauritius,MUS,2012,18.84
Mauritius,MUS,2013,18.84
Mauritius,MUS,2014,11.59
Mauritius,MUS,2015,11.59
Mauritius,MUS,2016,11.59
Mauritius,MUS,2017,11.59
Mauritius,MUS,2018,11.59
Mauritius,MUS,2019,20.0
Mauritius,MUS,2020,20.0
Mexico,MEX,2000,16.0
Mexico,MEX,2001,16.0
Mexico,MEX,2002,16.0
Mexico,MEX,2003,22.6
Mexico,MEX,2004,22.6
Mexico,MEX,2005,22.6
Mexico,MEX,2006,22.6
Mexico,MEX,2007,23.2
Mexico,MEX,2008,22.6
Mexico,MEX,2009,28.2
Mexico,MEX,2010,26.2
Mexico,MEX,2011,28.2
Mexico,MEX,2012,36.8
Mexico,MEX,2013,36.8
Mexico,MEX,2014,37.4
Mexico,MEX,2015,42.37
Mexico,MEX,2016,42.37
Mexico,MEX,2017,42.6
Mexico,MEX,2018,48.2
Mexico,MEX,2019,48.2
Mexico,MEX,2020,48.2
Moldova,MDA,2000,8.9
Moldova,MDA,2001,12.9
Moldova,MDA,2002,12.9
Moldova,MDA,2003,12.9
Moldova,MDA,2004,15.84
Moldova,MDA,2005,15.84
Moldova,MDA,2006,21.78
Moldova,MDA,2007,21.78
Moldova,MDA,2008,21.78
Moldova,MDA,2009,23.76
Moldova,MDA,2010,18.81
Moldova,MDA,2011,18.81
Moldova,MDA,2012,18.81
Moldova,MDA,2013,18.81
Moldova,MDA,2014,20.79
Moldova,MDA,2015,21.78
Moldova,MDA,2016,22.77
Moldova,MDA,2017,22.77
Moldova,MDA,2018,22.77
Moldova,MDA,2019,24.75
Moldova,MDA,2020,24.75
Mongolia,MNG,2000,10.53
Mongolia,MNG,2001,10.53
Mongolia,MNG,2002,10.53
Mongolia,MNG,2003,10.53
Mongolia,MNG,2004,6.58
Mongolia,MNG,2005,6.58
Mongolia,MNG,2006,6.58
Mongolia,MNG,2007,6.58
Mongolia,MNG,2008,4.17
Mongolia,MNG,2009,3.95
Mongolia,MNG,2010,3.95
Mongolia,MNG,2011,3.95
Mongolia,MNG,2012,14.86
Mongolia,MNG,2013,14.86
Mongolia,MNG,2014,14.86
Mongolia,MNG,2015,14.86
Mongolia,MNG,2016,17.11
Mongolia,MNG,2017,17.11
Mongolia,MNG,2018,17.11
Mongolia,MNG,2019,17.33
Mongolia,MNG,2020,17.33
Montenegro,MNE,2006,8.64
Montenegro,MNE,2007,11.11
Montenegro,MNE,2008,11.1
Montenegro,MNE,2009,11.11
Montenegro,MNE,2010,11.11
Montenegro,MNE,2011,11.11
Montenegro,MNE,2012,17.28
Montenegro,MNE,2013,14.81
Montenegro,MNE,2014,17.28
Montenegro,MNE,2015,17.28
Montenegro,MNE,2016,23.46
Montenegro,MNE,2017,23.46
Montenegro,MNE,2018,23.46
Montenegro,MNE,2019,23.46
Montenegro,MNE,2020,24.69
Morocco,MAR,2000,0.62
Morocco,MAR,2001,0.62
Morocco,MAR,2002,10.77
Morocco,MAR,2003,10.77
Morocco,MAR,2004,10.77
Morocco,MAR,2005,10.77
Morocco,MAR,2006,10.77
Morocco,MAR,2007,10.46
Morocco,MAR,2008,10.46
Morocco,MAR,2009,10.46
Morocco,MAR,2010,10.46
Morocco,MAR,2011,16.96
Morocco,MAR,2012,16.71
Morocco,MAR,2013,16.71
Morocco,MAR,2014,16.96
Morocco,MAR,2015,16.96
Morocco,MAR,2016,20.51
Morocco,MAR,2017,20.51
Morocco,MAR,2018,20.51
Morocco,MAR,2019,20.51
Morocco,MAR,2020,20.51
Mozambique,MOZ,2000,30.0
Mozambique,MOZ,2001,30.0
Mozambique,MOZ,2002,30.0
Mozambique,MOZ,2003,30.0
Mozambique,MOZ,2004,34.8
Mozambique,MOZ,2005,34.8
Mozambique,MOZ,2006,34.8
Mozambique,MOZ,2007,34.8
Mozambique,MOZ,2008,34.8
Mozambique,MOZ,2009,39.2
Mozambique,MOZ,2010,39.2
Mozambique,MOZ,2011,39.2
Mozambique,MOZ,2012,39.2
Mozambique,MOZ,2013,39.2
Mozambique,MOZ,2014,39.6
Mozambique,MOZ,2015,39.6
Mozambique,MOZ,2016,39.6
Mozambique,MOZ,2017,39.6
Mozambique,MOZ,2018,39.6
Mozambique,MOZ,2019,41.2
Mozambique,MOZ,2020,42.4
Myanmar,MMR,2011,5.98
Myanmar,MMR,2012,5.98
Myanmar,MMR,2013,3.22
Myanmar,MMR,2014,6.19
Myanmar,MMR,2015,9.93
Myanmar,MMR,2016,10.16
Myanmar,MMR,2017,10.16
Myanmar,MMR,2018,11.32
Myanmar,MMR,2019,11.11
Myanmar,MMR,2020,16.83
Namibia,NAM,2000,25.0
Namibia,NAM,2001,25.0
Namibia,NAM,2002,25.0
Namibia,NAM,2003,25.0
Namibia,NAM,2004,26.92
Namibia,NAM,2005,26.92
Namibia,NAM,2006,26.92
Namibia,NAM,2007,26.92
Namibia,NAM,2008,26.92
Namibia,NAM,2009,24.36
Namibia,NAM,2010,26.92
Namibia,NAM,2011,24.36
Namibia,NAM,2012,24.36
Namibia,NAM,2013,24.36
Namibia,NAM,2014,41.35
Namibia,NAM,2015,41.35
Namibia,NAM,2016,41.35
Namibia,NAM,2017,41.35
Namibia,NAM,2018,46.15
Namibia,NAM,2019,42.7
Namibia,NAM,2020,44.23
Nepal,NPL,2000,5.85
Nepal,NPL,2001,5.85
Nepal,NPL,2006,5.85
Nepal,NPL,2007,17.33
Nepal,NPL,2008,18.84
Nepal,NPL,2009,32.78
Nepal,NPL,2010,33.16
Nepal,NPL,2011,32.78
Nepal,NPL,2014,29.48
Nepal,NPL,2015,29.55
Nepal,NPL,2016,29.58
Nepal,NPL,2017,32.73
Nepal,NPL,2018,32.73
Nepal,NPL,2019,32.73
Nepal,NPL,2020,32.73
Netherlands,NLD,2000,36.0
Netherlands,NLD,2001,36.0
Netherlands,NLD,2002,34.0
Netherlands,NLD,2003,36.67
Netherlands,NLD,2004,36.67
Netherlands,NLD,2005,36.67
Netherlands,NLD,2006,36.67
Netherlands,NLD,2007,36.67
Netherlands,NLD,2008,36.67
Netherlands,NLD,2009,42.0
Netherlands,NLD,2010,40.67
Netherlands,NLD,2011,40.67
Netherlands,NLD,2012,38.67
Netherlands,NLD,2013,38.67
Netherlands,NLD,2014,37.33
Netherlands,NLD,2015,37.33
Netherlands,NLD,2016,38.0
Netherlands,NLD,2017,36.0
Netherlands,NLD,2018,31.33
Netherlands,NLD,2019,33.33
Netherlands,NLD,2020,33.33
New Zealand,NZL,2000,29.2
New Zealand,NZL,2001,29.17
New Zealand,NZL,2002,29.17
New Zealand,NZL,2003,29.17
New Zealand,NZL,2004,29.17
New Zealand,NZL,2005,32.23
New Zealand,NZL,2006,32.23
New Zealand,NZL,2007,33.06
New Zealand,NZL,2008,33.61
New Zealand,NZL,2009,33.61
New Zealand,NZL,2010,33.61
New Zealand,NZL,2011,32.23
New Zealand,NZL,2012,32.23
New Zealand,NZL,2013,32.23
New Zealand,NZL,2014,31.4
New Zealand,NZL,2015,31.4
New Zealand,NZL,2016,34.17
New Zealand,NZL,2017,38.33
New Zealand,NZL,2018,40.0
New Zealand,NZL,2019,40.83
New Zealand,NZL,2020,48.33
Nicaragua,NIC,2000,10.8
Nicaragua,NIC,2001,20.65
Nicaragua,NIC,2002,20.65
Nicaragua,NIC,2003,20.65
Nicaragua,NIC,2004,20.65
Nicaragua,NIC,2005,20.65
Nicaragua,NIC,2006,15.22
Nicaragua,NIC,2007,18.48
Nicaragua,NIC,2008,18.48
Nicaragua,NIC,2009,20.65
Nicaragua,NIC,2010,20.65
Nicaragua,NIC,2011,40.22
Nicaragua,NIC,2012,40.22
Nicaragua,NIC,2013,40.22
Nicaragua,NIC,2014,40.2
Nicaragua,NIC,2015,40.2
Nicaragua,NIC,2016,42.4
Nicaragua,NIC,2017,45.65
Nicaragua,NIC,2018,44.57
Nicaragua,NIC,2019,47.25
Nicaragua,NIC,2020,48.35
Niger,NER,2000,1.2
Niger,NER,2001,1.2
Niger,NER,2002,1.2
Niger,NER,2003,1.2
Niger,NER,2004,12.39
Niger,NER,2005,12.39
Niger,NER,2006,12.39
Niger,NER,2007,12.39
Niger,NER,2008,12.39
Niger,NER,2011,13.27
Niger,NER,2012,13.27
Niger,NER,2013,13.27
Niger,NER,2014,13.27
Niger,NER,2015,13.27
Niger,NER,2016,16.96
Niger,NER,2017,16.96
Niger,NER,2018,16.96
Niger,NER,2019,16.96
Niger,NER,2020,25.9
Nigeria,NGA,2000,3.42
Nigeria,NGA,2001,3.42
Nigeria,NGA,2002,3.42
Nigeria,NGA,2003,6.67
Nigeria,NGA,2004,6.67
Nigeria,NGA,2005,6.67
Nigeria,NGA,2006,6.11
Nigeria,NGA,2007,6.98
Nigeria,NGA,2008,6.98
Nigeria,NGA,2009,6.98
Nigeria,NGA,2010,6.98
Nigeria,NGA,2011,3.69
Nigeria,NGA,2012,3.69
Nigeria,NGA,2013,3.69
Nigeria,NGA,2014,6.67
Nigeria,NGA,2015,5.56
Nigeria,NGA,2016,5.56
Nigeria,NGA,2017,5.56
Nigeria,NGA,2018,5.56
Nigeria,NGA,2019,3.38
Nigeria,NGA,2020,3.61
North Korea,PRK,2000,20.09
North Korea,PRK,2001,20.09
North Korea,PRK,2002,20.09
North Korea,PRK,2003,20.09
North Korea,PRK,2004,20.09
North Korea,PRK,2005,20.09
North Korea,PRK,2006,20.09
North Korea,PRK,2007,20.09
North Korea,PRK,2008,13.67
North Korea,PRK,2009,13.67
North Korea,PRK,2010,15.57
North Korea,PRK,2011,13.67
North Korea,PRK,2012,15.67
North Korea,PRK,2013,18.45
North Korea,PRK,2014,16.3
North Korea,PRK,2015,16.3
North Korea,PRK,2016,16.3
North Korea,PRK,2017,16.3
North Korea,PRK,2018,16.3
North Korea,PRK,2019,17.61
North Korea,PRK,2020,17.61
North Macedonia,MKD,2000,7.5
North Macedonia,MKD,2001,7.5
North Macedonia,MKD,2002,17.5
North Macedonia,MKD,2003,17.5
North Macedonia,MKD,2004,17.5
North Macedonia,MKD,2005,17.5
North Macedonia,MKD,2006,28.33
North Macedonia,MKD,2007,29.17
North Macedonia,MKD,2008,30.0
North Macedonia,MKD,2009,32.5
North Macedonia,MKD,2010,32.5
North Macedonia,MKD,2011,30.89
North Macedonia,MKD,2012,34.15
North Macedonia,MKD,2013,27.64
North Macedonia,MKD,2014,33.33
North Macedonia,MKD,2015,33.33
North Macedonia,MKD,2016,39.17
North Macedonia,MKD,2017,38.3
North Macedonia,MKD,2018,38.33
North Macedonia,MKD,2019,39.17
North Macedonia,MKD,2020,39.17
Norway,NOR,2000,36.36
Norway,NOR,2001,35.8
Norway,NOR,2002,35.8
Norway,NOR,2003,35.8
Norway,NOR,2004,36.36
Norway,NOR,2005,37.87
Norway,NOR,2006,37.87
Norway,NOR,2007,36.09
Norway,NOR,2008,37.87
Norway,NOR,2009,39.64
Norway,NOR,2010,39.64
Norway,NOR,2011,39.64
Norway,NOR,2012,39.64
Norway,NOR,2013,39.64
Norway,NOR,2014,39.64
Norway,NOR,2015,39.64
Norway,NOR,2016,39.64
Norway,NOR,2017,41.42
Norway,NOR,2018,40.83
Norway,NOR,2019,41.42
Norway,NOR,2020,44.38
Oman,OMN,2004,2.41
Oman,OMN,2005,2.41
Oman,OMN,2006,2.41
Oman,OMN,2007,0.0
Oman,OMN,2008,0.0
Oman,OMN,2009,0.0
Oman,OMN,2010,0.0
Oman,OMN,2011,1.19
Oman,OMN,2012,1.19
Oman,OMN,2013,1.19
Oman,OMN,2014,1.19
Oman,OMN,2015,1.18
Oman,OMN,2016,1.18
Oman,OMN,2017,1.18
Oman,OMN,2018,1.18
Oman,OMN,2019,2.33
Oman,OMN,2020,2.33
Pakistan,PAK,2002,21.64
Pakistan,PAK,2003,21.64
Pakistan,PAK,2004,21.64
Pakistan,PAK,2005,21.64
Pakistan,PAK,2006,21.64
Pakistan,PAK,2007,21.05
Pakistan,PAK,2008,22.35
Pakistan,PAK,2009,22.35
Pakistan,PAK,2010,22.22
Pakistan,PAK,2011,22.35
Pakistan,PAK,2012,22.35
Pakistan,PAK,2013,20.74
Pakistan,PAK,2014,20.74
Pakistan,PAK,2015,20.59
Pakistan,PAK,2016,20.59
Pakistan,PAK,2017,20.59
Pakistan,PAK,2018,20.23
Pakistan,PAK,2019,20.23
Pakistan,PAK,2020,20.18
Panama,PAN,2000,9.72
Panama,PAN,2001,9.72
Panama,PAN,2002,9.72
Panama,PAN,2003,9.72
Panama,PAN,2004,16.67
Panama,PAN,2005,16.67
Panama,PAN,2006,16.67
Panama,PAN,2007,16.67
Panama,PAN,2008,16.67
Panama,PAN,2009,8.45
Panama,PAN,2010,8.45
Panama,PAN,2011,8.45
Panama,PAN,2012,8.45
Panama,PAN,2013,8.45
Panama,PAN,2014,18.31
Panama,PAN,2015,18.31
Panama,PAN,2016,18.31
Panama,PAN,2017,18.31
Panama,PAN,2018,18.31
Panama,PAN,2019,22.54
Panama,PAN,2020,22.54
Papua New Guinea,PNG,2000,1.83
Papua New Guinea,PNG,2001,1.83
Papua New Guinea,PNG,2002,0.92
Papua New Guinea,PNG,2003,0.92
Papua New Guinea,PNG,2004,0.92
Papua New Guinea,PNG,2005,0.92
Papua New Guinea,PNG,2006,0.92
Papua New Guinea,PNG,2007,0.92
Papua New Guinea,PNG,2008,0.92
Papua New Guinea,PNG,2009,0.92
Papua New Guinea,PNG,2010,0.92
Papua New Guinea,PNG,2011,0.92
Papua New Guinea,PNG,2012,2.7
Papua New Guinea,PNG,2013,2.7
Papua New Guinea,PNG,2014,2.7
Papua New Guinea,PNG,2015,2.7
Papua New Guinea,PNG,2016,2.7
Papua New Guinea,PNG,2017,0.0
Papua New Guinea,PNG,2018,0.0
Papua New Guinea,PNG,2019,0.0
Papua New Guinea,PNG,2020,0.0
Paraguay,PRY,2000,2.5
Paraguay,PRY,2001,2.5
Paraguay,PRY,2002,2.5
Paraguay,PRY,2003,8.8
Paraguay,PRY,2004,10.0
Paraguay,PRY,2005,10.0
Paraguay,PRY,2006,10.0
Paraguay,PRY,2007,10.0
Paraguay,PRY,2008,12.5
Paraguay,PRY,2009,12.5
Paraguay,PRY,2010,12.5
Paraguay,PRY,2011,12.5
Paraguay,PRY,2012,12.5
Paraguay,PRY,2013,12.5
Paraguay,PRY,2014,15.0
Paraguay,PRY,2015,15.0
Paraguay,PRY,2016,13.75
Paraguay,PRY,2017,13.75
Paraguay,PRY,2018,15.0
Paraguay,PRY,2019,16.25
Paraguay,PRY,2020,15.0
Peru,PER,2000,10.0
Peru,PER,2001,18.33
Peru,PER,2002,18.33
Peru,PER,2003,18.33
Peru,PER,2004,18.33
Peru,PER,2005,18.33
Peru,PER,2006,29.17
Peru,PER,2007,29.17
Peru,PER,2008,29.17
Peru,PER,2009,27.5
Peru,PER,2010,27.5
Peru,PER,2011,21.54
Peru,PER,2012,21.54
Peru,PER,2013,21.54
Peru,PER,2014,22.31
Peru,PER,2015,22.31
Peru,PER,2016,27.69
Peru,PER,2017,27.69
Peru,PER,2018,30.0
Peru,PER,2019,30.0
Peru,PER,2020,26.15
Philippines,PHL,2000,11.26
Philippines,PHL,2001,17.76
Philippines,PHL,2002,17.76
Philippines,PHL,2003,17.76
Philippines,PHL,2004,15.68
Philippines,PHL,2005,15.68
Philippines,PHL,2006,15.25
Philippines,PHL,2007,20.42
Philippines,PHL,2008,20.42
Philippines,PHL,2009,20.97
Philippines,PHL,2010,21.4
Philippines,PHL,2011,22.14
Philippines,PHL,2012,22.14
Philippines,PHL,2013,27.34
Philippines,PHL,2014,27.24
Philippines,PHL,2015,27.24
Philippines,PHL,2016,29.45
Philippines,PHL,2017,29.45
Philippines,PHL,2018,29.45
Philippines,PHL,2019,27.96
Philippines,PHL,2020,27.96
Poland,POL,2000,13.04
Poland,POL,2001,20.22
Poland,POL,2002,20.22
Poland,POL,2003,20.22
Poland,POL,2004,20.22
Poland,POL,2005,20.43
Poland,POL,2006,20.43
Poland,POL,2007,20.43
Poland,POL,2008,20.22
Poland,POL,2009,20.43
Poland,POL,2010,20.0
Poland,POL,2011,23.91
Poland,POL,2012,23.91
Poland,POL,2013,23.91
Poland,POL,2014,24.13
Poland,POL,2015,27.39
Poland,POL,2016,28.04
Poland,POL,2017,28.04
Poland,POL,2018,29.13
Poland,POL,2019,28.7
Poland,POL,2020,28.7
Portugal,PRT,2000,18.7
Portugal,PRT,2001,18.7
Portugal,PRT,2002,19.13
Portugal,PRT,2003,19.13
Portugal,PRT,2004,19.13
Portugal,PRT,2005,21.3
Portugal,PRT,2006,21.3
Portugal,PRT,2007,28.26
Portugal,PRT,2008,27.83
Portugal,PRT,2009,27.83
Portugal,PRT,2010,27.39
Portugal,PRT,2011,28.7
Portugal,PRT,2012,28.7
Portugal,PRT,2013,28.7
Portugal,PRT,2014,31.3
Portugal,PRT,2015,35.65
Portugal,PRT,2016,35.65
Portugal,PRT,2017,35.65
Portugal,PRT,2018,35.65
Portugal,PRT,2019,38.7
Portugal,PRT,2020,40.0
Qatar,QAT,2006,0.0
Qatar,QAT,2007,0.0
Qatar,QAT,2008,0.0
Qatar,QAT,2009,0.0
Qatar,QAT,2010,0.0
Qatar,QAT,2011,0.0
Qatar,QAT,2012,0.0
Qatar,QAT,2013,0.0
Qatar,QAT,2014,0.0
Qatar,QAT,2015,0.0
Qatar,QAT,2016,0.0
Qatar,QAT,2017,9.75
Qatar,QAT,2018,9.76
Qatar,QAT,2019,9.76
Qatar,QAT,2020,9.76
Romania,ROU,2000,10.72
Romania,ROU,2001,10.72
Romania,ROU,2002,10.72
Romania,ROU,2003,10.72
Romania,ROU,2004,11.45
Romania,ROU,2005,11.45
Romania,ROU,2006,11.18
Romania,ROU,2007,11.45
Romania,ROU,2008,11.38
Romania,ROU,2009,11.38
Romania,ROU,2010,11.38
Romania,ROU,2011,11.38
Romania,ROU,2012,13.35
Romania,ROU,2013,13.35
Romania,ROU,2014,13.72
Romania,ROU,2015,13.72
Romania,ROU,2016,20.67
Romania,ROU,2017,20.67
Romania,ROU,2018,20.67
Romania,ROU,2019,21.88
Romania,ROU,2020,18.54
Russia,RUS,2000,7.56
Russia,RUS,2001,7.56
Russia,RUS,2002,10.22
Russia,RUS,2003,10.22
Russia,RUS,2004,10.22
Russia,RUS,2005,10.22
Russia,RUS,2006,14.0
Russia,RUS,2007,14.0
Russia,RUS,2008,14.0
Russia,RUS,2009,14.0
Russia,RUS,2010,14.0
Russia,RUS,2011,13.56
Russia,RUS,2012,13.56
Russia,RUS,2013,13.56
Russia,RUS,2014,13.56
Russia,RUS,2015,13.56
Russia,RUS,2016,15.78
Russia,RUS,2017,15.78
Russia,RUS,2018,15.78
Russia,RUS,2019,15.78
Russia,RUS,2020,15.78
Rwanda,RWA,2000,25.7
Rwanda,RWA,2001,25.7
Rwanda,RWA,2002,25.7
Rwanda,RWA,2003,48.75
Rwanda,RWA,2004,48.75
Rwanda,RWA,2005,48.75
Rwanda,RWA,2006,48.75
Rwanda,RWA,2007,48.75
Rwanda,RWA,2008,56.25
Rwanda,RWA,2009,56.25
Rwanda,RWA,2010,56.25
Rwanda,RWA,2011,56.25
Rwanda,RWA,2012,56.25
Rwanda,RWA,2013,63.75
Rwanda,RWA,2014,63.75
Rwanda,RWA,2015,63.75
Rwanda,RWA,2016,61.25
Rwanda,RWA,2017,61.25
Rwanda,RWA,2018,61.25
Rwanda,RWA,2019,61.25
Rwanda,RWA,2020,61.25
Sao Tome and Principe,STP,2000,9.09
Sao Tome and Principe,STP,2001,9.09
Sao Tome and Principe,STP,2002,9.09
Sao Tome and Principe,STP,2003,9.09
Sao Tome and Principe,STP,2004,9.09
Sao Tome and Principe,STP,2005,9.09
Sao Tome and Principe,STP,2006,7.27
Sao Tome and Principe,STP,2007,1.82
Sao Tome and Principe,STP,2008,7.27
Sao Tome and Principe,STP,2009,7.27
Sao Tome and Principe,STP,2010,18.18
Sao Tome and Principe,STP,2011,18.18
Sao Tome and Principe,STP,2012,18.18
Sao Tome and Principe,STP,2013,18.18
Sao Tome and Principe,STP,2014,18.18
Sao Tome and Principe,STP,2015,18.18
Sao Tome and Principe,STP,2016,18.18
Sao Tome and Principe,STP,2017,18.18
Sao Tome and Principe,STP,2018,14.55
Sao Tome and Principe,STP,2019,14.55
Sao Tome and Principe,STP,2020,23.64
Saudi Arabia,SAU,2003,0.0
Saudi Arabia,SAU,2004,0.0
Saudi Arabia,SAU,2005,0.0
Saudi Arabia,SAU,2006,0.0
Saudi Arabia,SAU,2007,0.0
Saudi Arabia,SAU,2008,0.0
Saudi Arabia,SAU,2009,0.0
Saudi Arabia,SAU,2010,0.0
Saudi Arabia,SAU,2011,0.0
Saudi Arabia,SAU,2012,0.0
Saudi Arabia,SAU,2013,19.87
Saudi Arabia,SAU,2014,19.87
Saudi Arabia,SAU,2015,19.87
Saudi Arabia,SAU,2016,19.87
Saudi Arabia,SAU,2017,19.87
Saudi Arabia,SAU,2018,19.87
Saudi Arabia,SAU,2019,19.87
Saudi Arabia,SAU,2020,19.87
Senegal,SEN,2000,12.14
Senegal,SEN,2001,19.17
Senegal,SEN,2002,19.17
Senegal,SEN,2003,19.17
Senegal,SEN,2004,19.17
Senegal,SEN,2005,19.17
Senegal,SEN,2006,19.17
Senegal,SEN,2007,22.0
Senegal,SEN,2008,22.0
Senegal,SEN,2009,22.0
Senegal,SEN,2010,22.67
Senegal,SEN,2011,22.67
Senegal,SEN,2012,42.67
Senegal,SEN,2013,42.67
Senegal,SEN,2014,42.67
Senegal,SEN,2015,42.67
Senegal,SEN,2016,42.67
Senegal,SEN,2017,41.82
Senegal,SEN,2018,41.82
Senegal,SEN,2019,43.03
Senegal,SEN,2020,43.03
Serbia,SRB,2000,7.25
Serbia,SRB,2001,7.25
Serbia,SRB,2002,7.25
Serbia,SRB,2003,7.94
Serbia,SRB,2004,7.94
Serbia,SRB,2005,7.94
Serbia,SRB,2006,7.94
Serbia,SRB,2007,20.4
Serbia,SRB,2008,21.6
Serbia,SRB,2009,21.6
Serbia,SRB,2010,21.6
Serbia,SRB,2011,21.6
Serbia,SRB,2012,32.4
Serbia,SRB,2013,32.4
Serbia,SRB,2014,34.0
Serbia,SRB,2015,34.0
Serbia,SRB,2016,34.0
Serbia,SRB,2017,34.0
Serbia,SRB,2018,37.65
Serbia,SRB,2019,37.65
Serbia,SRB,2020,39.2
Seychelles,SYC,2000,23.53
Seychelles,SYC,2001,23.53
Seychelles,SYC,2002,29.41
Seychelles,SYC,2003,29.41
Seychelles,SYC,2004,29.41
Seychelles,SYC,2005,29.41
Seychelles,SYC,2006,29.41
Seychelles,SYC,2007,23.53
Seychelles,SYC,2008,23.53
Seychelles,SYC,2009,23.53
Seychelles,SYC,2010,23.53
Seychelles,SYC,2011,43.75
Seychelles,SYC,2012,41.18
Seychelles,SYC,2013,41.18
Seychelles,SYC,2014,43.75
Seychelles,SYC,2015,43.75
Seychelles,SYC,2016,21.21
Seychelles,SYC,2017,21.21
Seychelles,SYC,2018,21.21
Seychelles,SYC,2019,21.21
Seychelles,SYC,2020,22.86
Sierra Leone,SLE,2002,14.52
Sierra Leone,SLE,2003,14.52
Sierra Leone,SLE,2004,14.52
Sierra Leone,SLE,2005,14.52
Sierra Leone,SLE,2006,14.52
Sierra Leone,SLE,2007,12.9
Sierra Leone,SLE,2008,12.9
Sierra Leone,SLE,2009,12.9
Sierra Leone,SLE,2010,12.9
Sierra Leone,SLE,2011,12.9
Sierra Leone,SLE,2012,12.4
Sierra Leone,SLE,2013,12.4
Sierra Leone,SLE,2014,12.4
Sierra Leone,SLE,2015,12.4
Sierra Leone,SLE,2016,12.4
Sierra Leone,SLE,2017,12.4
Sierra Leone,SLE,2018,12.33
Sierra Leone,SLE,2019,12.33
Sierra Leone,SLE,2020,12.33
Singapore,SGP,2000,4.3
Singapore,SGP,2001,16.0
Singapore,SGP,2002,16.0
Singapore,SGP,2003,16.0
Singapore,SGP,2004,16.0
Singapore,SGP,2005,16.0
Singapore,SGP,2006,21.18
Singapore,SGP,2007,24.47
Singapore,SGP,2008,24.47
Singapore,SGP,2009,24.47
Singapore,SGP,2010,23.4
Singapore,SGP,2011,22.22
Singapore,SGP,2012,22.22
Singapore,SGP,2013,22.22
Singapore,SGP,2014,25.25
Singapore,SGP,2015,23.91
Singapore,SGP,2016,23.76
Singapore,SGP,2017,23.0
Singapore,SGP,2018,23.0
Singapore,SGP,2019,23.0
Singapore,SGP,2020,29.47
Slovakia,SVK,2000,12.67
Slovakia,SVK,2001,12.67
Slovakia,SVK,2002,17.3
Slovakia,SVK,2003,17.3
Slovakia,SVK,2004,16.7
Slovakia,SVK,2005,16.7
Slovakia,SVK,2006,20.0
Slovakia,SVK,2007,19.33
Slovakia,SVK,2008,20.0
Slovakia,SVK,2009,20.0
Slovakia,SVK,2010,15.33
Slovakia,SVK,2011,15.33
Slovakia,SVK,2012,18.67
Slovakia,SVK,2013,18.7
Slovakia,SVK,2014,18.67
Slovakia,SVK,2015,18.67
Slovakia,SVK,2016,20.0
Slovakia,SVK,2017,20.0
Slovakia,SVK,2018,20.0
Slovakia,SVK,2019,20.0
Slovakia,SVK,2020,22.67
Slovenia,SVN,2000,12.2
Slovenia,SVN,2001,12.22
Slovenia,SVN,2002,12.22
Slovenia,SVN,2003,12.22
Slovenia,SVN,2004,12.22
Slovenia,SVN,2005,12.22
Slovenia,SVN,2006,12.22
Slovenia,SVN,2007,12.22
Slovenia,SVN,2008,13.33
Slovenia,SVN,2009,13.33
Slovenia,SVN,2010,14.44
Slovenia,SVN,2011,32.22
Slovenia,SVN,2012,32.22
Slovenia,SVN,2013,32.22
Slovenia,SVN,2014,36.67
Slovenia,SVN,2015,36.67
Slovenia,SVN,2016,36.67
Slovenia,SVN,2017,36.67
Slovenia,SVN,2018,24.44
Slovenia,SVN,2019,27.78
Slovenia,SVN,2020,26.67
Solomon Islands,SLB,2001,0.0
Solomon Islands,SLB,2002,0.0
Solomon Islands,SLB,2003,0.0
Solomon Islands,SLB,2004,0.0
Solomon Islands,SLB,2006,0.0
Solomon Islands,SLB,2007,0.0
Solomon Islands,SLB,2008,0.0
Solomon Islands,SLB,2009,0.0
Solomon Islands,SLB,2010,0.0
Solomon Islands,SLB,2011,0.0
Solomon Islands,SLB,2012,2.0
Solomon Islands,SLB,2013,0.0
Solomon Islands,SLB,2014,2.0
Solomon Islands,SLB,2015,2.0
Solomon Islands,SLB,2016,2.0
Solomon Islands,SLB,2017,2.0
Solomon Islands,SLB,2018,2.04
Solomon Islands,SLB,2019,6.1
Solomon Islands,SLB,2020,8.0
Somalia,SOM,2004,6.78
Somalia,SOM,2005,6.78
Somalia,SOM,2006,6.78
Somalia,SOM,2007,6.78
Somalia,SOM,2008,6.78
Somalia,SOM,2009,6.78
Somalia,SOM,2010,6.86
Somalia,SOM,2011,6.78
Somalia,SOM,2012,13.82
Somalia,SOM,2013,13.82
Somalia,SOM,2014,13.82
Somalia,SOM,2015,13.82
Somalia,SOM,2016,24.24
Somalia,SOM,2017,24.36
Somalia,SOM,2018,24.36
Somalia,SOM,2019,24.36
Somalia,SOM,2020,24.36
Somaliland,OWID_SML,2000,0.0
Somaliland,OWID_SML,2001,0.0
Somaliland,OWID_SML,2002,0.0
Somaliland,OWID_SML,2003,0.0
Somaliland,OWID_SML,2004,0.0
Somaliland,OWID_SML,2005,0.0
Somaliland,OWID_SML,2006,0.0
Somaliland,OWID_SML,2007,0.0
Somaliland,OWID_SML,2008,0.0
Somaliland,OWID_SML,2009,0.0
Somaliland,OWID_SML,2010,0.0
Somaliland,OWID_SML,2011,0.0
Somaliland,OWID_SML,2012,0.0
Somaliland,OWID_SML,2013,0.0
Somaliland,OWID_SML,2014,0.0
Somaliland,OWID_SML,2015,0.0
Somaliland,OWID_SML,2016,0.0
Somaliland,OWID_SML,2017,0.0
Somaliland,OWID_SML,2018,0.0
Somaliland,OWID_SML,2019,0.0
Somaliland,OWID_SML,2020,0.0
South Africa,ZAF,2000,29.82
South Africa,ZAF,2001,30.0
South Africa,ZAF,2002,30.0
South Africa,ZAF,2003,30.0
South Africa,ZAF,2004,32.75
South Africa,ZAF,2005,32.75
South Africa,ZAF,2006,32.75
South Africa,ZAF,2007,32.75
South Africa,ZAF,2008,32.75
South Africa,ZAF,2009,43.5
South Africa,ZAF,2010,44.5
South Africa,ZAF,2011,43.5
South Africa,ZAF,2012,43.5
South Africa,ZAF,2013,43.5
South Africa,ZAF,2014,40.75
South Africa,ZAF,2015,40.75
South Africa,ZAF,2016,40.75
South Africa,ZAF,2017,42.13
South Africa,ZAF,2018,42.75
South Africa,ZAF,2019,46.3
South Africa,ZAF,2020,46.37
South Korea,KOR,2000,13.04
South Korea,KOR,2001,13.04
South Korea,KOR,2002,13.04
South Korea,KOR,2003,13.04
South Korea,KOR,2004,13.04
South Korea,KOR,2005,13.04
South Korea,KOR,2006,13.04
South Korea,KOR,2007,14.38
South Korea,KOR,2008,13.71
South Korea,KOR,2009,13.71
South Korea,KOR,2010,14.72
South Korea,KOR,2011,13.71
South Korea,KOR,2012,15.67
South Korea,KOR,2013,15.67
South Korea,KOR,2014,16.33
South Korea,KOR,2015,16.33
South Korea,KOR,2016,17.0
South Korea,KOR,2017,17.0
South Korea,KOR,2018,17.11
South Korea,KOR,2019,16.67
South Korea,KOR,2020,19.0
South Sudan,SSD,2000,9.72
South Sudan,SSD,2001,9.72
South Sudan,SSD,2002,9.72
South Sudan,SSD,2003,9.72
South Sudan,SSD,2004,9.72
South Sudan,SSD,2005,14.67
South Sudan,SSD,2006,17.78
South Sudan,SSD,2007,18.1
South Sudan,SSD,2008,18.1
South Sudan,SSD,2009,18.92
South Sudan,SSD,2010,25.56
South Sudan,SSD,2011,26.51
South Sudan,SSD,2012,26.51
South Sudan,SSD,2013,26.51
South Sudan,SSD,2014,26.51
South Sudan,SSD,2015,26.51
South Sudan,SSD,2016,28.46
South Sudan,SSD,2017,28.46
South Sudan,SSD,2018,28.46
South Sudan,SSD,2019,28.46
South Sudan,SSD,2020,28.46
Spain,ESP,2000,28.29
Spain,ESP,2001,28.29
Spain,ESP,2002,28.29
Spain,ESP,2003,28.29
Spain,ESP,2004,36.0
Spain,ESP,2005,36.0
Spain,ESP,2006,36.0
Spain,ESP,2007,36.0
Spain,ESP,2008,36.29
Spain,ESP,2009,36.57
Spain,ESP,2010,36.57
Spain,ESP,2011,36.0
Spain,ESP,2012,36.0
Spain,ESP,2013,36.0
Spain,ESP,2014,41.14
Spain,ESP,2015,40.0
Spain,ESP,2016,39.14
Spain,ESP,2017,39.14
Spain,ESP,2018,41.14
Spain,ESP,2019,44.0
Spain,ESP,2020,44.0
Sri Lanka,LKA,2000,4.0
Sri Lanka,LKA,2001,4.44
Sri Lanka,LKA,2002,4.44
Sri Lanka,LKA,2003,4.44
Sri Lanka,LKA,2004,4.89
Sri Lanka,LKA,2005,4.89
Sri Lanka,LKA,2006,4.89
Sri Lanka,LKA,2007,4.89
Sri Lanka,LKA,2008,4.89
Sri Lanka,LKA,2009,4.89
Sri Lanka,LKA,2010,5.33
Sri Lanka,LKA,2011,5.33
Sri Lanka,LKA,2012,5.33
Sri Lanka,LKA,2013,5.33
Sri Lanka,LKA,2014,5.78
Sri Lanka,LKA,2015,5.78
Sri Lanka,LKA,2016,5.78
Sri Lanka,LKA,2017,5.78
Sri Lanka,LKA,2018,5.33
Sri Lanka,LKA,2019,5.33
Sri Lanka,LKA,2020,5.38
Sudan,SDN,2000,9.72
Sudan,SDN,2001,9.72
Sudan,SDN,2002,9.72
Sudan,SDN,2003,9.72
Sudan,SDN,2004,9.72
Sudan,SDN,2005,14.67
Sudan,SDN,2006,17.78
Sudan,SDN,2007,18.1
Sudan,SDN,2008,18.1
Sudan,SDN,2009,18.92
Sudan,SDN,2010,25.56
Sudan,SDN,2011,25.56
Sudan,SDN,2012,25.56
Sudan,SDN,2013,25.56
Sudan,SDN,2014,24.29
Sudan,SDN,2015,30.52
Sudan,SDN,2016,30.52
Sudan,SDN,2017,30.52
Sudan,SDN,2018,27.65
Sudan,SDN,2019,27.65
Suriname,SUR,2000,17.65
Suriname,SUR,2001,17.65
Suriname,SUR,2002,17.65
Suriname,SUR,2003,17.65
Suriname,SUR,2004,19.61
Suriname,SUR,2005,25.49
Suriname,SUR,2006,25.49
Suriname,SUR,2007,25.49
Suriname,SUR,2008,25.49
Suriname,SUR,2009,25.49
Suriname,SUR,2010,9.8
Suriname,SUR,2011,9.8
Suriname,SUR,2012,9.8
Suriname,SUR,2013,9.8
Suriname,SUR,2014,11.76
Suriname,SUR,2015,25.49
Suriname,SUR,2016,25.49
Suriname,SUR,2017,25.49
Suriname,SUR,2018,29.41
Suriname,SUR,2019,31.37
Suriname,SUR,2020,29.41
Sweden,SWE,2000,42.69
Sweden,SWE,2001,42.69
Sweden,SWE,2002,45.27
Sweden,SWE,2003,45.27
Sweden,SWE,2004,45.27
Sweden,SWE,2005,45.27
Sweden,SWE,2006,47.28
Sweden,SWE,2007,47.28
Sweden,SWE,2008,47.28
Sweden,SWE,2009,46.42
Sweden,SWE,2010,44.99
Sweden,SWE,2011,44.99
Sweden,SWE,2012,44.99
Sweden,SWE,2013,44.99
Sweden,SWE,2014,43.55
Sweden,SWE,2015,43.55
Sweden,SWE,2016,43.55
Sweden,SWE,2017,43.55
Sweden,SWE,2018,47.28
Sweden,SWE,2019,46.99
Sweden,SWE,2020,46.99
Switzerland,CHE,2000,22.5
Switzerland,CHE,2001,22.5
Switzerland,CHE,2002,22.5
Switzerland,CHE,2003,25.0
Switzerland,CHE,2004,25.0
Switzerland,CHE,2005,25.0
Switzerland,CHE,2006,25.0
Switzerland,CHE,2007,29.5
Switzerland,CHE,2008,29.5
Switzerland,CHE,2009,29.0
Switzerland,CHE,2010,29.0
Switzerland,CHE,2011,28.5
Switzerland,CHE,2012,28.5
Switzerland,CHE,2013,28.5
Switzerland,CHE,2014,30.5
Switzerland,CHE,2015,32.5
Switzerland,CHE,2016,32.5
Switzerland,CHE,2017,32.5
Switzerland,CHE,2018,32.5
Switzerland,CHE,2019,41.5
Switzerland,CHE,2020,42.0
Syria,SYR,2000,10.4
Syria,SYR,2001,10.4
Syria,SYR,2002,10.4
Syria,SYR,2003,12.0
Syria,SYR,2004,12.0
Syria,SYR,2005,12.0
Syria,SYR,2006,12.0
Syria,SYR,2007,12.0
Syria,SYR,2008,12.4
Syria,SYR,2009,12.4
Syria,SYR,2010,12.4
Syria,SYR,2011,12.4
Syria,SYR,2012,12.0
Syria,SYR,2013,12.0
Syria,SYR,2014,12.0
Syria,SYR,2015,12.0
Syria,SYR,2016,13.2
Syria,SYR,2017,13.2
Syria,SYR,2018,13.2
Syria,SYR,2019,12.4
Syria,SYR,2020,11.2
Taiwan,TWN,2000,19.11
Taiwan,TWN,2001,19.11
Taiwan,TWN,2002,22.22
Taiwan,TWN,2003,22.22
Taiwan,TWN,2004,22.22
Taiwan,TWN,2005,20.89
Taiwan,TWN,2006,20.89
Taiwan,TWN,2007,20.89
Taiwan,TWN,2008,30.09
Taiwan,TWN,2009,30.09
Taiwan,TWN,2010,30.09
Taiwan,TWN,2011,30.09
Taiwan,TWN,2012,33.63
Taiwan,TWN,2013,33.63
Taiwan,TWN,2014,33.63
Taiwan,TWN,2015,33.63
Taiwan,TWN,2016,38.05
Taiwan,TWN,2017,38.05
Taiwan,TWN,2018,38.05
Taiwan,TWN,2019,38.05
Taiwan,TWN,2020,41.59
Tajikistan,TJK,2000,12.7
Tajikistan,TJK,2001,12.7
Tajikistan,TJK,2002,12.7
Tajikistan,TJK,2003,12.7
Tajikistan,TJK,2004,12.7
Tajikistan,TJK,2005,17.46
Tajikistan,TJK,2006,17.46
Tajikistan,TJK,2007,17.46
Tajikistan,TJK,2008,17.46
Tajikistan,TJK,2009,17.46
Tajikistan,TJK,2010,19.05
Tajikistan,TJK,2011,19.05
Tajikistan,TJK,2012,19.05
Tajikistan,TJK,2013,19.05
Tajikistan,TJK,2014,19.0
Tajikistan,TJK,2015,19.05
Tajikistan,TJK,2016,19.05
Tajikistan,TJK,2017,19.05
Tajikistan,TJK,2018,19.05
Tajikistan,TJK,2019,19.05
Tajikistan,TJK,2020,23.81
Tanzania,TZA,2000,22.18
Tanzania,TZA,2001,22.18
Tanzania,TZA,2002,22.18
Tanzania,TZA,2003,22.18
Tanzania,TZA,2004,22.18
Tanzania,TZA,2005,30.41
Tanzania,TZA,2006,30.41
Tanzania,TZA,2007,30.41
Tanzania,TZA,2008,30.41
Tanzania,TZA,2009,30.41
Tanzania,TZA,2010,36.0
Tanzania,TZA,2011,36.0
Tanzania,TZA,2012,36.0
Tanzania,TZA,2013,36.0
Tanzania,TZA,2014,36.0
Tanzania,TZA,2015,36.56
Tanzania,TZA,2016,36.39
Tanzania,TZA,2017,37.18
Tanzania,TZA,2018,36.9
Tanzania,TZA,2019,36.9
Tanzania,TZA,2020,36.72
Thailand,THA,2000,5.6
Thailand,THA,2001,8.64
Thailand,THA,2002,8.64
Thailand,THA,2003,8.64
Thailand,THA,2004,8.83
Thailand,THA,2005,10.6
Thailand,THA,2006,10.6
Thailand,THA,2007,11.67
Thailand,THA,2008,11.67
Thailand,THA,2009,13.32
Thailand,THA,2010,13.32
Thailand,THA,2011,15.8
Thailand,THA,2012,15.8
Thailand,THA,2014,6.09
Thailand,THA,2015,6.09
Thailand,THA,2016,4.86
Thailand,THA,2017,4.8
Thailand,THA,2018,5.42
Thailand,THA,2019,16.2
Thailand,THA,2020,15.75
Togo,TGO,2000,4.94
Togo,TGO,2001,4.94
Togo,TGO,2002,7.41
Togo,TGO,2003,4.9
Togo,TGO,2004,6.17
Togo,TGO,2005,7.41
Togo,TGO,2006,8.64
Togo,TGO,2007,11.11
Togo,TGO,2008,11.1
Togo,TGO,2009,11.1
Togo,TGO,2010,11.11
Togo,TGO,2011,11.1
Togo,TGO,2012,11.1
Togo,TGO,2013,15.38
Togo,TGO,2014,17.58
Togo,TGO,2015,17.58
Togo,TGO,2016,17.58
Togo,TGO,2017,17.58
Togo,TGO,2018,16.48
Togo,TGO,2019,18.68
Togo,TGO,2020,18.68
Trinidad and Tobago,TTO,2000,11.11
Trinidad and Tobago,TTO,2001,11.11
Trinidad and Tobago,TTO,2002,19.44
Trinidad and Tobago,TTO,2003,19.44
Trinidad and Tobago,TTO,2004,19.44
Trinidad and Tobago,TTO,2005,19.44
Trinidad and Tobago,TTO,2006,19.44
Trinidad and Tobago,TTO,2007,26.83
Trinidad and Tobago,TTO,2008,26.83
Trinidad and Tobago,TTO,2009,26.83
Trinidad and Tobago,TTO,2010,29.27
Trinidad and Tobago,TTO,2011,28.57
Trinidad and Tobago,TTO,2012,28.57
Trinidad and Tobago,TTO,2013,28.57
Trinidad and Tobago,TTO,2014,28.57
Trinidad and Tobago,TTO,2015,30.95
Trinidad and Tobago,TTO,2016,30.95
Trinidad and Tobago,TTO,2017,30.95
Trinidad and Tobago,TTO,2018,30.95
Trinidad and Tobago,TTO,2019,30.95
Trinidad and Tobago,TTO,2020,26.19
Tunisia,TUN,2000,11.54
Tunisia,TUN,2001,11.54
Tunisia,TUN,2002,11.54
Tunisia,TUN,2003,11.54
Tunisia,TUN,2004,22.75
Tunisia,TUN,2005,22.75
Tunisia,TUN,2006,22.75
Tunisia,TUN,2007,22.8
Tunisia,TUN,2008,22.75
Tunisia,TUN,2009,27.57
Tunisia,TUN,2010,27.57
Tunisia,TUN,2011,26.27
Tunisia,TUN,2012,26.27
Tunisia,TUN,2013,28.11
Tunisia,TUN,2014,31.34
Tunisia,TUN,2015,31.34
Tunisia,TUN,2016,31.34
Tunisia,TUN,2017,31.34
Tunisia,TUN,2018,35.94
Tunisia,TUN,2019,24.88
Tunisia,TUN,2020,26.57
Turkey,TUR,2000,4.18
Turkey,TUR,2001,4.18
Turkey,TUR,2002,4.36
Turkey,TUR,2003,4.36
Turkey,TUR,2004,4.36
Turkey,TUR,2005,4.36
Turkey,TUR,2006,4.36
Turkey,TUR,2007,9.09
Turkey,TUR,2008,9.09
Turkey,TUR,2009,9.09
Turkey,TUR,2010,9.09
Turkey,TUR,2011,14.18
Turkey,TUR,2012,14.18
Turkey,TUR,2013,14.18
Turkey,TUR,2014,14.42
Turkey,TUR,2015,14.91
Turkey,TUR,2016,14.91
Turkey,TUR,2017,14.57
Turkey,TUR,2018,17.45
Turkey,TUR,2019,17.32
Turkey,TUR,2020,17.33
Turkmenistan,TKM,2000,26.0
Turkmenistan,TKM,2001,26.0
Turkmenistan,TKM,2002,26.0
Turkmenistan,TKM,2003,26.0
Turkmenistan,TKM,2004,15.38
Turkmenistan,TKM,2005,15.38
Turkmenistan,TKM,2006,15.38
Turkmenistan,TKM,2007,15.38
Turkmenistan,TKM,2008,16.8
Turkmenistan,TKM,2009,16.8
Turkmenistan,TKM,2010,16.8
Turkmenistan,TKM,2011,16.8
Turkmenistan,TKM,2012,16.8
Turkmenistan,TKM,2013,26.4
Turkmenistan,TKM,2014,25.81
Turkmenistan,TKM,2015,25.81
Turkmenistan,TKM,2016,25.81
Turkmenistan,TKM,2017,25.81
Turkmenistan,TKM,2018,25.0
Turkmenistan,TKM,2019,25.0
Turkmenistan,TKM,2020,25.0
Uganda,UGA,2000,17.79
Uganda,UGA,2001,24.67
Uganda,UGA,2002,24.67
Uganda,UGA,2003,24.67
Uganda,UGA,2004,24.67
Uganda,UGA,2005,24.67
Uganda,UGA,2006,27.64
Uganda,UGA,2007,31.68
Uganda,UGA,2008,30.75
Uganda,UGA,2009,30.75
Uganda,UGA,2010,31.48
Uganda,UGA,2011,34.97
Uganda,UGA,2012,34.93
Uganda,UGA,2013,34.93
Uganda,UGA,2014,34.97
Uganda,UGA,2015,34.97
Uganda,UGA,2016,34.3
Uganda,UGA,2017,34.3
Uganda,UGA,2018,34.86
Uganda,UGA,2019,34.86
Uganda,UGA,2020,34.86
Ukraine,UKR,2000,7.8
Ukraine,UKR,2001,7.8
Ukraine,UKR,2002,5.33
Ukraine,UKR,2003,5.33
Ukraine,UKR,2004,5.33
Ukraine,UKR,2005,5.33
Ukraine,UKR,2006,8.7
Ukraine,UKR,2007,8.22
Ukraine,UKR,2008,8.44
Ukraine,UKR,2009,8.0
Ukraine,UKR,2010,8.0
Ukraine,UKR,2011,8.0
Ukraine,UKR,2012,9.44
Ukraine,UKR,2013,9.73
Ukraine,UKR,2014,11.85
Ukraine,UKR,2015,12.09
Ukraine,UKR,2016,12.29
Ukraine,UKR,2017,12.29
Ukraine,UKR,2018,11.58
Ukraine,UKR,2019,20.8
Ukraine,UKR,2020,20.8
United Arab Emirates,ARE,2000,0.0
United Arab Emirates,ARE,2001,0.0
United Arab Emirates,ARE,2002,0.0
United Arab Emirates,ARE,2003,0.0
United Arab Emirates,ARE,2004,0.0
United Arab Emirates,ARE,2005,0.0
United Arab Emirates,ARE,2006,5.0
United Arab Emirates,ARE,2007,22.5
United Arab Emirates,ARE,2008,22.5
United Arab Emirates,ARE,2009,22.5
United Arab Emirates,ARE,2010,22.5
United Arab Emirates,ARE,2011,17.5
United Arab Emirates,ARE,2012,17.5
United Arab Emirates,ARE,2013,17.5
United Arab Emirates,ARE,2014,17.5
United Arab Emirates,ARE,2015,22.5
United Arab Emirates,ARE,2016,22.5
United Arab Emirates,ARE,2017,22.5
United Arab Emirates,ARE,2018,22.5
United Arab Emirates,ARE,2019,50.0
United Arab Emirates,ARE,2020,50.0
United Kingdom,GBR,2000,18.21
United Kingdom,GBR,2001,17.91
United Kingdom,GBR,2002,17.91
United Kingdom,GBR,2003,17.91
United Kingdom,GBR,2004,17.81
United Kingdom,GBR,2005,19.81
United Kingdom,GBR,2006,19.81
United Kingdom,GBR,2007,19.81
United Kingdom,GBR,2008,19.81
United Kingdom,GBR,2009,19.81
United Kingdom,GBR,2010,22.0
United Kingdom,GBR,2011,22.92
United Kingdom,GBR,2012,22.92
United Kingdom,GBR,2013,22.0
United Kingdom,GBR,2014,22.77
United Kingdom,GBR,2015,29.38
United Kingdom,GBR,2016,30.0
United Kingdom,GBR,2017,32.0
United Kingdom,GBR,2018,32.0
United Kingdom,GBR,2019,33.8
United Kingdom,GBR,2020,33.85
United States,USA,2000,14.02
United States,USA,2001,14.02
United States,USA,2002,14.25
United States,USA,2003,14.25
United States,USA,2004,14.94
United States,USA,2005,14.94
United States,USA,2006,16.32
United States,USA,2007,16.32
United States,USA,2008,17.01
United States,USA,2009,16.78
United States,USA,2010,16.78
United States,USA,2011,16.78
United States,USA,2012,17.97
United States,USA,2013,18.29
United States,USA,2014,19.31
United States,USA,2015,19.35
United States,USA,2016,19.08
United States,USA,2017,19.44
United States,USA,2018,23.5
United States,USA,2019,23.43
United States,USA,2020,27.25
Uruguay,URY,2000,12.12
Uruguay,URY,2001,12.12
Uruguay,URY,2002,12.12
Uruguay,URY,2003,12.12
Uruguay,URY,2004,12.12
Uruguay,URY,2005,12.12
Uruguay,URY,2006,12.12
Uruguay,URY,2007,12.12
Uruguay,URY,2008,12.12
Uruguay,URY,2009,14.14
Uruguay,URY,2010,15.15
Uruguay,URY,2011,14.14
Uruguay,URY,2012,14.14
Uruguay,URY,2013,14.14
Uruguay,URY,2014,22.22
Uruguay,URY,2015,22.22
Uruguay,URY,2016,20.2
Uruguay,URY,2017,20.2
Uruguay,URY,2018,22.22
Uruguay,URY,2019,21.21
Uruguay,URY,2020,24.24
Uzbekistan,UZB,2000,7.2
Uzbekistan,UZB,2001,7.2
Uzbekistan,UZB,2002,7.2
Uzbekistan,UZB,2003,7.2
Uzbekistan,UZB,2004,17.5
Uzbekistan,UZB,2005,17.5
Uzbekistan,UZB,2006,17.5
Uzbekistan,UZB,2007,17.5
Uzbekistan,UZB,2008,17.5
Uzbekistan,UZB,2009,22.0
Uzbekistan,UZB,2010,22.0
Uzbekistan,UZB,2011,22.0
Uzbekistan,UZB,2012,22.0
Uzbekistan,UZB,2013,22.0
Uzbekistan,UZB,2014,16.0
Uzbekistan,UZB,2015,16.0
Uzbekistan,UZB,2016,16.0
Uzbekistan,UZB,2017,16.0
Uzbekistan,UZB,2018,16.0
Uzbekistan,UZB,2019,32.0
Uzbekistan,UZB,2020,32.65
Vanuatu,VUT,2000,0.0
Vanuatu,VUT,2001,0.0
Vanuatu,VUT,2002,1.92
Vanuatu,VUT,2003,1.92
Vanuatu,VUT,2004,3.85
Vanuatu,VUT,2005,3.85
Vanuatu,VUT,2006,3.85
Vanuatu,VUT,2007,3.85
Vanuatu,VUT,2008,3.85
Vanuatu,VUT,2009,3.85
Vanuatu,VUT,2010,3.85
Vanuatu,VUT,2011,3.85
Vanuatu,VUT,2012,0.0
Vanuatu,VUT,2013,0.0
Vanuatu,VUT,2014,0.0
Vanuatu,VUT,2015,0.0
Vanuatu,VUT,2016,0.0
Vanuatu,VUT,2017,0.0
Vanuatu,VUT,2018,0.0
Vanuatu,VUT,2019,0.0
Vanuatu,VUT,2020,0.0
Venezuela,VEN,2000,9.7
Venezuela,VEN,2001,9.7
Venezuela,VEN,2002,9.7
Venezuela,VEN,2003,9.7
Venezuela,VEN,2004,9.7
Venezuela,VEN,2005,17.37
Venezuela,VEN,2006,17.96
Venezuela,VEN,2007,18.56
Venezuela,VEN,2008,17.37
Venezuela,VEN,2009,17.47
Venezuela,VEN,2010,16.97
Venezuela,VEN,2011,16.97
Venezuela,VEN,2012,16.97
Venezuela,VEN,2013,16.97
Venezuela,VEN,2014,16.97
Venezuela,VEN,2015,14.37
Venezuela,VEN,2016,22.16
Venezuela,VEN,2017,22.16
Venezuela,VEN,2018,22.16
Venezuela,VEN,2019,22.16
Venezuela,VEN,2020,22.16
Vietnam,VNM,2000,26.22
Vietnam,VNM,2001,26.22
Vietnam,VNM,2002,27.31
Vietnam,VNM,2003,27.31
Vietnam,VNM,2004,27.31
Vietnam,VNM,2005,27.31
Vietnam,VNM,2006,27.31
Vietnam,VNM,2007,25.76
Vietnam,VNM,2008,25.76
Vietnam,VNM,2009,25.76
Vietnam,VNM,2010,25.76
Vietnam,VNM,2011,24.4
Vietnam,VNM,2012,24.4
Vietnam,VNM,2013,24.4
Vietnam,VNM,2014,24.3
Vietnam,VNM,2015,24.3
Vietnam,VNM,2016,26.72
Vietnam,VNM,2017,26.72
Vietnam,VNM,2018,26.72
Vietnam,VNM,2019,26.72
Vietnam,VNM,2020,26.72
World,OWID_WRL,2000,12.099125
World,OWID_WRL,2001,12.514418
World,OWID_WRL,2002,13.434756
World,OWID_WRL,2003,13.961585
World,OWID_WRL,2004,14.61125
World,OWID_WRL,2005,15.670179
World,OWID_WRL,2006,15.996316
World,OWID_WRL,2007,17.072924
World,OWID_WRL,2008,17.368765
World,OWID_WRL,2009,18.085976
World,OWID_WRL,2010,18.475906
World,OWID_WRL,2011,18.870995
World,OWID_WRL,2012,19.656647
World,OWID_WRL,2013,20.612648
World,OWID_WRL,2014,21.211723
World,OWID_WRL,2015,21.503656
World,OWID_WRL,2016,22.1772
World,OWID_WRL,2017,22.414772
World,OWID_WRL,2018,23.041704
World,OWID_WRL,2019,23.904829
World,OWID_WRL,2020,24.7308
Yemen,YEM,2000,0.66
Yemen,YEM,2001,0.66
Yemen,YEM,2002,0.66
Yemen,YEM,2003,0.33
Yemen,YEM,2004,0.33
Yemen,YEM,2005,0.33
Yemen,YEM,2006,0.33
Yemen,YEM,2007,0.33
Yemen,YEM,2008,0.33
Yemen,YEM,2009,0.33
Yemen,YEM,2010,0.33
Yemen,YEM,2011,0.33
Yemen,YEM,2012,0.33
Yemen,YEM,2013,0.33
Yemen,YEM,2014,0.33
Yemen,YEM,2015,0.0
Yemen,YEM,2016,0.0
Yemen,YEM,2017,0.0
Yemen,YEM,2018,0.0
Yemen,YEM,2019,0.33
Yemen,YEM,2020,0.33
Zambia,ZMB,2000,10.13
Zambia,ZMB,2001,12.03
Zambia,ZMB,2002,12.03
Zambia,ZMB,2003,12.03
Zambia,ZMB,2004,12.03
Zambia,ZMB,2005,12.03
Zambia,ZMB,2006,14.65
Zambia,ZMB,2007,15.19
Zambia,ZMB,2008,14.56
Zambia,ZMB,2009,14.01
Zambia,ZMB,2010,14.01
Zambia,ZMB,2011,10.97
Zambia,ZMB,2012,10.76
Zambia,ZMB,2013,10.76
Zambia,ZMB,2014,12.66
Zambia,ZMB,2015,12.66
Zambia,ZMB,2016,17.96
Zambia,ZMB,2017,17.96
Zambia,ZMB,2018,17.96
Zambia,ZMB,2019,16.77
Zambia,ZMB,2020,16.77
Zanzibar,OWID_ZAN,2010,24.4
Zanzibar,OWID_ZAN,2011,24.4
Zanzibar,OWID_ZAN,2012,24.4
Zanzibar,OWID_ZAN,2013,24.4
Zanzibar,OWID_ZAN,2014,24.4
Zanzibar,OWID_ZAN,2015,24.4
Zanzibar,OWID_ZAN,2016,36.36
Zanzibar,OWID_ZAN,2017,36.36
Zanzibar,OWID_ZAN,2018,36.36
Zanzibar,OWID_ZAN,2019,36.36
Zanzibar,OWID_ZAN,2020,36.36
Zimbabwe,ZWE,2000,9.33
Zimbabwe,ZWE,2001,10.0
Zimbabwe,ZWE,2002,10.0
Zimbabwe,ZWE,2003,10.0
Zimbabwe,ZWE,2004,10.0
Zimbabwe,ZWE,2005,16.67
Zimbabwe,ZWE,2006,16.67
Zimbabwe,ZWE,2007,16.0
Zimbabwe,ZWE,2008,15.24
Zimbabwe,ZWE,2009,14.95
Zimbabwe,ZWE,2010,14.95
Zimbabwe,ZWE,2011,13.33
Zimbabwe,ZWE,2012,13.33
Zimbabwe,ZWE,2013,31.48
Zimbabwe,ZWE,2014,31.48
Zimbabwe,ZWE,2015,31.48
Zimbabwe,ZWE,2016,32.59
Zimbabwe,ZWE,2017,32.58
Zimbabwe,ZWE,2018,31.85
Zimbabwe,ZWE,2019,31.85
Zimbabwe,ZWE,2020,31.85
