Entity,Code,Year,Historical and more recent expenditure estimates
Afghanistan,AFG,2006,4.6847606
Afghanistan,AFG,2007,4.1748953
Afghanistan,AFG,2008,4.383672
Afghanistan,AFG,2009,4.81064
Afghanistan,AFG,2010,3.47945
Afghanistan,AFG,2011,3.46201
Afghanistan,AFG,2012,2.6042
Afghanistan,AFG,2013,3.45446
Afghanistan,AFG,2014,3.69522
Afghanistan,AFG,2015,3.2558
Afghanistan,AFG,2016,4.54397
Afghanistan,AFG,2017,4.34319
Albania,ALB,2000,3.43017
Albania,ALB,2001,3.4587
Albania,ALB,2002,3.1178
Albania,ALB,2003,3.13823
Albania,ALB,2004,3.22752
Albania,ALB,2005,3.28155
Albania,ALB,2006,3.19146
Albania,ALB,2007,3.27593
Albania,ALB,2008,3.509226
Albania,ALB,2010,3.413075
Albania,ALB,2011,3.2400084
Albania,ALB,2012,3.309061
Albania,ALB,2013,3.5393
Albania,ALB,2014,3.216967
Albania,ALB,2015,3.43797
Albania,ALB,2016,3.96209
Albania,ALB,2017,3.61172
Albania,ALB,2018,3.1529448
Albania,ALB,2019,3.91624
Albania,ALB,2020,3.3423
Algeria,DZA,2008,4.33702
Algeria,DZA,2012,7.637597
Algeria,DZA,2013,7.2922964
Algeria,DZA,2014,7.318701
Algeria,DZA,2015,7.9629674
Algeria,DZA,2016,7.3443427
Algeria,DZA,2017,6.4018383
Algeria,DZA,2018,6.324539
Algeria,DZA,2019,6.0369067
Algeria,DZA,2020,7.0423975
American Samoa,ASM,2006,14.71705
Andorra,AND,2002,1.65971
Andorra,AND,2004,1.54412
Andorra,AND,2005,1.64497
Andorra,AND,2006,2.2449
Andorra,AND,2007,2.10469
Andorra,AND,2008,2.87393
Andorra,AND,2009,3.14292
Andorra,AND,2010,2.97663
Andorra,AND,2011,2.98706
Andorra,AND,2012,2.565779
Andorra,AND,2013,2.50616
Andorra,AND,2014,3.07421
Andorra,AND,2015,3.28035
Andorra,AND,2016,3.23707
Andorra,AND,2017,3.21709
Andorra,AND,2018,3.24672
Andorra,AND,2019,3.15061
Andorra,AND,2020,2.8561628
Angola,AGO,2000,2.60753
Angola,AGO,2005,2.12011
Angola,AGO,2006,2.28146
Angola,AGO,2009,2.92
Angola,AGO,2010,3.42132
Angola,AGO,2011,3.24
Angola,AGO,2012,3.0819108
Angola,AGO,2013,3.87
Angola,AGO,2014,2.93
Angola,AGO,2015,3.1
Angola,AGO,2016,2.7549367
Angola,AGO,2017,2.466879
Angola,AGO,2018,2.0447013
Angola,AGO,2019,2.0730643
Angola,AGO,2020,2.7449965
Antigua and Barbuda,ATG,2002,3.39525
Antigua and Barbuda,ATG,2009,2.50889
Antigua and Barbuda,ATG,2012,2.3561933
Antigua and Barbuda,ATG,2013,2.64729
Antigua and Barbuda,ATG,2014,2.5538633
Antigua and Barbuda,ATG,2015,2.6559286
Antigua and Barbuda,ATG,2016,2.9094594
Antigua and Barbuda,ATG,2017,2.876909
Antigua and Barbuda,ATG,2018,3.239021
Antigua and Barbuda,ATG,2019,3.457345
Argentina,ARG,2000,4.58031
Argentina,ARG,2001,4.83374
Argentina,ARG,2002,4.01734
Argentina,ARG,2003,3.53505
Argentina,ARG,2004,3.48652
Argentina,ARG,2005,3.86001
Argentina,ARG,2006,4.12821
Argentina,ARG,2007,4.4626
Argentina,ARG,2008,4.84441
Argentina,ARG,2009,5.53105
Argentina,ARG,2010,5.01971
Argentina,ARG,2011,5.29063
Argentina,ARG,2012,5.34583
Argentina,ARG,2013,5.43661
Argentina,ARG,2014,5.36144
Argentina,ARG,2015,5.77611
Argentina,ARG,2016,5.54549
Argentina,ARG,2017,5.45432
Argentina,ARG,2018,4.87774
Argentina,ARG,2019,4.7776
Argentina,ARG,2020,5.27964
Armenia,ARM,2000,2.77273
Armenia,ARM,2001,2.46944
Armenia,ARM,2002,2.13504
Armenia,ARM,2003,2.14504
Armenia,ARM,2004,2.48673
Armenia,ARM,2005,2.71203
Armenia,ARM,2006,2.71577
Armenia,ARM,2007,3.01894
Armenia,ARM,2008,3.17273
Armenia,ARM,2009,3.84079
Armenia,ARM,2010,3.249
Armenia,ARM,2011,3.14385
Armenia,ARM,2012,2.77248
Armenia,ARM,2013,2.65018
Armenia,ARM,2014,2.24724
Armenia,ARM,2015,2.80591
Armenia,ARM,2016,2.75812
Armenia,ARM,2017,2.70759
Armenia,ARM,2018,2.255868
Armenia,ARM,2019,2.5719123
Armenia,ARM,2020,2.70556
Aruba,ABW,2000,4.71536
Aruba,ABW,2001,4.7985
Aruba,ABW,2002,4.87178
Aruba,ABW,2004,4.35714
Aruba,ABW,2005,4.62369
Aruba,ABW,2007,4.70253
Aruba,ABW,2008,4.82732
Aruba,ABW,2009,5.79777
Aruba,ABW,2010,6.75099
Aruba,ABW,2011,5.91438
Aruba,ABW,2012,6.34759
Aruba,ABW,2013,6.44277
Aruba,ABW,2014,5.85084
Aruba,ABW,2015,5.88783
Aruba,ABW,2016,5.49106
Australia,AUS,2000,4.88408
Australia,AUS,2001,5.2261386
Australia,AUS,2002,5.307855
Australia,AUS,2003,5.2463574
Australia,AUS,2004,5.1945944
Australia,AUS,2005,4.89674
Australia,AUS,2006,4.73843
Australia,AUS,2007,4.65365
Australia,AUS,2008,4.63052
Australia,AUS,2009,5.08132
Australia,AUS,2010,5.53812
Australia,AUS,2011,5.06814
Australia,AUS,2012,4.86667
Australia,AUS,2013,5.22909
Australia,AUS,2014,5.16455
Australia,AUS,2015,5.31552
Australia,AUS,2016,5.28689
Australia,AUS,2017,5.13823
Australia,AUS,2018,5.12431
Australia,AUS,2019,5.13429
Australia,AUS,2020,5.60845
Austria,AUT,2000,5.58881
Austria,AUT,2001,5.57548
Austria,AUT,2002,5.52213
Austria,AUT,2003,5.36183
Austria,AUT,2004,5.30243
Austria,AUT,2005,5.24937
Austria,AUT,2006,5.22652
Austria,AUT,2007,5.1469
Austria,AUT,2008,5.26396
Austria,AUT,2009,5.73025
Austria,AUT,2010,5.70048
Austria,AUT,2011,5.59227
Austria,AUT,2012,5.4804
Austria,AUT,2013,5.54711
Austria,AUT,2014,5.44762
Austria,AUT,2015,5.45658
Austria,AUT,2016,5.47962
Austria,AUT,2017,5.37159
Austria,AUT,2018,5.22655
Austria,AUT,2019,5.2175
Austria,AUT,2020,5.56901
Azerbaijan,AZE,2000,3.85399
Azerbaijan,AZE,2001,3.50342
Azerbaijan,AZE,2002,3.15446
Azerbaijan,AZE,2003,3.28615
Azerbaijan,AZE,2004,3.4477
Azerbaijan,AZE,2005,2.97462
Azerbaijan,AZE,2006,2.55552
Azerbaijan,AZE,2007,2.54928
Azerbaijan,AZE,2008,2.44093
Azerbaijan,AZE,2009,3.22431
Azerbaijan,AZE,2010,2.78062
Azerbaijan,AZE,2011,2.43564
Azerbaijan,AZE,2012,2.06763
Azerbaijan,AZE,2013,2.44213
Azerbaijan,AZE,2014,2.63304
Azerbaijan,AZE,2015,2.95168
Azerbaijan,AZE,2016,2.90341
Azerbaijan,AZE,2017,2.47382
Azerbaijan,AZE,2018,2.45543
Azerbaijan,AZE,2019,3.17646
Azerbaijan,AZE,2020,4.33205
Bahamas,BHS,2000,2.23284
Bahamas,BHS,2011,2.3498604
Bahamas,BHS,2012,2.45263
Bahamas,BHS,2013,2.4724214
Bahamas,BHS,2014,2.448432
Bahamas,BHS,2015,2.3990803
Bahamas,BHS,2016,2.6038687
Bahamas,BHS,2017,2.806545
Bahamas,BHS,2018,2.5663412
Bahamas,BHS,2019,2.7009745
Bahamas,BHS,2020,2.8668072
Bahrain,BHR,2006,2.87441
Bahrain,BHR,2007,2.575
Bahrain,BHR,2008,2.49678
Bahrain,BHR,2012,2.64531
Bahrain,BHR,2013,2.47689
Bahrain,BHR,2014,2.46746
Bahrain,BHR,2015,2.67454
Bahrain,BHR,2016,3.2559702
Bahrain,BHR,2017,2.32452
Bahrain,BHR,2018,2.8080099
Bahrain,BHR,2019,2.3846045
Bahrain,BHR,2020,2.5523746
Bangladesh,BGD,2000,2.12508
Bangladesh,BGD,2001,2.17193
Bangladesh,BGD,2002,2.01715
Bangladesh,BGD,2003,2.06939
Bangladesh,BGD,2004,1.94014
Bangladesh,BGD,2006,2.13129
Bangladesh,BGD,2007,2.20222
Bangladesh,BGD,2008,2.05457
Bangladesh,BGD,2009,1.93942
Bangladesh,BGD,2011,2.1327
Bangladesh,BGD,2012,2.0466707
Bangladesh,BGD,2013,1.96616
Bangladesh,BGD,2014,2.0987167
Bangladesh,BGD,2015,1.8722541
Bangladesh,BGD,2016,2.2212
Bangladesh,BGD,2017,1.8504003
Bangladesh,BGD,2018,1.6558913
Bangladesh,BGD,2019,1.681388
Bangladesh,BGD,2020,1.7652806
Barbados,BRB,2000,4.71586
Barbados,BRB,2001,6.05537
Barbados,BRB,2002,5.88062
Barbados,BRB,2003,6.2457
Barbados,BRB,2004,6.02428
Barbados,BRB,2005,5.66965
Barbados,BRB,2007,5.22045
Barbados,BRB,2008,4.9226
Barbados,BRB,2009,5.11626
Barbados,BRB,2010,6.05418
Barbados,BRB,2012,5.26251
Barbados,BRB,2013,5.14889
Barbados,BRB,2014,6.14318
Barbados,BRB,2015,5.3830976
Barbados,BRB,2016,4.69767
Barbados,BRB,2017,4.36384
Barbados,BRB,2018,5.424949
Barbados,BRB,2019,4.11123
Barbados,BRB,2020,4.20218
Belarus,BLR,2000,6.19662
Belarus,BLR,2003,6.310182
Belarus,BLR,2004,5.71226
Belarus,BLR,2005,5.87103
Belarus,BLR,2006,6.07696
Belarus,BLR,2007,5.1521
Belarus,BLR,2008,5.7132154
Belarus,BLR,2009,4.36894
Belarus,BLR,2010,5.22004
Belarus,BLR,2011,4.68479
Belarus,BLR,2012,4.95964
Belarus,BLR,2013,5.00942
Belarus,BLR,2014,4.81833
Belarus,BLR,2015,4.78751
Belarus,BLR,2016,4.94655
Belarus,BLR,2017,4.795
Belarus,BLR,2018,5.3811
Belarus,BLR,2019,4.97949
Belarus,BLR,2020,4.86264
Belgium,BEL,2000,5.532733
Belgium,BEL,2001,5.676055
Belgium,BEL,2002,5.789684
Belgium,BEL,2003,5.891302
Belgium,BEL,2004,5.629338
Belgium,BEL,2005,5.79586
Belgium,BEL,2006,5.626586
Belgium,BEL,2007,5.518234
Belgium,BEL,2008,6.33294
Belgium,BEL,2009,6.4581
Belgium,BEL,2010,6.44259
Belgium,BEL,2011,6.43199
Belgium,BEL,2012,6.255765
Belgium,BEL,2013,6.63053
Belgium,BEL,2014,6.59047
Belgium,BEL,2015,6.45157
Belgium,BEL,2016,6.46173
Belgium,BEL,2017,6.42534
Belgium,BEL,2018,6.38107
Belgium,BEL,2019,6.33397
Belgium,BEL,2020,6.81233
Belize,BLZ,2000,3.77897
Belize,BLZ,2001,4.3221
Belize,BLZ,2003,3.93806
Belize,BLZ,2004,4.04334
Belize,BLZ,2008,4.32811
Belize,BLZ,2009,4.82869
Belize,BLZ,2010,5.26748
Belize,BLZ,2011,5.519679
Belize,BLZ,2012,5.4715104
Belize,BLZ,2013,5.14198
Belize,BLZ,2014,5.14773
Belize,BLZ,2015,5.35774
Belize,BLZ,2016,5.68084
Belize,BLZ,2017,5.90251
Belize,BLZ,2018,6.07499
Belize,BLZ,2019,5.90775
Belize,BLZ,2020,5.15219
Benin,BEN,2000,2.11366
Benin,BEN,2001,2.3651
Benin,BEN,2002,2.15949
Benin,BEN,2003,2.28316
Benin,BEN,2004,2.5669
Benin,BEN,2005,2.65668
Benin,BEN,2006,2.5634
Benin,BEN,2007,2.36331
Benin,BEN,2008,2.77728
Benin,BEN,2009,3.08927
Benin,BEN,2010,3.67997
Benin,BEN,2011,4.4
Benin,BEN,2012,3.56202
Benin,BEN,2013,3.32751
Benin,BEN,2014,3.16179
Benin,BEN,2015,3.17298
Benin,BEN,2016,2.8991
Benin,BEN,2017,3.53559
Benin,BEN,2018,2.93162
Benin,BEN,2019,3.002736
Benin,BEN,2020,2.93902
Bermuda,BMU,2003,1.66627
Bermuda,BMU,2004,1.77588
Bermuda,BMU,2005,1.98877
Bermuda,BMU,2009,2.2892
Bermuda,BMU,2010,2.30669
Bermuda,BMU,2014,1.53688
Bermuda,BMU,2015,1.50164
Bermuda,BMU,2016,1.9154439
Bermuda,BMU,2017,1.32496
Bermuda,BMU,2018,1.9359547
Bermuda,BMU,2019,1.9267982
Bermuda,BMU,2020,1.8900877
Bhutan,BTN,2000,5.78676
Bhutan,BTN,2001,5.91573
Bhutan,BTN,2004,6.60907
Bhutan,BTN,2005,7.28715
Bhutan,BTN,2008,4.91159
Bhutan,BTN,2009,4.74174
Bhutan,BTN,2010,4.12473
Bhutan,BTN,2011,4.76523
Bhutan,BTN,2013,5.72275
Bhutan,BTN,2014,6.0449
Bhutan,BTN,2015,6.23826
Bhutan,BTN,2016,6.3365636
Bhutan,BTN,2017,6.6997685
Bhutan,BTN,2018,6.074201
Bhutan,BTN,2019,4.7613525
Bhutan,BTN,2020,5.9807105
Bolivia,BOL,2002,7.195048
Bolivia,BOL,2003,6.629619
Bolivia,BOL,2004,6.8477182
Bolivia,BOL,2005,6.7135253
Bolivia,BOL,2006,6.43422
Bolivia,BOL,2007,6.72049
Bolivia,BOL,2008,6.72302
Bolivia,BOL,2009,7.57486
Bolivia,BOL,2010,6.97379
Bolivia,BOL,2011,6.45056
Bolivia,BOL,2012,6.628
Bolivia,BOL,2013,6.80322
Bolivia,BOL,2014,7.47813
Bolivia,BOL,2015,8.14343
Bolivia,BOL,2016,8.15061
Bolivia,BOL,2017,8.09724
Bolivia,BOL,2018,8.01587
Bolivia,BOL,2019,8.09104
Bolivia,BOL,2020,8.43711
Botswana,BWA,2005,10.67859
Botswana,BWA,2007,9.04667
Botswana,BWA,2009,9.8253
Botswana,BWA,2012,9.258067
Botswana,BWA,2013,8.017206
Botswana,BWA,2014,8.2230625
Botswana,BWA,2015,8.39458
Botswana,BWA,2016,8.735893
Botswana,BWA,2017,7.8092446
Botswana,BWA,2018,7.905386
Botswana,BWA,2019,8.398996
Botswana,BWA,2020,8.058336
Brazil,BRA,2000,3.94893
Brazil,BRA,2001,3.84468
Brazil,BRA,2002,3.75037
Brazil,BRA,2004,3.97448
Brazil,BRA,2005,4.47908
Brazil,BRA,2006,4.8706
Brazil,BRA,2007,4.97426
Brazil,BRA,2008,5.26884
Brazil,BRA,2009,5.46355
Brazil,BRA,2010,5.6488
Brazil,BRA,2011,5.73741
Brazil,BRA,2012,5.8551
Brazil,BRA,2013,5.83885
Brazil,BRA,2014,5.94848
Brazil,BRA,2015,6.24106
Brazil,BRA,2016,6.31404
Brazil,BRA,2017,6.32048
Brazil,BRA,2018,6.08851
Brazil,BRA,2019,5.96347
Brazil,BRA,2020,5.7715
British Virgin Islands,VGB,2001,2.90477
British Virgin Islands,VGB,2005,3.04633
British Virgin Islands,VGB,2006,3.5148
British Virgin Islands,VGB,2007,3.04367
British Virgin Islands,VGB,2009,3.24165
British Virgin Islands,VGB,2010,3.49771
British Virgin Islands,VGB,2012,3.565696
British Virgin Islands,VGB,2013,4.4693255
British Virgin Islands,VGB,2014,4.0183883
British Virgin Islands,VGB,2015,4.71406
British Virgin Islands,VGB,2016,3.2610564
British Virgin Islands,VGB,2017,2.4626
British Virgin Islands,VGB,2018,2.43439
British Virgin Islands,VGB,2019,2.63096
British Virgin Islands,VGB,2020,2.5905
Brunei,BRN,2000,3.70591
Brunei,BRN,2010,2.04661
Brunei,BRN,2011,3.3221
Brunei,BRN,2012,2.88959
Brunei,BRN,2014,3.35319
Brunei,BRN,2016,4.42541
Bulgaria,BGR,2000,4.219833
Bulgaria,BGR,2001,3.38424
Bulgaria,BGR,2002,3.38608
Bulgaria,BGR,2003,3.99845
Bulgaria,BGR,2004,2.31995
Bulgaria,BGR,2005,4.1088
Bulgaria,BGR,2006,3.90346
Bulgaria,BGR,2007,3.68034
Bulgaria,BGR,2008,4.21909
Bulgaria,BGR,2009,4.27429
Bulgaria,BGR,2010,3.85797
Bulgaria,BGR,2011,3.54698
Bulgaria,BGR,2012,3.47637
Bulgaria,BGR,2013,4.05823
Bulgaria,BGR,2014,4.070053
Bulgaria,BGR,2015,3.9120843
Bulgaria,BGR,2016,3.3937082
Bulgaria,BGR,2017,4.07527
Bulgaria,BGR,2018,4.04529
Bulgaria,BGR,2019,4.19715
Bulgaria,BGR,2020,4.50287
Burkina Faso,BFA,2005,3.94114
Burkina Faso,BFA,2006,3.98219
Burkina Faso,BFA,2007,4.07983
Burkina Faso,BFA,2010,3.50223
Burkina Faso,BFA,2011,3.98515
Burkina Faso,BFA,2012,3.60316
Burkina Faso,BFA,2013,4.08344
Burkina Faso,BFA,2014,4.0533
Burkina Faso,BFA,2015,3.67009
Burkina Faso,BFA,2017,5.62847
Burkina Faso,BFA,2018,5.48861
Burkina Faso,BFA,2019,5.407137
Burkina Faso,BFA,2020,5.150865
Burundi,BDI,2000,2.64548
Burundi,BDI,2001,2.90391
Burundi,BDI,2002,3.00493
Burundi,BDI,2004,3.74496
Burundi,BDI,2005,3.63216
Burundi,BDI,2008,5.1929
Burundi,BDI,2009,6.17195
Burundi,BDI,2010,6.77525
Burundi,BDI,2011,6.31925
Burundi,BDI,2012,6.16778
Burundi,BDI,2013,5.9954
Burundi,BDI,2014,6.78452
Burundi,BDI,2015,6.37134
Burundi,BDI,2016,4.692
Burundi,BDI,2017,4.76202
Burundi,BDI,2018,5.07865
Burundi,BDI,2019,5.3466845
Burundi,BDI,2020,5.321585
Cambodia,KHM,2000,1.66681
Cambodia,KHM,2001,1.72222
Cambodia,KHM,2002,1.71121
Cambodia,KHM,2004,1.71982
Cambodia,KHM,2007,1.5993
Cambodia,KHM,2009,1.66568
Cambodia,KHM,2010,1.53379
Cambodia,KHM,2011,1.51069
Cambodia,KHM,2012,1.4144145
Cambodia,KHM,2013,1.4820262
Cambodia,KHM,2014,1.5667363
Cambodia,KHM,2015,1.7034615
Cambodia,KHM,2016,1.8708191
Cambodia,KHM,2017,2.0964606
Cambodia,KHM,2018,2.4478593
Cambodia,KHM,2019,2.8256547
Cambodia,KHM,2020,3.00235
Cameroon,CMR,2000,1.70285
Cameroon,CMR,2001,2.29734
Cameroon,CMR,2003,2.82259
Cameroon,CMR,2004,2.7953
Cameroon,CMR,2005,2.65652
Cameroon,CMR,2006,2.53991
Cameroon,CMR,2007,2.87816
Cameroon,CMR,2008,2.49827
Cameroon,CMR,2009,2.9079
Cameroon,CMR,2010,2.84803
Cameroon,CMR,2011,2.65337
Cameroon,CMR,2012,2.60306
Cameroon,CMR,2013,2.65548
Cameroon,CMR,2014,2.58396
Cameroon,CMR,2015,2.65792
Cameroon,CMR,2016,2.56234
Cameroon,CMR,2017,3.05963
Cameroon,CMR,2018,3.03096
Cameroon,CMR,2019,3.0473995
Cameroon,CMR,2020,3.1039014
Canada,CAN,2000,5.42332
Canada,CAN,2001,4.95303
Canada,CAN,2002,4.99308
Canada,CAN,2005,4.76588
Canada,CAN,2007,4.76641
Canada,CAN,2008,4.62612
Canada,CAN,2009,4.84058
Canada,CAN,2010,5.35637
Canada,CAN,2011,5.26205
Canada,CAN,2012,4.6925874
Canada,CAN,2013,4.58901
Canada,CAN,2014,4.84359
Canada,CAN,2015,4.73938
Canada,CAN,2016,4.81642
Canada,CAN,2017,4.95997
Canada,CAN,2018,4.88898
Canada,CAN,2019,4.77293
Canada,CAN,2020,4.88795
Cape Verde,CPV,2002,7.87682
Cape Verde,CPV,2004,7.47664
Cape Verde,CPV,2006,6.5296
Cape Verde,CPV,2007,4.95982
Cape Verde,CPV,2008,5.03465
Cape Verde,CPV,2009,4.86587
Cape Verde,CPV,2010,5.07658
Cape Verde,CPV,2011,4.59785
Cape Verde,CPV,2012,5.3976955
Cape Verde,CPV,2013,4.56157
Cape Verde,CPV,2014,4.52135
Cape Verde,CPV,2015,4.80622
Cape Verde,CPV,2016,4.75476
Cape Verde,CPV,2017,4.59278
Cape Verde,CPV,2018,4.787923
Cape Verde,CPV,2019,4.13851
Cayman Islands,CYM,2018,2.3161788
Cayman Islands,CYM,2019,2.2158966
Central African Republic,CAF,2000,1.61265
Central African Republic,CAF,2002,1.51957
Central African Republic,CAF,2003,1.5398
Central African Republic,CAF,2004,1.62453
Central African Republic,CAF,2005,1.65222
Central African Republic,CAF,2006,1.41506
Central African Republic,CAF,2007,1.31332
Central African Republic,CAF,2008,1.29001
Central African Republic,CAF,2009,1.25458
Central African Republic,CAF,2010,1.11761
Central African Republic,CAF,2011,1.10792
Central African Republic,CAF,2012,1.9803473
Central African Republic,CAF,2013,2.6382143
Central African Republic,CAF,2014,2.2201533
Central African Republic,CAF,2015,1.9102286
Central African Republic,CAF,2016,1.754089
Central African Republic,CAF,2017,1.7536502
Central African Republic,CAF,2018,1.565876
Central African Republic,CAF,2019,1.7679207
Central African Republic,CAF,2020,2.1446805
Chad,TCD,2000,2.64671
Chad,TCD,2001,2.42614
Chad,TCD,2004,1.59295
Chad,TCD,2005,1.69477
Chad,TCD,2009,2.31174
Chad,TCD,2010,1.98194
Chad,TCD,2011,2.2579
Chad,TCD,2012,2.20615
Chad,TCD,2013,2.85071
Chad,TCD,2014,2.3203123
Chad,TCD,2015,2.3428316
Chad,TCD,2016,2.388476
Chad,TCD,2017,2.45482
Chad,TCD,2018,2.259475
Chad,TCD,2019,2.372458
Chad,TCD,2020,2.739604
Chile,CHL,2000,3.75707
Chile,CHL,2002,4.04881
Chile,CHL,2003,3.91869
Chile,CHL,2004,3.54307
Chile,CHL,2005,3.28017
Chile,CHL,2006,3.04015
Chile,CHL,2007,3.23316
Chile,CHL,2008,3.7919
Chile,CHL,2009,4.25476
Chile,CHL,2010,4.18954
Chile,CHL,2011,4.06173
Chile,CHL,2012,4.541704
Chile,CHL,2013,4.54814
Chile,CHL,2014,4.75168
Chile,CHL,2015,4.9039
Chile,CHL,2016,5.36647
Chile,CHL,2017,5.43279
Chile,CHL,2018,5.47306
Chile,CHL,2019,5.61997
Chile,CHL,2020,5.62514
China,CHN,2007,2.7007349
China,CHN,2008,3.6317883
China,CHN,2009,3.751522
China,CHN,2010,3.7546425
China,CHN,2011,3.521965
China,CHN,2012,3.9440942
China,CHN,2013,3.7104764
China,CHN,2014,3.5803342
China,CHN,2015,3.81383
China,CHN,2016,3.7611156
China,CHN,2017,3.6674504
China,CHN,2018,3.5424945
China,CHN,2019,3.5410547
China,CHN,2020,3.5729563
Colombia,COL,2000,3.51121
Colombia,COL,2001,3.70868
Colombia,COL,2002,4.26813
Colombia,COL,2003,4.32514
Colombia,COL,2004,4.07935
Colombia,COL,2005,4.02099
Colombia,COL,2006,3.91672
Colombia,COL,2007,4.08301
Colombia,COL,2008,3.93878
Colombia,COL,2009,4.77652
Colombia,COL,2010,4.83383
Colombia,COL,2011,4.46608
Colombia,COL,2012,4.37039
Colombia,COL,2013,4.87855
Colombia,COL,2014,4.62946
Colombia,COL,2015,4.47039
Colombia,COL,2016,4.47721
Colombia,COL,2017,4.53551
Colombia,COL,2018,4.4491
Colombia,COL,2019,4.51069
Colombia,COL,2020,5.2655
Comoros,COM,2002,2.25842
Comoros,COM,2008,4.42265
Comoros,COM,2011,2.83045
Comoros,COM,2012,2.74784
Comoros,COM,2013,2.38276
Comoros,COM,2014,2.74473
Comoros,COM,2015,2.54506
Comoros,COM,2020,2.3780508
Congo,COG,2002,3.20832
Congo,COG,2003,2.83616
Congo,COG,2004,2.28813
Congo,COG,2005,1.68102
Congo,COG,2010,5.68673
Congo,COG,2011,2.6465297
Congo,COG,2012,2.7392306
Congo,COG,2013,5.013881
Congo,COG,2014,3.18371
Congo,COG,2015,3.28258
Congo,COG,2016,5.210516
Congo,COG,2017,4.45052
Congo,COG,2018,2.99548
Congo,COG,2019,3.559469
Congo,COG,2020,4.619014
Costa Rica,CRI,2000,4.66695
Costa Rica,CRI,2001,4.83203
Costa Rica,CRI,2002,5.15044
Costa Rica,CRI,2003,5.13374
Costa Rica,CRI,2004,4.89063
Costa Rica,CRI,2006,4.61614
Costa Rica,CRI,2007,4.63451
Costa Rica,CRI,2008,4.88697
Costa Rica,CRI,2009,6.0103
Costa Rica,CRI,2010,6.56574
Costa Rica,CRI,2011,6.37989
Costa Rica,CRI,2012,6.5824
Costa Rica,CRI,2013,6.6874
Costa Rica,CRI,2014,6.67952
Costa Rica,CRI,2015,6.8735
Costa Rica,CRI,2016,6.89396
Costa Rica,CRI,2017,7.06981
Costa Rica,CRI,2018,6.76992
Costa Rica,CRI,2019,6.73808
Costa Rica,CRI,2020,6.62898
Cote d'Ivoire,CIV,2000,2.40031
Cote d'Ivoire,CIV,2001,2.44477
Cote d'Ivoire,CIV,2002,2.81048
Cote d'Ivoire,CIV,2003,2.86437
Cote d'Ivoire,CIV,2004,2.91176
Cote d'Ivoire,CIV,2005,2.91944
Cote d'Ivoire,CIV,2006,2.82
Cote d'Ivoire,CIV,2007,3.01614
Cote d'Ivoire,CIV,2008,3.09853
Cote d'Ivoire,CIV,2009,3.17394
Cote d'Ivoire,CIV,2010,3.24651
Cote d'Ivoire,CIV,2011,2.86576
Cote d'Ivoire,CIV,2012,3.43447
Cote d'Ivoire,CIV,2013,3.4586
Cote d'Ivoire,CIV,2014,3.31417
Cote d'Ivoire,CIV,2015,3.49413
Cote d'Ivoire,CIV,2016,3.93593
Cote d'Ivoire,CIV,2017,3.73654
Cote d'Ivoire,CIV,2018,3.21165
Cote d'Ivoire,CIV,2019,3.44067
Cote d'Ivoire,CIV,2020,3.78945
Croatia,HRV,2000,6.1127086
Croatia,HRV,2001,5.6808653
Croatia,HRV,2002,3.82301
Croatia,HRV,2003,3.86902
Croatia,HRV,2004,3.82215
Croatia,HRV,2005,5.3670497
Croatia,HRV,2006,5.0069714
Croatia,HRV,2007,3.97732
Croatia,HRV,2008,4.28682
Croatia,HRV,2009,4.38889
Croatia,HRV,2010,4.22721
Croatia,HRV,2011,4.12565
Croatia,HRV,2012,5.221614
Croatia,HRV,2013,4.53844
Croatia,HRV,2014,5.1761513
Croatia,HRV,2015,4.969085
Croatia,HRV,2016,4.8962245
Croatia,HRV,2017,3.88922
Croatia,HRV,2018,3.94578
Croatia,HRV,2019,3.95437
Croatia,HRV,2020,4.43442
Cuba,CUB,2000,7.70481
Cuba,CUB,2001,8.35809
Cuba,CUB,2002,9.57117
Cuba,CUB,2003,9.94086
Cuba,CUB,2004,10.26823
Cuba,CUB,2005,10.55778
Cuba,CUB,2006,9.05717
Cuba,CUB,2007,11.86821
Cuba,CUB,2008,14.05908
Cuba,CUB,2009,13.12486
Cuba,CUB,2010,12.83731
Cuba,CUB,2012,11.551661
Cuba,CUB,2013,10.671696
Cuba,CUB,2014,9.607469
Cuba,CUB,2015,8.963337
Cuba,CUB,2016,9.013133
Cuba,CUB,2019,9.046969
Cuba,CUB,2020,11.5247965
Curacao,CUW,2012,6.293713
Curacao,CUW,2013,5.1056
Curacao,CUW,2015,7.36069
Curacao,CUW,2016,7.2344527
Curacao,CUW,2018,6.8129816
Curacao,CUW,2019,6.6246214
Curacao,CUW,2020,7.7257085
Cyprus,CYP,2000,4.98954
Cyprus,CYP,2001,5.11552
Cyprus,CYP,2002,5.58167
Cyprus,CYP,2003,6.67023
Cyprus,CYP,2004,6.11772
Cyprus,CYP,2005,6.28667
Cyprus,CYP,2006,6.33027
Cyprus,CYP,2007,6.28083
Cyprus,CYP,2008,6.72276
Cyprus,CYP,2009,7.20545
Cyprus,CYP,2010,6.5256
Cyprus,CYP,2011,6.52042
Cyprus,CYP,2012,5.9118547
Cyprus,CYP,2013,6.46747
Cyprus,CYP,2014,6.42111
Cyprus,CYP,2015,6.30491
Cyprus,CYP,2016,6.11811
Cyprus,CYP,2017,5.69962
Cyprus,CYP,2018,5.0396295
Cyprus,CYP,2019,5.21297
Cyprus,CYP,2020,5.68629
Czechia,CZE,2000,3.64034
Czechia,CZE,2001,3.73283
Czechia,CZE,2002,3.95878
Czechia,CZE,2003,4.11728
Czechia,CZE,2004,3.99239
Czechia,CZE,2005,3.86591
Czechia,CZE,2006,4.19551
Czechia,CZE,2007,3.84718
Czechia,CZE,2008,3.72719
Czechia,CZE,2009,4.14606
Czechia,CZE,2010,4.0335
Czechia,CZE,2011,4.24209
Czechia,CZE,2012,4.22071
Czechia,CZE,2013,4.04676
Czechia,CZE,2014,3.96523
Czechia,CZE,2015,5.75182
Czechia,CZE,2016,5.55373
Czechia,CZE,2017,3.80616
Czechia,CZE,2018,4.26606
Czechia,CZE,2019,4.54247
Czechia,CZE,2020,4.72159
Democratic Republic of Congo,COD,2010,1.52498
Democratic Republic of Congo,COD,2013,2.06221
Democratic Republic of Congo,COD,2014,1.95143
Democratic Republic of Congo,COD,2015,2.17044
Democratic Republic of Congo,COD,2016,2.11869
Democratic Republic of Congo,COD,2017,1.45495
Democratic Republic of Congo,COD,2020,2.6226385
Denmark,DNK,2000,8.08434
Denmark,DNK,2001,8.21545
Denmark,DNK,2002,8.21303
Denmark,DNK,2003,8.12193
Denmark,DNK,2004,8.20763
Denmark,DNK,2005,8.08557
Denmark,DNK,2006,7.72991
Denmark,DNK,2007,7.6156
Denmark,DNK,2008,7.47605
Denmark,DNK,2009,8.44888
Denmark,DNK,2010,8.55955
Denmark,DNK,2011,8.48486
Denmark,DNK,2012,7.23782
Denmark,DNK,2013,8.49443
Denmark,DNK,2014,7.63485
Denmark,DNK,2015,7.0104146
Denmark,DNK,2016,7.47694
Denmark,DNK,2017,7.11586
Denmark,DNK,2018,7.00015
Denmark,DNK,2019,6.9097
Denmark,DNK,2020,7.38911
Djibouti,DJI,2000,9.66
Djibouti,DJI,2001,7.80543
Djibouti,DJI,2002,8.4476
Djibouti,DJI,2003,8.88985
Djibouti,DJI,2004,9.26467
Djibouti,DJI,2005,8.36589
Djibouti,DJI,2006,8.27878
Djibouti,DJI,2007,8.40625
Djibouti,DJI,2010,4.49022
Djibouti,DJI,2012,6.3512754
Djibouti,DJI,2013,4.6478252
Djibouti,DJI,2014,4.384075
Djibouti,DJI,2015,3.59895
Djibouti,DJI,2016,3.92226
Djibouti,DJI,2017,3.73345
Djibouti,DJI,2018,3.75143
Dominica,DMA,2012,4.3931046
Dominica,DMA,2013,4.464483
Dominica,DMA,2014,4.5245924
Dominica,DMA,2015,3.40858
Dominica,DMA,2016,5.1297197
Dominica,DMA,2017,4.766751
Dominica,DMA,2018,5.1536045
Dominica,DMA,2019,5.53449
Dominica,DMA,2020,4.6963
Dominican Republic,DOM,2000,1.88829
Dominican Republic,DOM,2001,1.96783
Dominican Republic,DOM,2002,1.91401
Dominican Republic,DOM,2003,1.84465
Dominican Republic,DOM,2007,2.04679
Dominican Republic,DOM,2013,3.6281815
Dominican Republic,DOM,2014,3.6224344
Dominican Republic,DOM,2015,3.6040027
Dominican Republic,DOM,2016,3.8504956
Dominican Republic,DOM,2017,3.9202676
Dominican Republic,DOM,2018,3.9182107
Dominican Republic,DOM,2019,4.042769
Dominican Republic,DOM,2020,4.5176983
East Timor,TLS,2008,8.67057
East Timor,TLS,2009,12.90346
East Timor,TLS,2010,11.10761
East Timor,TLS,2011,10.19473
East Timor,TLS,2012,7.1667447
East Timor,TLS,2013,5.681403
East Timor,TLS,2014,7.6600943
East Timor,TLS,2015,6.295488
East Timor,TLS,2016,6.019237
East Timor,TLS,2017,5.208618
East Timor,TLS,2018,4.8814826
East Timor,TLS,2019,4.1765623
East Timor,TLS,2020,3.6600268
Ecuador,ECU,2000,1.15093
Ecuador,ECU,2009,4.34242
Ecuador,ECU,2010,4.50743
Ecuador,ECU,2011,4.72689
Ecuador,ECU,2012,4.64307
Ecuador,ECU,2013,5.00464
Ecuador,ECU,2014,5.26099
Ecuador,ECU,2015,4.9987
Ecuador,ECU,2016,4.362748
Ecuador,ECU,2017,4.614258
Ecuador,ECU,2018,4.621455
Ecuador,ECU,2019,4.22566
Ecuador,ECU,2020,4.11402
Egypt,EGY,2002,4.7958837
Egypt,EGY,2003,4.94563
Egypt,EGY,2004,4.67072
Egypt,EGY,2005,4.79443
Egypt,EGY,2006,4.00178
Egypt,EGY,2007,3.68461
Egypt,EGY,2008,3.76083
Egypt,EGY,2009,3.639191
Egypt,EGY,2010,3.542652
Egypt,EGY,2011,3.3442965
Egypt,EGY,2012,3.3683047
Egypt,EGY,2013,4.122526
Egypt,EGY,2014,4.2513857
Egypt,EGY,2015,3.9308481
El Salvador,SLV,2000,2.83868
El Salvador,SLV,2002,3.24284
El Salvador,SLV,2003,3.13467
El Salvador,SLV,2005,3.17785
El Salvador,SLV,2006,3.49298
El Salvador,SLV,2007,3.60985
El Salvador,SLV,2008,4.45811
El Salvador,SLV,2009,4.6595
El Salvador,SLV,2010,4.04808
El Salvador,SLV,2011,3.89854
El Salvador,SLV,2012,3.71244
El Salvador,SLV,2013,3.80149
El Salvador,SLV,2014,3.82416
El Salvador,SLV,2015,3.90988
El Salvador,SLV,2016,3.82524
El Salvador,SLV,2017,3.72523
El Salvador,SLV,2018,3.60575
El Salvador,SLV,2019,3.38711
El Salvador,SLV,2020,3.65958
Eritrea,ERI,2001,4.04716
Eritrea,ERI,2002,3.5239
Eritrea,ERI,2004,3.14897
Eritrea,ERI,2006,2.127
Estonia,EST,2000,5.33946
Estonia,EST,2001,5.22846
Estonia,EST,2002,5.43461
Estonia,EST,2003,5.2731
Estonia,EST,2004,4.87675
Estonia,EST,2005,4.81027
Estonia,EST,2006,5.8567624
Estonia,EST,2007,4.61991
Estonia,EST,2008,5.48404
Estonia,EST,2009,5.96005
Estonia,EST,2010,5.51779
Estonia,EST,2011,5.01449
Estonia,EST,2012,4.71772
Estonia,EST,2013,4.84388
Estonia,EST,2014,4.39433
Estonia,EST,2015,5.14419
Estonia,EST,2016,5.15764
Estonia,EST,2017,4.96132
Estonia,EST,2018,5.23997
Estonia,EST,2019,5.29571
Estonia,EST,2020,5.51993
Eswatini,SWZ,2000,5.50848
Eswatini,SWZ,2001,4.83824
Eswatini,SWZ,2002,4.44087
Eswatini,SWZ,2003,5.81677
Eswatini,SWZ,2004,5.40161
Eswatini,SWZ,2005,6.48462
Eswatini,SWZ,2006,6.55476
Eswatini,SWZ,2008,6.61812
Eswatini,SWZ,2009,6.47135
Eswatini,SWZ,2010,6.11837
Eswatini,SWZ,2011,6.86433
Eswatini,SWZ,2012,5.593282
Eswatini,SWZ,2013,5.0846105
Eswatini,SWZ,2014,7.07059
Eswatini,SWZ,2015,5.354947
Eswatini,SWZ,2016,5.433553
Eswatini,SWZ,2017,6.177914
Eswatini,SWZ,2018,5.7368736
Eswatini,SWZ,2019,5.699148
Eswatini,SWZ,2020,5.3601046
Ethiopia,ETH,2000,3.98311
Ethiopia,ETH,2001,3.70029
Ethiopia,ETH,2002,3.63245
Ethiopia,ETH,2006,5.49096
Ethiopia,ETH,2007,5.45113
Ethiopia,ETH,2008,5.4082
Ethiopia,ETH,2009,4.42207
Ethiopia,ETH,2010,4.49659
Ethiopia,ETH,2011,5.48576
Ethiopia,ETH,2012,5.56678
Ethiopia,ETH,2013,4.49855
Ethiopia,ETH,2014,4.60202
Ethiopia,ETH,2015,5.1533613
Ethiopia,ETH,2016,5.061514
Ethiopia,ETH,2017,5.4990506
Ethiopia,ETH,2018,5.220112
Ethiopia,ETH,2019,4.4808693
Ethiopia,ETH,2020,4.090565
Fiji,FJI,2000,5.87774
Fiji,FJI,2001,5.64311
Fiji,FJI,2002,6.27587
Fiji,FJI,2004,6.20916
Fiji,FJI,2005,5.16706
Fiji,FJI,2006,5.65532
Fiji,FJI,2007,5.89472
Fiji,FJI,2008,4.25357
Fiji,FJI,2009,4.49848
Fiji,FJI,2011,4.17306
Fiji,FJI,2012,4.461506
Fiji,FJI,2013,3.88289
Fiji,FJI,2014,3.7696092
Fiji,FJI,2015,4.8093176
Fiji,FJI,2016,4.8359027
Fiji,FJI,2017,4.8813343
Fiji,FJI,2018,5.038042
Fiji,FJI,2019,5.1176834
Fiji,FJI,2020,5.747411
Finland,FIN,2000,5.7093
Finland,FIN,2001,5.84025
Finland,FIN,2002,6.01678
Finland,FIN,2003,6.16744
Finland,FIN,2004,6.15758
Finland,FIN,2005,6.02507
Finland,FIN,2006,5.92838
Finland,FIN,2007,5.67126
Finland,FIN,2008,5.8301
Finland,FIN,2009,6.45956
Finland,FIN,2010,6.50445
Finland,FIN,2011,6.44505
Finland,FIN,2012,7.14804
Finland,FIN,2013,7.12404
Finland,FIN,2014,7.10237
Finland,FIN,2015,7.03208
Finland,FIN,2016,6.85153
Finland,FIN,2017,6.36311
Finland,FIN,2018,6.27558
Finland,FIN,2019,6.41695
Finland,FIN,2020,6.63494
France,FRA,2000,5.6002192
France,FRA,2001,5.6178
France,FRA,2002,5.7809753
France,FRA,2003,5.762063
France,FRA,2004,5.549234
France,FRA,2005,5.470051
France,FRA,2006,5.4753103
France,FRA,2007,5.3045287
France,FRA,2008,5.40408
France,FRA,2009,5.734071
France,FRA,2010,5.658596
France,FRA,2011,5.482983
France,FRA,2012,5.456467
France,FRA,2013,5.500378
France,FRA,2014,5.512063
France,FRA,2015,5.46424
France,FRA,2016,5.41907
France,FRA,2017,5.4516
France,FRA,2018,5.40717
France,FRA,2019,5.35443
France,FRA,2020,5.67784
Gabon,GAB,2000,3.82709
Gabon,GAB,2010,3.07809
Gabon,GAB,2011,2.98746
Gabon,GAB,2012,3.0134
Gabon,GAB,2013,3.02971
Gabon,GAB,2014,2.66667
Gabon,GAB,2015,2.82436
Gabon,GAB,2016,2.6677308
Gabon,GAB,2017,3.555708
Gabon,GAB,2018,3.071543
Gabon,GAB,2019,2.8743098
Gabon,GAB,2020,3.3987408
Gambia,GMB,2000,1.46587
Gambia,GMB,2001,1.1581
Gambia,GMB,2002,1.44292
Gambia,GMB,2003,1.36338
Gambia,GMB,2004,0.62247
Gambia,GMB,2005,0.69188
Gambia,GMB,2006,0.75163
Gambia,GMB,2007,0.81686
Gambia,GMB,2008,2.1813
Gambia,GMB,2009,1.90814
Gambia,GMB,2010,2.56322
Gambia,GMB,2011,2.50117
Gambia,GMB,2012,2.63757
Gambia,GMB,2013,1.81839
Gambia,GMB,2014,2.23094
Gambia,GMB,2015,2.16003
Gambia,GMB,2016,2.02443
Gambia,GMB,2017,2.4591944
Gambia,GMB,2018,2.36544
Gambia,GMB,2019,2.6549294
Gambia,GMB,2020,2.8873458
Georgia,GEO,2000,2.18105
Georgia,GEO,2001,2.1375
Georgia,GEO,2002,2.23502
Georgia,GEO,2003,2.0656
Georgia,GEO,2004,2.9142
Georgia,GEO,2005,2.48432
Georgia,GEO,2006,3.00365
Georgia,GEO,2007,2.69687
Georgia,GEO,2008,2.91955
Georgia,GEO,2009,3.22238
Georgia,GEO,2010,2.803648
Georgia,GEO,2011,2.57614
Georgia,GEO,2012,1.9061
Georgia,GEO,2013,3.4732218
Georgia,GEO,2014,2.9976866
Georgia,GEO,2015,3.164874
Georgia,GEO,2016,3.59387
Georgia,GEO,2017,3.57443
Georgia,GEO,2018,3.52106
Georgia,GEO,2019,3.86667
Georgia,GEO,2020,3.8498592
Germany,DEU,2000,4.0681524
Germany,DEU,2001,4.1470814
Germany,DEU,2002,4.1630573
Germany,DEU,2003,4.1710186
Germany,DEU,2004,4.100649
Germany,DEU,2005,4.624908
Germany,DEU,2006,4.025274
Germany,DEU,2007,3.922466
Germany,DEU,2008,4.54924
Germany,DEU,2009,4.340054
Germany,DEU,2010,5.09588
Germany,DEU,2011,4.98425
Germany,DEU,2012,4.92844
Germany,DEU,2013,4.93539
Germany,DEU,2014,4.92102
Germany,DEU,2015,4.85515
Germany,DEU,2016,4.83923
Germany,DEU,2017,4.87183
Germany,DEU,2018,4.97933
Germany,DEU,2019,5.11677
Germany,DEU,2020,5.58759
Ghana,GHA,2001,5.35444
Ghana,GHA,2004,7.53558
Ghana,GHA,2005,7.42208
Ghana,GHA,2006,5.14794
Ghana,GHA,2007,5.51987
Ghana,GHA,2008,5.75796
Ghana,GHA,2009,5.31744
Ghana,GHA,2010,5.5406
Ghana,GHA,2011,8.14097
Ghana,GHA,2012,7.91914
Ghana,GHA,2013,4.57647
Ghana,GHA,2014,4.39979
Ghana,GHA,2015,4.43405
Ghana,GHA,2016,4.39453
Ghana,GHA,2017,3.53363
Ghana,GHA,2018,3.88613
Ghana,GHA,2019,3.1530712
Ghana,GHA,2020,3.40916
Greece,GRC,2000,3.23019
Greece,GRC,2001,3.36458
Greece,GRC,2002,3.42431
Greece,GRC,2003,3.42934
Greece,GRC,2004,3.66719
Greece,GRC,2005,3.96396
Greece,GRC,2006,3.678758
Greece,GRC,2007,3.621951
Greece,GRC,2008,3.804991
Greece,GRC,2009,4.1650743
Greece,GRC,2010,4.140565
Greece,GRC,2011,4.5163
Greece,GRC,2012,4.582203
Greece,GRC,2013,4.495119
Greece,GRC,2014,4.321357
Greece,GRC,2015,3.66139
Greece,GRC,2016,4.0156107
Greece,GRC,2017,3.47709
Greece,GRC,2018,3.59734
Greece,GRC,2019,3.58606
Greece,GRC,2020,4.497175
Grenada,GRD,2003,3.92674
Grenada,GRD,2010,5.0750823
Grenada,GRD,2011,5.4853234
Grenada,GRD,2012,5.072259
Grenada,GRD,2014,4.477566
Grenada,GRD,2015,4.2386103
Grenada,GRD,2017,3.1738
Grenada,GRD,2018,3.5591934
Guatemala,GTM,2006,3.03285
Guatemala,GTM,2007,3.08809
Guatemala,GTM,2008,3.23686
Guatemala,GTM,2010,2.84865
Guatemala,GTM,2011,2.96865
Guatemala,GTM,2012,3.00525
Guatemala,GTM,2013,2.88809
Guatemala,GTM,2014,2.98562
Guatemala,GTM,2015,3.03033
Guatemala,GTM,2016,2.94474
Guatemala,GTM,2017,2.9501
Guatemala,GTM,2018,3.13194
Guatemala,GTM,2019,3.19297
Guatemala,GTM,2020,3.29503
Guinea,GIN,2000,2.5934
Guinea,GIN,2001,2.08191
Guinea,GIN,2002,2.59387
Guinea,GIN,2003,2.37102
Guinea,GIN,2004,2.21
Guinea,GIN,2005,1.84906
Guinea,GIN,2008,1.58112
Guinea,GIN,2009,2.20725
Guinea,GIN,2010,2.55119
Guinea,GIN,2011,2.28742
Guinea,GIN,2012,1.83371
Guinea,GIN,2013,2.63421
Guinea,GIN,2014,2.42281
Guinea,GIN,2015,2.51714
Guinea,GIN,2016,2.5445
Guinea,GIN,2017,2.32034
Guinea,GIN,2018,2.38432
Guinea,GIN,2019,1.85813
Guinea,GIN,2020,2.43267
Guinea-Bissau,GNB,2010,1.86082
Guinea-Bissau,GNB,2011,1.85786
Guinea-Bissau,GNB,2012,2.00106
Guinea-Bissau,GNB,2013,2.13249
Guyana,GUY,2000,8.48415
Guyana,GUY,2001,8.3973
Guyana,GUY,2002,8.36554
Guyana,GUY,2003,6.9559
Guyana,GUY,2004,5.51294
Guyana,GUY,2005,8.13973
Guyana,GUY,2006,3.11891
Guyana,GUY,2007,2.39117
Guyana,GUY,2009,2.15058
Guyana,GUY,2010,2.40939
Guyana,GUY,2011,2.50669
Guyana,GUY,2012,2.24132
Guyana,GUY,2014,4.36033
Guyana,GUY,2015,3.8957
Guyana,GUY,2016,4.73775
Guyana,GUY,2017,4.66478
Guyana,GUY,2018,4.45058
Haiti,HTI,2014,1.75227
Haiti,HTI,2015,1.85498
Haiti,HTI,2016,1.38776
Haiti,HTI,2017,1.49847
Haiti,HTI,2018,1.63716
Haiti,HTI,2019,1.759413
Haiti,HTI,2020,1.3710139
Honduras,HND,2012,6.299728
Honduras,HND,2013,5.87493
Honduras,HND,2014,7.09012
Honduras,HND,2015,6.41297
Honduras,HND,2016,6.3084126
Honduras,HND,2017,6.093362
Honduras,HND,2018,6.05647
Honduras,HND,2019,5.93246
Honduras,HND,2020,5.976291
Hong Kong,HKG,2001,3.9037
Hong Kong,HKG,2002,4.01554
Hong Kong,HKG,2003,4.2853
Hong Kong,HKG,2004,4.55896
Hong Kong,HKG,2005,4.13463
Hong Kong,HKG,2006,3.84279
Hong Kong,HKG,2007,3.45455
Hong Kong,HKG,2008,3.26063
Hong Kong,HKG,2009,4.39213
Hong Kong,HKG,2010,3.51003
Hong Kong,HKG,2011,3.41822
Hong Kong,HKG,2012,3.50961
Hong Kong,HKG,2013,3.76032
Hong Kong,HKG,2014,3.57255
Hong Kong,HKG,2015,3.26212
Hong Kong,HKG,2016,3.29269
Hong Kong,HKG,2017,3.30989
Hong Kong,HKG,2018,3.32624
Hong Kong,HKG,2019,3.81018
Hong Kong,HKG,2020,4.40562
Hungary,HUN,2000,4.8684
Hungary,HUN,2001,4.93101
Hungary,HUN,2002,5.17923
Hungary,HUN,2003,5.7923
Hungary,HUN,2004,5.32762
Hungary,HUN,2005,5.32008
Hungary,HUN,2006,5.28974
Hungary,HUN,2007,5.13495
Hungary,HUN,2008,4.96764
Hungary,HUN,2009,4.94636
Hungary,HUN,2010,4.72375
Hungary,HUN,2011,4.56318
Hungary,HUN,2012,4.1425
Hungary,HUN,2013,4.18922
Hungary,HUN,2014,4.60187
Hungary,HUN,2015,4.4954
Hungary,HUN,2016,4.61548
Hungary,HUN,2017,4.61487
Hungary,HUN,2018,4.62344
Hungary,HUN,2019,4.22488
Hungary,HUN,2020,4.15521
Iceland,ISL,2000,6.43144
Iceland,ISL,2001,6.70592
Iceland,ISL,2002,7.29892
Iceland,ISL,2003,7.24508
Iceland,ISL,2004,7.16118
Iceland,ISL,2005,7.33844
Iceland,ISL,2006,7.19522
Iceland,ISL,2007,6.94433
Iceland,ISL,2008,7.03602
Iceland,ISL,2009,7.18985
Iceland,ISL,2010,6.94424
Iceland,ISL,2011,6.78998
Iceland,ISL,2012,7.58223
Iceland,ISL,2013,7.44869
Iceland,ISL,2014,7.64141
Iceland,ISL,2015,7.45797
Iceland,ISL,2016,7.4322
Iceland,ISL,2017,7.58386
Iceland,ISL,2018,7.5635
Iceland,ISL,2019,7.60675
Iceland,ISL,2020,8.61444
India,IND,2000,4.32479
India,IND,2003,3.61341
India,IND,2004,3.35254
India,IND,2005,3.18875
India,IND,2006,3.14285
India,IND,2009,3.27825
India,IND,2010,3.37769
India,IND,2011,3.79618
India,IND,2012,4.0847983
India,IND,2013,3.84467
India,IND,2014,3.8987803
India,IND,2015,4.1149917
India,IND,2017,4.306397
India,IND,2020,4.2933497
Indonesia,IDN,2001,2.46003
Indonesia,IDN,2002,2.64569
Indonesia,IDN,2003,3.218
Indonesia,IDN,2004,2.74847
Indonesia,IDN,2005,2.87282
Indonesia,IDN,2007,3.04425
Indonesia,IDN,2008,2.9019
Indonesia,IDN,2009,3.52513
Indonesia,IDN,2010,2.81228
Indonesia,IDN,2011,3.18944
Indonesia,IDN,2012,3.40748
Indonesia,IDN,2013,3.35904
Indonesia,IDN,2014,3.28801
Indonesia,IDN,2015,3.5836
Indonesia,IDN,2016,3.5699713
Indonesia,IDN,2017,2.6699786
Indonesia,IDN,2018,2.7542264
Indonesia,IDN,2019,2.842078
Indonesia,IDN,2020,3.4910247
Iran,IRN,2000,4.03064
Iran,IRN,2001,4.07168
Iran,IRN,2002,4.48488
Iran,IRN,2003,4.36322
Iran,IRN,2004,4.29663
Iran,IRN,2005,4.05651
Iran,IRN,2006,4.28999
Iran,IRN,2007,4.59681
Iran,IRN,2008,3.91376
Iran,IRN,2009,3.84245
Iran,IRN,2010,3.70918
Iran,IRN,2011,3.48497
Iran,IRN,2012,2.939
Iran,IRN,2013,2.85279
Iran,IRN,2014,2.61669
Iran,IRN,2015,2.62911
Iran,IRN,2016,3.17397
Iran,IRN,2017,3.45957
Iran,IRN,2018,3.61979
Iran,IRN,2019,3.25775
Iran,IRN,2020,3.20495
Ireland,IRL,2000,4.13226
Ireland,IRL,2001,4.08749
Ireland,IRL,2002,4.10488
Ireland,IRL,2003,4.20494
Ireland,IRL,2004,4.48296
Ireland,IRL,2005,4.51898
Ireland,IRL,2006,4.54742
Ireland,IRL,2007,4.71541
Ireland,IRL,2008,5.45828
Ireland,IRL,2009,6.15611
Ireland,IRL,2018,3.38676
Ireland,IRL,2020,3.27186
Israel,ISR,2000,5.95195
Israel,ISR,2001,6.19316
Israel,ISR,2002,6.26282
Israel,ISR,2003,6.13995
Israel,ISR,2004,5.75348
Israel,ISR,2005,5.58139
Israel,ISR,2006,5.59219
Israel,ISR,2007,5.34992
Israel,ISR,2008,5.42435
Israel,ISR,2009,5.37785
Israel,ISR,2010,5.43391
Israel,ISR,2011,5.45581
Israel,ISR,2012,5.58893
Israel,ISR,2013,5.78415
Israel,ISR,2014,5.70471
Israel,ISR,2015,5.79766
Israel,ISR,2016,5.79981
Israel,ISR,2017,6.00772
Israel,ISR,2018,6.06285
Israel,ISR,2019,6.05674
Israel,ISR,2020,6.4623
Italy,ITA,2000,4.29108
Italy,ITA,2001,4.65009
Italy,ITA,2002,4.43241
Italy,ITA,2003,4.54179
Italy,ITA,2004,4.3852
Italy,ITA,2005,4.2383
Italy,ITA,2006,4.52545
Italy,ITA,2007,4.10503
Italy,ITA,2008,4.38795
Italy,ITA,2009,4.52372
Italy,ITA,2010,4.33412
Italy,ITA,2011,4.11568
Italy,ITA,2012,4.05602
Italy,ITA,2013,4.14367
Italy,ITA,2014,4.06128
Italy,ITA,2015,4.07363
Italy,ITA,2016,3.81579
Italy,ITA,2017,4.04494
Italy,ITA,2018,4.25614
Italy,ITA,2019,4.09527
Italy,ITA,2020,4.44195
Jamaica,JAM,2000,4.98347
Jamaica,JAM,2001,5.38103
Jamaica,JAM,2002,5.37523
Jamaica,JAM,2003,4.25685
Jamaica,JAM,2004,3.91255
Jamaica,JAM,2005,4.61642
Jamaica,JAM,2007,5.49022
Jamaica,JAM,2008,6.19132
Jamaica,JAM,2009,6.19848
Jamaica,JAM,2010,6.3706
Jamaica,JAM,2011,6.26664
Jamaica,JAM,2012,6.11246
Jamaica,JAM,2013,6.25108
Jamaica,JAM,2014,6.01586
Jamaica,JAM,2015,5.45521
Jamaica,JAM,2016,5.31461
Jamaica,JAM,2017,5.26017
Jamaica,JAM,2018,5.41381
Jamaica,JAM,2019,5.16364
Jamaica,JAM,2020,5.617495
Japan,JPN,2000,3.46012
Japan,JPN,2001,3.40082
Japan,JPN,2002,3.40899
Japan,JPN,2003,3.46663
Japan,JPN,2004,3.42611
Japan,JPN,2005,3.31494
Japan,JPN,2006,3.27668
Japan,JPN,2007,3.27934
Japan,JPN,2008,3.27242
Japan,JPN,2009,3.5559778
Japan,JPN,2010,3.59952
Japan,JPN,2011,3.60528
Japan,JPN,2012,3.64742
Japan,JPN,2013,3.62497
Japan,JPN,2014,3.55159
Japan,JPN,2015,3.2290254
Japan,JPN,2016,3.14643
Japan,JPN,2017,3.13058
Japan,JPN,2018,3.07782
Japan,JPN,2019,3.15534
Japan,JPN,2020,3.416981
Jordan,JOR,2016,3.45282
Jordan,JOR,2017,3.21306
Jordan,JOR,2018,2.95462
Jordan,JOR,2019,2.98846
Kazakhstan,KAZ,2000,3.25662
Kazakhstan,KAZ,2001,3.2793415
Kazakhstan,KAZ,2002,3.0297
Kazakhstan,KAZ,2003,3.230482
Kazakhstan,KAZ,2004,2.25591
Kazakhstan,KAZ,2005,2.26353
Kazakhstan,KAZ,2006,2.62678
Kazakhstan,KAZ,2007,2.83139
Kazakhstan,KAZ,2008,2.58946
Kazakhstan,KAZ,2009,3.06072
Kazakhstan,KAZ,2010,3.4622574
Kazakhstan,KAZ,2011,3.493521
Kazakhstan,KAZ,2012,3.901637
Kazakhstan,KAZ,2013,3.4373152
Kazakhstan,KAZ,2014,3.4245028
Kazakhstan,KAZ,2015,2.78858
Kazakhstan,KAZ,2016,2.9781
Kazakhstan,KAZ,2017,2.75082
Kazakhstan,KAZ,2018,2.61595
Kazakhstan,KAZ,2019,2.85697
Kazakhstan,KAZ,2020,4.4462037
Kenya,KEN,2000,5.18673
Kenya,KEN,2001,5.20621
Kenya,KEN,2002,6.172
Kenya,KEN,2003,6.49427
Kenya,KEN,2004,6.79693
Kenya,KEN,2005,7.33565
Kenya,KEN,2006,7.04984
Kenya,KEN,2009,4.02
Kenya,KEN,2010,4.81549
Kenya,KEN,2011,4.70013
Kenya,KEN,2012,4.93121
Kenya,KEN,2013,4.83721
Kenya,KEN,2014,4.7173
Kenya,KEN,2015,4.7435
Kenya,KEN,2016,4.89518
Kenya,KEN,2017,4.96309
Kenya,KEN,2018,5.10762
Kenya,KEN,2019,4.5779924
Kenya,KEN,2020,4.6281557
Kiribati,KIR,2000,11.18587
Kiribati,KIR,2001,11.98812
Kiribati,KIR,2011,13.0446
Kiribati,KIR,2012,13.427666
Kiribati,KIR,2013,13.21878
Kiribati,KIR,2014,12.953127
Kiribati,KIR,2015,12.114026
Kiribati,KIR,2016,13.483116
Kiribati,KIR,2017,13.575463
Kiribati,KIR,2019,13.574123
Kuwait,KWT,2001,6.58583
Kuwait,KWT,2002,6.55111
Kuwait,KWT,2003,5.2112923
Kuwait,KWT,2004,5.53507
Kuwait,KWT,2005,4.73834
Kuwait,KWT,2006,3.75998
Kyrgyzstan,KGZ,2000,3.50839
Kyrgyzstan,KGZ,2001,3.85418
Kyrgyzstan,KGZ,2002,4.44546
Kyrgyzstan,KGZ,2003,4.47542
Kyrgyzstan,KGZ,2004,4.62244
Kyrgyzstan,KGZ,2005,4.87384
Kyrgyzstan,KGZ,2006,5.54986
Kyrgyzstan,KGZ,2007,6.467
Kyrgyzstan,KGZ,2008,5.91319
Kyrgyzstan,KGZ,2009,6.23268
Kyrgyzstan,KGZ,2010,5.81883
Kyrgyzstan,KGZ,2011,6.79062
Kyrgyzstan,KGZ,2012,7.38423
Kyrgyzstan,KGZ,2013,6.7802
Kyrgyzstan,KGZ,2014,5.5316
Kyrgyzstan,KGZ,2015,5.98551
Kyrgyzstan,KGZ,2016,6.58615
Kyrgyzstan,KGZ,2017,6.02619
Kyrgyzstan,KGZ,2018,5.55267
Kyrgyzstan,KGZ,2019,5.36675
Kyrgyzstan,KGZ,2020,6.09391
Laos,LAO,2000,1.50369
Laos,LAO,2001,1.99028
Laos,LAO,2002,2.82522
Laos,LAO,2004,2.413
Laos,LAO,2005,2.41409
Laos,LAO,2006,2.95879
Laos,LAO,2007,3.07842
Laos,LAO,2008,2.27855
Laos,LAO,2009,1.65485
Laos,LAO,2010,1.70979
Laos,LAO,2011,1.70802
Laos,LAO,2012,1.82147
Laos,LAO,2013,3.23381
Laos,LAO,2014,2.93781
Laos,LAO,2015,2.736898
Laos,LAO,2016,2.7744298
Laos,LAO,2017,2.4979727
Laos,LAO,2018,2.3350122
Laos,LAO,2019,2.122014
Laos,LAO,2020,1.9159727
Latvia,LVA,2000,5.27427
Latvia,LVA,2001,5.44696
Latvia,LVA,2002,5.60254
Latvia,LVA,2003,5.05715
Latvia,LVA,2004,4.83406
Latvia,LVA,2005,4.769887
Latvia,LVA,2006,4.68467
Latvia,LVA,2007,4.63329
Latvia,LVA,2008,5.36645
Latvia,LVA,2009,5.52266
Latvia,LVA,2010,5.03882
Latvia,LVA,2011,5.07162
Latvia,LVA,2012,6.58271
Latvia,LVA,2013,6.99697
Latvia,LVA,2014,5.28123
Latvia,LVA,2015,5.28252
Latvia,LVA,2016,4.6575
Latvia,LVA,2017,4.36671
Latvia,LVA,2018,4.24357
Latvia,LVA,2019,4.42055
Latvia,LVA,2020,4.82104
Lebanon,LBN,2001,2.84148
Lebanon,LBN,2002,2.55271
Lebanon,LBN,2004,2.64095
Lebanon,LBN,2005,2.64619
Lebanon,LBN,2006,2.77976
Lebanon,LBN,2007,2.58357
Lebanon,LBN,2008,2.01479
Lebanon,LBN,2009,1.76571
Lebanon,LBN,2010,1.61331
Lebanon,LBN,2011,1.65252
Lebanon,LBN,2012,2.14903
Lebanon,LBN,2013,2.43397
Lebanon,LBN,2016,2.1263332
Lebanon,LBN,2017,2.1374862
Lebanon,LBN,2018,2.5272207
Lebanon,LBN,2019,2.6002655
Lebanon,LBN,2020,1.6699681
Lesotho,LSO,2000,10.09155
Lesotho,LSO,2001,9.36505
Lesotho,LSO,2002,10.10045
Lesotho,LSO,2003,13.21957
Lesotho,LSO,2004,11.10901
Lesotho,LSO,2005,12.07966
Lesotho,LSO,2006,11.27128
Lesotho,LSO,2008,12.32952
Lesotho,LSO,2011,8.17
Lesotho,LSO,2012,7.67
Lesotho,LSO,2013,7.29
Lesotho,LSO,2014,7.2
Lesotho,LSO,2015,8.685636
Lesotho,LSO,2016,7.801929
Lesotho,LSO,2017,8.15532
Lesotho,LSO,2018,7.28361
Lesotho,LSO,2019,7.194069
Lesotho,LSO,2020,6.9979925
Liberia,LBR,2008,1.70166
Liberia,LBR,2012,1.77712
Liberia,LBR,2013,1.69078
Liberia,LBR,2014,2.20005
Liberia,LBR,2015,2.1158748
Liberia,LBR,2016,2.1147969
Liberia,LBR,2017,2.6633
Liberia,LBR,2018,2.50391
Liberia,LBR,2019,2.4939764
Liberia,LBR,2020,2.1399145
Liechtenstein,LIE,2003,2.46014
Liechtenstein,LIE,2004,2.43333
Liechtenstein,LIE,2006,2.05381
Liechtenstein,LIE,2007,1.92119
Liechtenstein,LIE,2008,2.04837
Liechtenstein,LIE,2011,2.55604
Lithuania,LTU,2000,5.602386
Lithuania,LTU,2001,5.84759
Lithuania,LTU,2002,5.80008
Lithuania,LTU,2003,5.11418
Lithuania,LTU,2004,5.17428
Lithuania,LTU,2005,4.8784
Lithuania,LTU,2006,4.82573
Lithuania,LTU,2007,4.59521
Lithuania,LTU,2008,4.8399
Lithuania,LTU,2009,5.58524
Lithuania,LTU,2010,5.29786
Lithuania,LTU,2011,5.11343
Lithuania,LTU,2012,4.75803
Lithuania,LTU,2013,4.60233
Lithuania,LTU,2014,4.48658
Lithuania,LTU,2015,4.22719
Lithuania,LTU,2016,4.00431
Lithuania,LTU,2017,3.8122
Lithuania,LTU,2018,3.8929
Lithuania,LTU,2019,3.96757
Lithuania,LTU,2020,4.51256
Luxembourg,LUX,2000,4.2404723
Luxembourg,LUX,2001,3.53973
Luxembourg,LUX,2002,4.611691
Luxembourg,LUX,2003,4.8686934
Luxembourg,LUX,2004,4.9047976
Luxembourg,LUX,2005,4.8546224
Luxembourg,LUX,2006,4.4227448
Luxembourg,LUX,2007,4.2716846
Luxembourg,LUX,2008,4.3269114
Luxembourg,LUX,2009,4.867134
Luxembourg,LUX,2010,5.0119023
Luxembourg,LUX,2011,4.989581
Luxembourg,LUX,2012,3.87816
Luxembourg,LUX,2013,3.699391
Luxembourg,LUX,2014,3.85569
Luxembourg,LUX,2015,3.76792
Luxembourg,LUX,2016,3.402446
Luxembourg,LUX,2017,3.48646
Luxembourg,LUX,2018,3.66211
Luxembourg,LUX,2019,3.73954
Luxembourg,LUX,2020,3.83823
Macao,MAC,2000,3.31439
Macao,MAC,2001,2.71447
Macao,MAC,2002,2.84296
Macao,MAC,2003,2.78017
Macao,MAC,2004,2.23349
Macao,MAC,2005,2.27788
Macao,MAC,2006,2.19386
Macao,MAC,2007,2.04345
Macao,MAC,2008,2.19641
Macao,MAC,2009,2.53323
Macao,MAC,2010,2.61849
Macao,MAC,2011,2.67528
Macao,MAC,2012,3.32516
Macao,MAC,2013,2.05049
Macao,MAC,2014,2.04853
Macao,MAC,2015,3.00247
Macao,MAC,2016,3.09953
Macao,MAC,2017,2.70643
Macao,MAC,2018,2.72878
Macao,MAC,2019,3.05863
Macao,MAC,2020,6.36032
Madagascar,MDG,2000,2.43869
Madagascar,MDG,2001,2.7072
Madagascar,MDG,2002,2.23179
Madagascar,MDG,2003,2.61095
Madagascar,MDG,2004,2.81262
Madagascar,MDG,2005,3.30964
Madagascar,MDG,2006,2.83097
Madagascar,MDG,2007,2.90274
Madagascar,MDG,2008,2.55434
Madagascar,MDG,2009,2.82513
Madagascar,MDG,2010,2.5852344
Madagascar,MDG,2011,2.38168
Madagascar,MDG,2012,2.34067
Madagascar,MDG,2013,1.77694
Madagascar,MDG,2014,2.38123
Madagascar,MDG,2015,2.21012
Madagascar,MDG,2016,2.68719
Madagascar,MDG,2017,2.701374
Madagascar,MDG,2018,2.8441
Madagascar,MDG,2019,3.0133839
Madagascar,MDG,2020,3.2544339
Malawi,MWI,2000,3.60613
Malawi,MWI,2001,3.09834
Malawi,MWI,2003,2.20964
Malawi,MWI,2010,2.43237
Malawi,MWI,2011,2.85346
Malawi,MWI,2012,2.528612
Malawi,MWI,2013,3.72171
Malawi,MWI,2014,3.32569
Malawi,MWI,2015,3.85398
Malawi,MWI,2016,3.28258
Malawi,MWI,2017,2.76899
Malawi,MWI,2018,3.32296
Malaysia,MYS,2000,5.97161
Malaysia,MYS,2001,7.48447
Malaysia,MYS,2002,7.65793
Malaysia,MYS,2003,7.50288
Malaysia,MYS,2004,5.92389
Malaysia,MYS,2006,4.48576
Malaysia,MYS,2007,4.37254
Malaysia,MYS,2008,3.95852
Malaysia,MYS,2009,5.97418
Malaysia,MYS,2010,4.96645
Malaysia,MYS,2011,5.76294
Malaysia,MYS,2012,5.73903
Malaysia,MYS,2013,5.4812
Malaysia,MYS,2014,5.02936
Malaysia,MYS,2015,4.70381
Malaysia,MYS,2016,4.3459845
Malaysia,MYS,2017,4.184885
Malaysia,MYS,2018,4.1319485
Malaysia,MYS,2019,3.9795396
Malaysia,MYS,2020,4.52045
Maldives,MDV,2000,5.737207
Maldives,MDV,2001,5.2495
Maldives,MDV,2002,5.79186
Maldives,MDV,2003,5.32407
Maldives,MDV,2004,4.6616
Maldives,MDV,2005,5.01684
Maldives,MDV,2006,4.64524
Maldives,MDV,2007,4.41788
Maldives,MDV,2008,4.47029
Maldives,MDV,2009,5.08169
Maldives,MDV,2010,3.63328
Maldives,MDV,2011,3.08073
Maldives,MDV,2012,4.968268
Maldives,MDV,2013,3.9545004
Maldives,MDV,2014,3.8897953
Maldives,MDV,2015,4.6449018
Maldives,MDV,2016,4.469964
Maldives,MDV,2017,3.8727314
Maldives,MDV,2018,3.9320445
Maldives,MDV,2019,4.209365
Maldives,MDV,2020,5.7949677
Mali,MLI,2000,2.97156
Mali,MLI,2001,2.65845
Mali,MLI,2002,2.89623
Mali,MLI,2003,3.8056
Mali,MLI,2004,3.85922
Mali,MLI,2005,3.52218
Mali,MLI,2008,3.40356
Mali,MLI,2009,3.86904
Mali,MLI,2010,3.34389
Mali,MLI,2011,3.75423
Mali,MLI,2012,3.47949
Mali,MLI,2013,3.28465
Mali,MLI,2014,3.64819
Mali,MLI,2015,3.80152
Mali,MLI,2016,3.09478
Mali,MLI,2017,3.78977
Mali,MLI,2018,3.55817
Mali,MLI,2019,3.55505
Mali,MLI,2020,3.95446
Malta,MLT,2000,5.146475
Malta,MLT,2001,5.646225
Malta,MLT,2002,3.94616
Malta,MLT,2003,5.8489547
Malta,MLT,2004,4.42151
Malta,MLT,2005,5.3857603
Malta,MLT,2006,5.4451385
Malta,MLT,2007,5.94747
Malta,MLT,2008,5.50123
Malta,MLT,2009,5.07043
Malta,MLT,2010,6.25005
Malta,MLT,2011,7.69613
Malta,MLT,2012,6.34543
Malta,MLT,2013,7.57928
Malta,MLT,2014,7.00421
Malta,MLT,2015,5.02398
Malta,MLT,2016,5.10767
Malta,MLT,2017,4.55918
Malta,MLT,2018,4.957463
Malta,MLT,2019,4.93739
Malta,MLT,2020,5.765722
Marshall Islands,MHL,2002,8.20898
Marshall Islands,MHL,2003,11.8198
Marshall Islands,MHL,2017,15.106165
Marshall Islands,MHL,2018,15.158183
Marshall Islands,MHL,2019,9.91648
Marshall Islands,MHL,2020,13.779448
Mauritania,MRT,2001,2.10684
Mauritania,MRT,2002,2.27715
Mauritania,MRT,2003,2.36501
Mauritania,MRT,2004,1.9508
Mauritania,MRT,2006,1.95851
Mauritania,MRT,2011,2.33102
Mauritania,MRT,2012,2.15821
Mauritania,MRT,2013,2.29354
Mauritania,MRT,2014,2.5579643
Mauritania,MRT,2015,2.829566
Mauritania,MRT,2016,1.94406
Mauritania,MRT,2019,1.78445
Mauritania,MRT,2020,1.77161
Mauritius,MUS,2000,3.76911
Mauritius,MUS,2001,3.11486
Mauritius,MUS,2002,3.0609
Mauritius,MUS,2003,4.41583
Mauritius,MUS,2004,4.31307
Mauritius,MUS,2005,4.0782
Mauritius,MUS,2006,3.69751
Mauritius,MUS,2007,3.1854
Mauritius,MUS,2008,3.06307
Mauritius,MUS,2009,3.04731
Mauritius,MUS,2010,3.55147
Mauritius,MUS,2011,3.33207
Mauritius,MUS,2012,3.4182
Mauritius,MUS,2013,3.56776
Mauritius,MUS,2014,4.81515
Mauritius,MUS,2015,4.75847
Mauritius,MUS,2016,4.88207
Mauritius,MUS,2017,4.87887
Mauritius,MUS,2018,4.67448
Mauritius,MUS,2019,4.54195
Mauritius,MUS,2020,4.35244
Mexico,MEX,2000,3.99244
Mexico,MEX,2001,4.24104
Mexico,MEX,2002,4.45496
Mexico,MEX,2003,5.07258
Mexico,MEX,2004,4.72671
Mexico,MEX,2005,4.84569
Mexico,MEX,2006,4.69992
Mexico,MEX,2007,4.69051
Mexico,MEX,2008,4.82007
Mexico,MEX,2009,5.18794
Mexico,MEX,2010,5.15922
Mexico,MEX,2011,5.10565
Mexico,MEX,2012,5.1031
Mexico,MEX,2013,4.69605
Mexico,MEX,2014,5.25747
Mexico,MEX,2015,5.22942
Mexico,MEX,2016,4.90682
Mexico,MEX,2017,4.51822
Mexico,MEX,2018,4.25422
Mexico,MEX,2020,4.62572
Micronesia (country),FSM,2000,6.70687
Micronesia (country),FSM,2012,11.719229
Micronesia (country),FSM,2013,12.3438835
Micronesia (country),FSM,2014,12.2281685
Micronesia (country),FSM,2015,13.64651
Micronesia (country),FSM,2016,13.51266
Micronesia (country),FSM,2017,12.416417
Micronesia (country),FSM,2018,9.697045
Micronesia (country),FSM,2019,10.225991
Micronesia (country),FSM,2020,10.539216
Moldova,MDA,2000,4.48639
Moldova,MDA,2001,4.84685
Moldova,MDA,2002,5.49791
Moldova,MDA,2003,5.42489
Moldova,MDA,2004,6.77104
Moldova,MDA,2005,7.1627
Moldova,MDA,2006,7.49899
Moldova,MDA,2007,8.29337
Moldova,MDA,2008,8.23727
Moldova,MDA,2009,9.50976
Moldova,MDA,2010,7.5923
Moldova,MDA,2011,7.13638
Moldova,MDA,2012,6.98339
Moldova,MDA,2013,5.909755
Moldova,MDA,2014,6.33807
Moldova,MDA,2015,5.805687
Moldova,MDA,2016,5.67208
Moldova,MDA,2017,5.71017
Moldova,MDA,2018,5.53888
Moldova,MDA,2019,6.22577
Moldova,MDA,2020,6.60126
Monaco,MCO,2000,1.25536
Monaco,MCO,2004,1.24386
Monaco,MCO,2009,1.35459
Monaco,MCO,2010,1.31735
Monaco,MCO,2011,1.58989
Monaco,MCO,2012,1.78004
Monaco,MCO,2013,1.3344
Monaco,MCO,2014,1.02195
Monaco,MCO,2016,1.37093
Monaco,MCO,2017,1.45793
Monaco,MCO,2019,1.1589
Mongolia,MNG,2000,5.55037
Mongolia,MNG,2001,4.9360642
Mongolia,MNG,2002,7.21078
Mongolia,MNG,2004,4.32573
Mongolia,MNG,2007,4.69013
Mongolia,MNG,2009,5.14485
Mongolia,MNG,2010,4.6451
Mongolia,MNG,2011,4.60903
Mongolia,MNG,2012,5.961985
Mongolia,MNG,2013,5.24104
Mongolia,MNG,2014,5.428256
Mongolia,MNG,2015,4.3871565
Mongolia,MNG,2016,5.200433
Mongolia,MNG,2017,4.318224
Mongolia,MNG,2018,3.9974272
Mongolia,MNG,2019,3.6523697
Mongolia,MNG,2020,4.663455
Morocco,MAR,2008,4.85339
Morocco,MAR,2009,4.83119
Morocco,MAR,2012,5.5529485
Morocco,MAR,2014,5.4827604
Morocco,MAR,2015,5.133369
Morocco,MAR,2016,5.085302
Morocco,MAR,2017,4.7356496
Morocco,MAR,2018,4.960227
Morocco,MAR,2019,5.003257
Morocco,MAR,2020,6.284599
Mozambique,MOZ,2004,3.3267
Mozambique,MOZ,2005,4.00578
Mozambique,MOZ,2006,3.87147
Mozambique,MOZ,2010,5.3905287
Mozambique,MOZ,2011,5.621945
Mozambique,MOZ,2012,5.67216
Mozambique,MOZ,2013,6.11533
Mozambique,MOZ,2014,6.4939013
Mozambique,MOZ,2015,6.010834
Mozambique,MOZ,2016,5.86504
Mozambique,MOZ,2017,5.50556
Mozambique,MOZ,2018,5.45219
Mozambique,MOZ,2019,6.286394
Mozambique,MOZ,2020,6.642563
Myanmar,MMR,2011,0.85032
Myanmar,MMR,2012,1.5864288
Myanmar,MMR,2013,1.8438118
Myanmar,MMR,2014,2.0119984
Myanmar,MMR,2015,2.2456043
Myanmar,MMR,2016,2.1580884
Myanmar,MMR,2017,2.32634
Myanmar,MMR,2018,2.15748
Myanmar,MMR,2019,2.13987
Namibia,NAM,2000,6.90178
Namibia,NAM,2001,6.88887
Namibia,NAM,2002,6.74233
Namibia,NAM,2003,6.13714
Namibia,NAM,2006,6.03171
Namibia,NAM,2008,6.40343
Namibia,NAM,2010,8.2433
Namibia,NAM,2011,8.021379
Namibia,NAM,2012,9.084145
Namibia,NAM,2013,8.595417
Namibia,NAM,2014,8.994403
Namibia,NAM,2015,9.530636
Namibia,NAM,2016,10.314831
Namibia,NAM,2017,9.708673
Namibia,NAM,2018,9.622287
Namibia,NAM,2019,9.322532
Namibia,NAM,2020,9.277999
Nauru,NRU,2007,4.24615
Nauru,NRU,2014,5.737141
Nauru,NRU,2015,6.7144537
Nauru,NRU,2016,6.6689687
Nauru,NRU,2017,6.789003
Nauru,NRU,2018,5.8893194
Nauru,NRU,2019,6.224422
Nauru,NRU,2020,6.482572
Nepal,NPL,2000,2.97515
Nepal,NPL,2001,3.70838
Nepal,NPL,2002,3.15284
Nepal,NPL,2003,3.11435
Nepal,NPL,2004,3.17194
Nepal,NPL,2005,3.36464
Nepal,NPL,2006,3.60536
Nepal,NPL,2007,3.51721
Nepal,NPL,2008,3.80517
Nepal,NPL,2009,4.66376
Nepal,NPL,2010,3.63172
Nepal,NPL,2011,3.84262
Nepal,NPL,2012,3.5289886
Nepal,NPL,2013,3.2026863
Nepal,NPL,2014,3.485994
Nepal,NPL,2015,3.2942536
Nepal,NPL,2016,3.4771123
Nepal,NPL,2017,3.5289237
Nepal,NPL,2018,3.6644056
Nepal,NPL,2019,3.4856808
Nepal,NPL,2020,4.2110667
Netherlands,NLD,2000,4.58512
Netherlands,NLD,2001,4.69965
Netherlands,NLD,2002,4.8059
Netherlands,NLD,2003,5.04042
Netherlands,NLD,2004,5.06297
Netherlands,NLD,2005,5.1094
Netherlands,NLD,2006,5.04402
Netherlands,NLD,2007,4.88683
Netherlands,NLD,2008,5.02905
Netherlands,NLD,2009,5.43156
Netherlands,NLD,2010,5.48909
Netherlands,NLD,2011,5.46304
Netherlands,NLD,2012,5.41022
Netherlands,NLD,2013,5.52656
Netherlands,NLD,2014,5.4589
Netherlands,NLD,2015,5.34816
Netherlands,NLD,2016,5.4796
Netherlands,NLD,2017,5.1751
Netherlands,NLD,2018,5.35765
Netherlands,NLD,2019,5.15986
Netherlands,NLD,2020,5.42381
New Zealand,NZL,2000,5.604424
New Zealand,NZL,2005,5.789812
New Zealand,NZL,2008,6.186127
New Zealand,NZL,2009,6.501763
New Zealand,NZL,2010,6.507683
New Zealand,NZL,2011,6.270788
New Zealand,NZL,2012,6.169361
New Zealand,NZL,2013,5.888688
New Zealand,NZL,2014,5.809233
New Zealand,NZL,2015,5.708623
New Zealand,NZL,2016,5.504284
New Zealand,NZL,2017,5.27021
New Zealand,NZL,2018,5.183809
New Zealand,NZL,2019,5.17203
New Zealand,NZL,2020,5.667323
Nicaragua,NIC,2000,3.0016
Nicaragua,NIC,2002,2.39101
Nicaragua,NIC,2003,2.42201
Nicaragua,NIC,2010,4.48422
Nicaragua,NIC,2014,4.08329
Nicaragua,NIC,2015,4.07842
Nicaragua,NIC,2016,4.08115
Nicaragua,NIC,2017,4.35769
Nicaragua,NIC,2018,4.473796
Nicaragua,NIC,2019,4.59992
Nicaragua,NIC,2020,4.581561
Niger,NER,2000,2.56502
Niger,NER,2001,2.27982
Niger,NER,2002,2.40134
Niger,NER,2003,1.93706
Niger,NER,2006,2.55852
Niger,NER,2007,3.01462
Niger,NER,2008,2.72312
Niger,NER,2009,3.33588
Niger,NER,2010,2.72195
Niger,NER,2011,3.07762
Niger,NER,2012,3.18682
Niger,NER,2013,3.68953
Niger,NER,2014,5.10368
Niger,NER,2015,4.48669
Niger,NER,2016,2.95843
Niger,NER,2017,2.57818
Niger,NER,2018,3.45728
Niger,NER,2019,3.5262272
Niger,NER,2020,3.819201
North Macedonia,MKD,2002,3.30015
Norway,NOR,2000,6.45934
Norway,NOR,2001,6.82016
Norway,NOR,2002,7.42246
Norway,NOR,2003,7.39933
Norway,NOR,2004,7.27744
Norway,NOR,2005,6.84083
Norway,NOR,2006,6.35822
Norway,NOR,2007,6.50671
Norway,NOR,2008,6.24916
Norway,NOR,2009,7.07067
Norway,NOR,2010,6.71042
Norway,NOR,2011,6.41491
Norway,NOR,2012,7.32766
Norway,NOR,2013,7.43906
Norway,NOR,2014,7.64403
Norway,NOR,2015,7.52335
Norway,NOR,2016,7.98445
Norway,NOR,2017,7.84598
Norway,NOR,2018,7.59563
Norway,NOR,2019,7.86456
Norway,NOR,2020,8.37282
Oman,OMN,2000,3.20024
Oman,OMN,2001,4.02032
Oman,OMN,2002,4.32507
Oman,OMN,2003,3.89699
Oman,OMN,2004,4.02836
Oman,OMN,2005,3.51721
Oman,OMN,2006,3.85934
Oman,OMN,2009,4.18774
Oman,OMN,2013,4.35384
Pakistan,PAK,2000,1.83782
Pakistan,PAK,2004,1.76759
Pakistan,PAK,2005,2.04972
Pakistan,PAK,2006,2.39551
Pakistan,PAK,2007,2.63527
Pakistan,PAK,2008,2.74623
Pakistan,PAK,2009,2.59078
Pakistan,PAK,2010,2.28687
Pakistan,PAK,2011,2.22175
Pakistan,PAK,2012,2.13628
Pakistan,PAK,2013,2.49344
Pakistan,PAK,2014,2.46593
Pakistan,PAK,2015,2.65002
Pakistan,PAK,2016,2.4172118
Pakistan,PAK,2017,2.1366568
Pakistan,PAK,2018,2.3321695
Pakistan,PAK,2019,2.2149177
Pakistan,PAK,2020,2.0571823
Palau,PLW,2000,8.01798
Palau,PLW,2001,7.7072
Palau,PLW,2002,7.52199
Palestine,PSE,2010,6.19168
Palestine,PSE,2011,5.33528
Palestine,PSE,2012,4.74211
Palestine,PSE,2013,4.89467
Palestine,PSE,2015,4.66322
Palestine,PSE,2016,4.98296
Palestine,PSE,2017,4.72154
Panama,PAN,2000,4.75969
Panama,PAN,2001,4.10588
Panama,PAN,2002,4.19164
Panama,PAN,2003,4.1687
Panama,PAN,2004,3.57866
Panama,PAN,2008,3.50229
Panama,PAN,2011,3.15901
Panama,PAN,2014,2.816828
Panama,PAN,2015,3.0292947
Panama,PAN,2016,3.0783472
Panama,PAN,2017,2.9770412
Panama,PAN,2018,2.911991
Panama,PAN,2019,3.0932941
Panama,PAN,2020,3.622201
Papua New Guinea,PNG,2017,1.96493
Papua New Guinea,PNG,2018,1.87483
Paraguay,PRY,2000,4.23021
Paraguay,PRY,2001,3.83357
Paraguay,PRY,2002,3.40773
Paraguay,PRY,2003,3.38276
Paraguay,PRY,2004,2.8699
Paraguay,PRY,2007,2.73951
Paraguay,PRY,2010,2.77072
Paraguay,PRY,2011,3.69282
Paraguay,PRY,2012,3.66879
Paraguay,PRY,2013,2.678712
Paraguay,PRY,2014,2.596559
Paraguay,PRY,2015,3.3337781
Paraguay,PRY,2016,3.43498
Paraguay,PRY,2017,3.0906208
Paraguay,PRY,2018,3.296196
Paraguay,PRY,2019,3.4898303
Paraguay,PRY,2020,3.93615
Peru,PER,2000,3.22803
Peru,PER,2001,3.03712
Peru,PER,2002,2.82057
Peru,PER,2003,2.9378
Peru,PER,2004,2.95787
Peru,PER,2005,2.83903
Peru,PER,2006,2.65281
Peru,PER,2007,2.6294
Peru,PER,2008,2.86775
Peru,PER,2009,3.13994
Peru,PER,2010,2.8673
Peru,PER,2011,2.6635
Peru,PER,2012,2.92276
Peru,PER,2013,3.29729
Peru,PER,2014,3.69599
Peru,PER,2015,3.96933
Peru,PER,2016,3.81317
Peru,PER,2017,3.93131
Peru,PER,2018,3.71392
Peru,PER,2019,3.82243
Peru,PER,2020,4.24804
Philippines,PHL,2000,3.1644
Philippines,PHL,2001,2.92464
Philippines,PHL,2002,2.89222
Philippines,PHL,2003,2.93518
Philippines,PHL,2004,2.46983
Philippines,PHL,2005,2.32807
Philippines,PHL,2006,2.42579
Philippines,PHL,2007,2.48518
Philippines,PHL,2008,2.58283
Philippines,PHL,2009,2.53777
Philippines,PHL,2014,2.9337173
Philippines,PHL,2015,3.518517
Philippines,PHL,2016,3.0342243
Philippines,PHL,2017,3.9711545
Philippines,PHL,2018,3.8640532
Philippines,PHL,2019,3.3557916
Philippines,PHL,2020,3.876673
Poland,POL,2000,4.98393
Poland,POL,2001,5.31903
Poland,POL,2002,5.38735
Poland,POL,2003,5.32449
Poland,POL,2004,5.35558
Poland,POL,2005,5.42575
Poland,POL,2006,5.20765
Poland,POL,2007,4.86874
Poland,POL,2008,5.0424
Poland,POL,2009,4.98977
Poland,POL,2010,5.10706
Poland,POL,2011,4.86102
Poland,POL,2012,4.8616
Poland,POL,2013,5.02124
Poland,POL,2014,4.96657
Poland,POL,2015,4.81701
Poland,POL,2016,4.65911
Poland,POL,2017,4.57465
Poland,POL,2018,4.60506
Poland,POL,2019,4.67881
Poland,POL,2020,4.85265
Portugal,PRT,2000,5.16385
Portugal,PRT,2001,5.33713
Portugal,PRT,2002,5.25872
Portugal,PRT,2003,5.28153
Portugal,PRT,2004,5.04638
Portugal,PRT,2005,5.07395
Portugal,PRT,2006,4.90767
Portugal,PRT,2007,4.92147
Portugal,PRT,2008,4.69609
Portugal,PRT,2009,5.56315
Portugal,PRT,2010,5.41249
Portugal,PRT,2011,5.12333
Portugal,PRT,2012,4.94941
Portugal,PRT,2013,5.27097
Portugal,PRT,2014,5.124
Portugal,PRT,2015,4.88554
Portugal,PRT,2016,4.770906
Portugal,PRT,2017,5.01561
Portugal,PRT,2018,4.67516
Portugal,PRT,2019,4.63002
Portugal,PRT,2020,4.87656
Puerto Rico,PRI,2013,6.48108
Puerto Rico,PRI,2014,6.07266
Qatar,QAT,2000,3.72598
Qatar,QAT,2001,3.20019
Qatar,QAT,2002,3.84656
Qatar,QAT,2003,3.37394
Qatar,QAT,2004,3.46259
Qatar,QAT,2005,3.97188
Qatar,QAT,2008,4.22755
Qatar,QAT,2009,3.41315
Qatar,QAT,2010,4.53966
Qatar,QAT,2011,4.01224
Qatar,QAT,2012,3.50744
Qatar,QAT,2013,4.07384
Qatar,QAT,2014,3.60535
Qatar,QAT,2017,2.96746
Qatar,QAT,2019,2.80378
Qatar,QAT,2020,3.23367
Romania,ROU,2000,2.86863
Romania,ROU,2001,3.26629
Romania,ROU,2002,3.50413
Romania,ROU,2003,3.54397
Romania,ROU,2004,3.31273
Romania,ROU,2005,3.50039
Romania,ROU,2006,4.30651
Romania,ROU,2007,4.14954
Romania,ROU,2008,4.0972
Romania,ROU,2009,4.00213
Romania,ROU,2010,3.41717
Romania,ROU,2011,2.91376
Romania,ROU,2012,2.82322
Romania,ROU,2013,3.068
Romania,ROU,2014,3.12508
Romania,ROU,2015,3.10695
Romania,ROU,2016,3.0256
Romania,ROU,2017,3.1182
Romania,ROU,2018,3.31918
Romania,ROU,2019,3.56695
Romania,ROU,2020,3.58926
Russia,RUS,2000,2.93979
Russia,RUS,2001,3.10602
Russia,RUS,2002,3.83502
Russia,RUS,2003,3.67854
Russia,RUS,2004,3.54787
Russia,RUS,2005,3.77193
Russia,RUS,2006,3.86626
Russia,RUS,2008,4.10175
Russia,RUS,2009,4.4706416
Russia,RUS,2010,3.8476243
Russia,RUS,2011,3.7681737
Russia,RUS,2012,3.7931
Russia,RUS,2013,3.76383
Russia,RUS,2014,4.01388
Russia,RUS,2015,3.83403
Russia,RUS,2016,3.76044
Russia,RUS,2017,4.68991
Russia,RUS,2018,4.6782
Russia,RUS,2019,3.5093255
Russia,RUS,2020,3.7014675
Rwanda,RWA,2000,3.43431
Rwanda,RWA,2001,4.82515
Rwanda,RWA,2007,3.98514
Rwanda,RWA,2008,3.50219
Rwanda,RWA,2010,4.63131
Rwanda,RWA,2011,4.3835
Rwanda,RWA,2012,4.42103
Rwanda,RWA,2013,4.74214
Rwanda,RWA,2014,4.19639
Rwanda,RWA,2015,3.64709
Rwanda,RWA,2016,3.43479
Rwanda,RWA,2017,3.12472
Rwanda,RWA,2018,3.07375
Rwanda,RWA,2019,3.2386806
Rwanda,RWA,2020,3.333943
Saint Kitts and Nevis,KNA,2000,4.74039
Saint Kitts and Nevis,KNA,2001,4.42155
Saint Kitts and Nevis,KNA,2002,3.92051
Saint Kitts and Nevis,KNA,2003,3.79099
Saint Kitts and Nevis,KNA,2004,3.97135
Saint Kitts and Nevis,KNA,2005,3.83145
Saint Kitts and Nevis,KNA,2006,4.05926
Saint Kitts and Nevis,KNA,2007,4.19381
Saint Kitts and Nevis,KNA,2010,2.9440582
Saint Kitts and Nevis,KNA,2011,2.751113
Saint Kitts and Nevis,KNA,2012,3.182906
Saint Kitts and Nevis,KNA,2013,3.2620585
Saint Kitts and Nevis,KNA,2014,2.8499043
Saint Kitts and Nevis,KNA,2015,2.54988
Saint Kitts and Nevis,KNA,2016,3.1243594
Saint Kitts and Nevis,KNA,2017,3.159016
Saint Kitts and Nevis,KNA,2018,3.157386
Saint Kitts and Nevis,KNA,2019,2.9865136
Saint Kitts and Nevis,KNA,2020,3.1035798
Saint Lucia,LCA,2001,5.70733
Saint Lucia,LCA,2003,3.53449
Saint Lucia,LCA,2004,3.43646
Saint Lucia,LCA,2005,4.23896
Saint Lucia,LCA,2006,4.69669
Saint Lucia,LCA,2008,4.48353
Saint Lucia,LCA,2009,3.06766
Saint Lucia,LCA,2010,3.4829
Saint Lucia,LCA,2011,3.59886
Saint Lucia,LCA,2012,3.29098
Saint Lucia,LCA,2013,3.87658
Saint Lucia,LCA,2014,3.89143
Saint Lucia,LCA,2015,3.88063
Saint Lucia,LCA,2016,5.21076
Saint Lucia,LCA,2017,3.6333432
Saint Lucia,LCA,2018,3.33578
Saint Lucia,LCA,2019,3.27884
Saint Lucia,LCA,2020,3.61722
Saint Vincent and the Grenadines,VCT,2000,7.32788
Saint Vincent and the Grenadines,VCT,2002,7.38802
Saint Vincent and the Grenadines,VCT,2003,8.17489
Saint Vincent and the Grenadines,VCT,2005,6.03083
Saint Vincent and the Grenadines,VCT,2007,5.43937
Saint Vincent and the Grenadines,VCT,2009,5.37611
Saint Vincent and the Grenadines,VCT,2010,4.80839
Saint Vincent and the Grenadines,VCT,2015,4.9561524
Saint Vincent and the Grenadines,VCT,2016,5.45266
Saint Vincent and the Grenadines,VCT,2017,5.37976
Saint Vincent and the Grenadines,VCT,2018,5.22359
Saint Vincent and the Grenadines,VCT,2020,5.4637585
Samoa,WSM,2000,3.63096
Samoa,WSM,2001,3.97652
Samoa,WSM,2002,3.93932
Samoa,WSM,2008,5.11659
Samoa,WSM,2013,4.6148605
Samoa,WSM,2014,5.2174478
Samoa,WSM,2015,4.61519
Samoa,WSM,2016,4.349684
Samoa,WSM,2017,3.9623191
Samoa,WSM,2018,4.260974
Samoa,WSM,2019,4.3958173
Samoa,WSM,2020,4.481005
San Marino,SMR,2002,3.304998
San Marino,SMR,2003,3.1327538
San Marino,SMR,2004,2.79384
San Marino,SMR,2010,2.62884
San Marino,SMR,2011,2.70296
San Marino,SMR,2015,3.4428658
San Marino,SMR,2016,3.3372016
San Marino,SMR,2017,3.36997
San Marino,SMR,2018,3.55516
San Marino,SMR,2019,3.3797
San Marino,SMR,2020,3.42462
Sao Tome and Principe,STP,2002,2.72058
Sao Tome and Principe,STP,2003,3.24693
Sao Tome and Principe,STP,2004,3.23471
Sao Tome and Principe,STP,2005,4.85645
Sao Tome and Principe,STP,2006,4.27118
Sao Tome and Principe,STP,2007,6.28683
Sao Tome and Principe,STP,2008,5.55449
Sao Tome and Principe,STP,2009,10.6779
Sao Tome and Principe,STP,2010,9.65147
Sao Tome and Principe,STP,2012,6.33951
Sao Tome and Principe,STP,2013,5.93969
Sao Tome and Principe,STP,2014,3.74906
Sao Tome and Principe,STP,2015,3.8646
Sao Tome and Principe,STP,2016,5.17304
Sao Tome and Principe,STP,2017,5.03637
Sao Tome and Principe,STP,2018,5.23511
Sao Tome and Principe,STP,2019,5.8993106
Sao Tome and Principe,STP,2020,5.0152383
Saudi Arabia,SAU,2000,5.90983
Saudi Arabia,SAU,2001,7.71887
Saudi Arabia,SAU,2002,7.63689
Saudi Arabia,SAU,2003,7.10509
Saudi Arabia,SAU,2004,6.27746
Saudi Arabia,SAU,2005,5.43092
Saudi Arabia,SAU,2006,5.89117
Saudi Arabia,SAU,2008,5.13781
Senegal,SEN,2000,2.46335
Senegal,SEN,2001,2.47151
Senegal,SEN,2002,2.59442
Senegal,SEN,2003,2.75125
Senegal,SEN,2004,3.07778
Senegal,SEN,2005,4.06443
Senegal,SEN,2006,3.82138
Senegal,SEN,2008,4.02568
Senegal,SEN,2009,4.92073
Senegal,SEN,2010,5.21774
Senegal,SEN,2011,4.90303
Senegal,SEN,2012,4.77699
Senegal,SEN,2013,5.68656
Senegal,SEN,2014,5.72021
Senegal,SEN,2015,5.45638
Senegal,SEN,2016,5.11309
Senegal,SEN,2017,4.62497
Senegal,SEN,2018,4.85822
Senegal,SEN,2019,5.4494443
Senegal,SEN,2020,5.688511
Serbia,SRB,2007,4.20984
Serbia,SRB,2008,4.442
Serbia,SRB,2009,4.48398
Serbia,SRB,2010,4.32781
Serbia,SRB,2011,4.23836
Serbia,SRB,2012,4.16421
Serbia,SRB,2014,3.92698
Serbia,SRB,2015,3.7864
Serbia,SRB,2016,3.6347
Serbia,SRB,2017,3.71016
Serbia,SRB,2018,3.58232
Serbia,SRB,2019,3.61647
Serbia,SRB,2020,3.56221
Seychelles,SYC,2000,3.9791648
Seychelles,SYC,2002,4.88109
Seychelles,SYC,2003,5.05177
Seychelles,SYC,2006,4.48331
Seychelles,SYC,2007,4.0665827
Seychelles,SYC,2010,3.5482633
Seychelles,SYC,2011,3.62882
Seychelles,SYC,2012,2.54105
Seychelles,SYC,2013,3.61677
Seychelles,SYC,2014,3.95247
Seychelles,SYC,2015,5.05933
Seychelles,SYC,2016,4.32329
Seychelles,SYC,2017,4.2353654
Seychelles,SYC,2018,4.039305
Seychelles,SYC,2019,4.0505514
Seychelles,SYC,2020,4.8912005
Sierra Leone,SLE,2000,4.94937
Sierra Leone,SLE,2001,3.48251
Sierra Leone,SLE,2002,3.59434
Sierra Leone,SLE,2003,3.299
Sierra Leone,SLE,2004,3.14693
Sierra Leone,SLE,2005,2.83727
Sierra Leone,SLE,2007,2.59678
Sierra Leone,SLE,2008,2.46589
Sierra Leone,SLE,2009,2.81821
Sierra Leone,SLE,2010,2.58851
Sierra Leone,SLE,2011,2.67825
Sierra Leone,SLE,2012,2.8816
Sierra Leone,SLE,2013,2.37981
Sierra Leone,SLE,2014,2.66291
Sierra Leone,SLE,2015,3.2178628
Sierra Leone,SLE,2016,2.91134
Sierra Leone,SLE,2017,4.66086
Sierra Leone,SLE,2018,6.98963
Sierra Leone,SLE,2019,7.44701
Sierra Leone,SLE,2020,8.80955
Singapore,SGP,2000,3.3213
Singapore,SGP,2001,3.54249
Singapore,SGP,2002,3.87853
Singapore,SGP,2003,3.98194
Singapore,SGP,2004,3.65276
Singapore,SGP,2005,3.19596
Singapore,SGP,2006,2.85912
Singapore,SGP,2007,2.94675
Singapore,SGP,2008,2.7646
Singapore,SGP,2009,3.01013
Singapore,SGP,2010,3.08044
Singapore,SGP,2011,3.03077
Singapore,SGP,2012,3.07086
Singapore,SGP,2013,2.85435
Singapore,SGP,2014,2.9243667
Singapore,SGP,2015,2.8630934
Singapore,SGP,2016,2.873206
Singapore,SGP,2017,2.757537
Singapore,SGP,2018,2.85647
Singapore,SGP,2019,2.72968
Singapore,SGP,2020,2.68745
Slovakia,SVK,2000,3.86468
Slovakia,SVK,2001,3.9357
Slovakia,SVK,2002,4.2454
Slovakia,SVK,2003,4.20957
Slovakia,SVK,2004,4.10157
Slovakia,SVK,2005,3.75996
Slovakia,SVK,2006,3.7077
Slovakia,SVK,2007,3.52321
Slovakia,SVK,2008,3.52165
Slovakia,SVK,2009,4.00641
Slovakia,SVK,2010,4.0448
Slovakia,SVK,2011,3.89836
Slovakia,SVK,2012,3.85901
Slovakia,SVK,2013,4.06895
Slovakia,SVK,2014,4.2159
Slovakia,SVK,2015,4.57843
Slovakia,SVK,2016,3.90079
Slovakia,SVK,2017,3.93221
Slovakia,SVK,2018,3.95291
Slovakia,SVK,2019,4.27319
Slovakia,SVK,2020,4.76468
Slovenia,SVN,2000,6.1304827
Slovenia,SVN,2001,5.75683
Slovenia,SVN,2002,5.67286
Slovenia,SVN,2003,5.70333
Slovenia,SVN,2004,5.64426
Slovenia,SVN,2005,5.60408
Slovenia,SVN,2006,5.59066
Slovenia,SVN,2007,5.11661
Slovenia,SVN,2008,5.10952
Slovenia,SVN,2009,5.55497
Slovenia,SVN,2010,5.54546
Slovenia,SVN,2011,5.54126
Slovenia,SVN,2012,5.62023
Slovenia,SVN,2013,5.40573
Slovenia,SVN,2014,5.2917
Slovenia,SVN,2015,4.90953
Slovenia,SVN,2016,4.79267
Slovenia,SVN,2017,4.78054
Slovenia,SVN,2018,4.93456
Slovenia,SVN,2019,4.89649
Slovenia,SVN,2020,5.38652
Solomon Islands,SLB,2007,7.33327
Solomon Islands,SLB,2008,6.89515
Solomon Islands,SLB,2009,6.65859
Solomon Islands,SLB,2010,7.47837
Somalia,SOM,2017,0.12717403
Somalia,SOM,2018,0.23445097
Somalia,SOM,2019,0.27066174
South Africa,ZAF,2000,4.90881
South Africa,ZAF,2001,4.63618
South Africa,ZAF,2002,4.54569
South Africa,ZAF,2003,4.3521
South Africa,ZAF,2004,4.50898
South Africa,ZAF,2005,4.5245
South Africa,ZAF,2006,4.52652
South Africa,ZAF,2007,4.44667
South Africa,ZAF,2008,4.37425
South Africa,ZAF,2009,4.76119
South Africa,ZAF,2010,5.13497
South Africa,ZAF,2011,5.28898
South Africa,ZAF,2012,5.52323
South Africa,ZAF,2013,5.35072
South Africa,ZAF,2014,5.48978
South Africa,ZAF,2015,5.48285
South Africa,ZAF,2016,5.44424
South Africa,ZAF,2017,5.59867
South Africa,ZAF,2018,5.64401
South Africa,ZAF,2019,5.9277
South Africa,ZAF,2020,6.18336
South Korea,KOR,2009,3.9135816
South Korea,KOR,2010,3.527567
South Korea,KOR,2015,4.454238
South Korea,KOR,2016,4.3331
South Korea,KOR,2017,4.32824
South Korea,KOR,2018,4.45808
South Korea,KOR,2019,4.68466
South Korea,KOR,2020,4.80172
South Sudan,SSD,2011,0.96289
South Sudan,SSD,2012,1.2455281
South Sudan,SSD,2013,1.0245
South Sudan,SSD,2014,1.23246
South Sudan,SSD,2015,1.46556
South Sudan,SSD,2016,1.5653923
Spain,ESP,2000,4.16605
Spain,ESP,2001,4.11127
Spain,ESP,2002,4.13457
Spain,ESP,2003,4.17343
Spain,ESP,2004,4.15786
Spain,ESP,2005,4.14432
Spain,ESP,2006,4.18482
Spain,ESP,2007,4.25405
Spain,ESP,2008,4.52806
Spain,ESP,2009,4.912
Spain,ESP,2010,4.85608
Spain,ESP,2011,4.89692
Spain,ESP,2012,4.46932
Spain,ESP,2013,4.34962
Spain,ESP,2014,4.30151
Spain,ESP,2015,4.28457
Spain,ESP,2016,4.22544
Spain,ESP,2017,4.20552
Spain,ESP,2018,4.17949
Spain,ESP,2019,4.23022
Spain,ESP,2020,4.89987
Sri Lanka,LKA,2009,2.0559
Sri Lanka,LKA,2010,1.66178
Sri Lanka,LKA,2011,1.74292
Sri Lanka,LKA,2012,1.45342
Sri Lanka,LKA,2013,1.56459
Sri Lanka,LKA,2014,1.85859
Sri Lanka,LKA,2015,2.10998
Sri Lanka,LKA,2016,3.22929
Sri Lanka,LKA,2017,2.59317
Sri Lanka,LKA,2018,1.98781
Sri Lanka,LKA,2020,1.5554107
Sudan,SDN,2000,1.01218
Sudan,SDN,2002,1.16425
Sudan,SDN,2004,1.31255
Sudan,SDN,2005,1.17843
Sudan,SDN,2006,1.55354
Sudan,SDN,2008,1.8515
Sudan,SDN,2009,2.02213
Suriname,SUR,2015,5.5182385
Suriname,SUR,2016,5.640519
Suriname,SUR,2017,5.458613
Suriname,SUR,2018,4.9225936
Suriname,SUR,2020,5.320321
Sweden,SWE,2000,6.74015
Sweden,SWE,2001,6.61764
Sweden,SWE,2002,6.92435
Sweden,SWE,2003,6.79143
Sweden,SWE,2004,6.66311
Sweden,SWE,2005,6.5064
Sweden,SWE,2006,6.36429
Sweden,SWE,2007,6.17159
Sweden,SWE,2008,6.34455
Sweden,SWE,2009,6.74971
Sweden,SWE,2010,6.52269
Sweden,SWE,2011,6.36692
Sweden,SWE,2012,7.53697
Sweden,SWE,2013,7.61121
Sweden,SWE,2014,7.57373
Sweden,SWE,2015,7.4439
Sweden,SWE,2016,7.61862
Sweden,SWE,2017,7.56883
Sweden,SWE,2018,7.64084
Sweden,SWE,2019,7.63851
Sweden,SWE,2020,7.92561
Switzerland,CHE,2000,4.65878
Switzerland,CHE,2001,4.82219
Switzerland,CHE,2002,5.17881
Switzerland,CHE,2003,5.38401
Switzerland,CHE,2004,5.31429
Switzerland,CHE,2005,5.08472
Switzerland,CHE,2006,4.84121
Switzerland,CHE,2007,4.58395
Switzerland,CHE,2008,4.75726
Switzerland,CHE,2009,4.92561
Switzerland,CHE,2010,4.8021
Switzerland,CHE,2011,4.85664
Switzerland,CHE,2012,4.89862
Switzerland,CHE,2013,4.91393
Switzerland,CHE,2014,4.93057
Switzerland,CHE,2015,4.99559
Switzerland,CHE,2016,4.98164
Switzerland,CHE,2017,5.01765
Switzerland,CHE,2018,4.93009
Switzerland,CHE,2019,5.01439
Switzerland,CHE,2020,5.29164
Syria,SYR,2001,4.5464
Syria,SYR,2002,5.26985
Syria,SYR,2003,6.48084
Syria,SYR,2004,5.37148
Syria,SYR,2006,5.27965
Syria,SYR,2007,4.86471
Syria,SYR,2008,4.59525
Syria,SYR,2009,5.13014
Tajikistan,TJK,2000,2.32871
Tajikistan,TJK,2001,2.37659
Tajikistan,TJK,2002,2.77579
Tajikistan,TJK,2003,2.42079
Tajikistan,TJK,2004,2.77203
Tajikistan,TJK,2005,3.51213
Tajikistan,TJK,2006,3.4035
Tajikistan,TJK,2007,3.41327
Tajikistan,TJK,2008,3.45983
Tajikistan,TJK,2009,4.09831
Tajikistan,TJK,2010,4.00675
Tajikistan,TJK,2011,3.93511
Tajikistan,TJK,2012,4.01803
Tajikistan,TJK,2015,4.96774
Tajikistan,TJK,2016,5.7309413
Tajikistan,TJK,2017,5.544718
Tajikistan,TJK,2018,5.3850875
Tajikistan,TJK,2019,5.5680547
Tajikistan,TJK,2020,5.9609222
Tanzania,TZA,2004,3.56123
Tanzania,TZA,2005,3.54625
Tanzania,TZA,2006,3.00992
Tanzania,TZA,2007,4.03342
Tanzania,TZA,2008,4.18591
Tanzania,TZA,2009,3.96076
Tanzania,TZA,2010,4.5417
Tanzania,TZA,2011,4.577899
Tanzania,TZA,2012,4.229643
Tanzania,TZA,2013,4.6376944
Tanzania,TZA,2014,3.38488
Tanzania,TZA,2015,4.1948657
Tanzania,TZA,2016,4.1019673
Tanzania,TZA,2017,4.43051
Tanzania,TZA,2018,3.69954
Tanzania,TZA,2019,3.5968363
Tanzania,TZA,2020,3.2309725
Thailand,THA,2000,5.25346
Thailand,THA,2001,4.81787
Thailand,THA,2002,3.86492
Thailand,THA,2003,3.72561
Thailand,THA,2004,4.03089
Thailand,THA,2005,3.93859
Thailand,THA,2006,4.05038
Thailand,THA,2007,3.60315
Thailand,THA,2008,3.5085
Thailand,THA,2009,3.86194
Thailand,THA,2010,3.50844
Thailand,THA,2011,4.80555
Thailand,THA,2012,3.5969183
Thailand,THA,2013,3.8243985
Thailand,THA,2014,3.9191775
Thailand,THA,2015,3.8639762
Thailand,THA,2016,3.7676175
Thailand,THA,2017,3.4653215
Thailand,THA,2018,3.197694
Thailand,THA,2019,3.0222142
Thailand,THA,2020,3.1531708
Togo,TGO,2000,2.8853
Togo,TGO,2001,2.77208
Togo,TGO,2002,2.56634
Togo,TGO,2003,2.44759
Togo,TGO,2004,2.28831
Togo,TGO,2005,2.32521
Togo,TGO,2006,2.52774
Togo,TGO,2007,2.58339
Togo,TGO,2008,2.41758
Togo,TGO,2009,2.84629
Togo,TGO,2010,3.01441
Togo,TGO,2011,3.17112
Togo,TGO,2012,3.47276
Togo,TGO,2013,3.25526
Togo,TGO,2014,3.52084
Togo,TGO,2015,3.75931
Togo,TGO,2016,3.68649
Togo,TGO,2017,3.76053
Togo,TGO,2018,4.09168
Togo,TGO,2019,4.2016683
Togo,TGO,2020,4.0913367
Tonga,TON,2000,4.87808
Tonga,TON,2001,4.47756
Tonga,TON,2002,3.795
Tonga,TON,2003,4.15951
Tonga,TON,2004,3.91377
Tonga,TON,2017,5.059225
Tonga,TON,2018,4.9694552
Tonga,TON,2019,5.2732296
Tonga,TON,2020,4.8605165
Trinidad and Tobago,TTO,2000,2.75565
Trinidad and Tobago,TTO,2001,3.06529
Trinidad and Tobago,TTO,2002,3.54301
Trinidad and Tobago,TTO,2003,3.1366
Trinidad and Tobago,TTO,2012,2.6298275
Trinidad and Tobago,TTO,2013,2.6737628
Trinidad and Tobago,TTO,2014,2.5713308
Trinidad and Tobago,TTO,2015,3.1485095
Trinidad and Tobago,TTO,2016,3.7671504
Trinidad and Tobago,TTO,2017,3.3022418
Trinidad and Tobago,TTO,2018,3.21679
Trinidad and Tobago,TTO,2019,3.5986485
Trinidad and Tobago,TTO,2020,4.20678
Tunisia,TUN,2000,6.20196
Tunisia,TUN,2001,6.20185
Tunisia,TUN,2002,5.79006
Tunisia,TUN,2003,6.81675
Tunisia,TUN,2004,6.72079
Tunisia,TUN,2005,6.45157
Tunisia,TUN,2006,6.4388
Tunisia,TUN,2007,6.46452
Tunisia,TUN,2008,6.27157
Tunisia,TUN,2009,6.52848
Tunisia,TUN,2010,5.96307
Tunisia,TUN,2012,5.95086
Tunisia,TUN,2015,6.22045
Turkey,TUR,2008,3.3205578
Turkey,TUR,2009,3.7650497
Turkey,TUR,2010,3.7870135
Turkey,TUR,2011,4.22152
Turkey,TUR,2012,4.38722
Turkey,TUR,2013,4.34481
Turkey,TUR,2014,4.41258
Turkey,TUR,2015,4.3222
Turkey,TUR,2016,4.62774
Turkey,TUR,2017,4.32369
Turkey,TUR,2018,4.30004
Turkey,TUR,2019,4.45403
Turkey,TUR,2020,4.00861
Turkmenistan,TKM,2012,3.04925
Turkmenistan,TKM,2019,3.19201
Turkmenistan,TKM,2020,3.77978
Turks and Caicos Islands,TCA,2000,4.71883
Turks and Caicos Islands,TCA,2001,4.84301
Turks and Caicos Islands,TCA,2002,5.06914
Turks and Caicos Islands,TCA,2003,4.72878
Turks and Caicos Islands,TCA,2005,2.541
Turks and Caicos Islands,TCA,2011,3.360295
Turks and Caicos Islands,TCA,2012,2.6955898
Turks and Caicos Islands,TCA,2013,2.93595
Turks and Caicos Islands,TCA,2014,2.9425504
Turks and Caicos Islands,TCA,2015,3.09325
Turks and Caicos Islands,TCA,2016,2.979562
Turks and Caicos Islands,TCA,2017,2.7840173
Turks and Caicos Islands,TCA,2018,2.74377
Turks and Caicos Islands,TCA,2019,2.50509
Turks and Caicos Islands,TCA,2020,2.9245627
Uganda,UGA,2000,2.46167
Uganda,UGA,2004,4.95237
Uganda,UGA,2010,1.7274
Uganda,UGA,2011,2.29891
Uganda,UGA,2012,1.79747
Uganda,UGA,2013,1.87114
Uganda,UGA,2014,1.91472
Uganda,UGA,2015,2.32152
Uganda,UGA,2016,2.13789
Uganda,UGA,2017,2.25364
Uganda,UGA,2018,2.13052
Uganda,UGA,2019,2.3082807
Uganda,UGA,2020,2.5722218
Ukraine,UKR,2000,4.02293
Ukraine,UKR,2001,4.52568
Ukraine,UKR,2002,5.24007
Ukraine,UKR,2003,5.40019
Ukraine,UKR,2004,5.12376
Ukraine,UKR,2005,5.8482
Ukraine,UKR,2006,5.97946
Ukraine,UKR,2007,5.90244
Ukraine,UKR,2008,6.15242
Ukraine,UKR,2009,7.05075
Ukraine,UKR,2011,5.93771
Ukraine,UKR,2012,6.4427
Ukraine,UKR,2013,6.4199
Ukraine,UKR,2014,5.87494
Ukraine,UKR,2015,5.7425685
Ukraine,UKR,2016,5.00978
Ukraine,UKR,2017,5.41708
Ukraine,UKR,2018,5.31992
Ukraine,UKR,2019,5.4413
Ukraine,UKR,2020,5.38232
United Arab Emirates,ARE,2019,3.86021
United Arab Emirates,ARE,2020,3.98418
United Kingdom,GBR,2000,4.01475
United Kingdom,GBR,2001,4.09869
United Kingdom,GBR,2002,4.6152
United Kingdom,GBR,2003,4.80098
United Kingdom,GBR,2004,4.73051
United Kingdom,GBR,2005,4.92685
United Kingdom,GBR,2006,4.97331
United Kingdom,GBR,2007,4.92178
United Kingdom,GBR,2008,4.90607
United Kingdom,GBR,2009,5.05902
United Kingdom,GBR,2010,5.68737
United Kingdom,GBR,2011,5.55896
United Kingdom,GBR,2012,5.627909
United Kingdom,GBR,2013,5.52683
United Kingdom,GBR,2014,5.59841
United Kingdom,GBR,2015,5.55359
United Kingdom,GBR,2016,5.41511
United Kingdom,GBR,2017,5.43125
United Kingdom,GBR,2018,5.19807
United Kingdom,GBR,2019,5.24871
United Kingdom,GBR,2020,5.4977
United States,USA,2000,6.0856495
United States,USA,2001,6.298923
United States,USA,2002,6.3599553
United States,USA,2003,6.3286076
United States,USA,2004,6.2537637
United States,USA,2005,6.1709833
United States,USA,2006,6.164029
United States,USA,2007,6.2433186
United States,USA,2008,6.436086
United States,USA,2009,6.7386985
United States,USA,2010,6.694554
United States,USA,2011,6.4976835
United States,USA,2012,6.253886
United States,USA,2013,6.229258
United States,USA,2014,6.1292057
United States,USA,2015,4.94678
United States,USA,2016,4.80666
United States,USA,2017,5.12288
United States,USA,2018,4.92889
United States,USA,2019,4.98728
United States,USA,2020,5.43544
Uruguay,URY,2000,2.42255
Uruguay,URY,2001,2.80096
Uruguay,URY,2002,2.3222
Uruguay,URY,2003,2.06821
Uruguay,URY,2004,2.49954
Uruguay,URY,2005,2.71475
Uruguay,URY,2006,2.85664
Uruguay,URY,2011,4.14937
Uruguay,URY,2012,4.0935335
Uruguay,URY,2013,4.23892
Uruguay,URY,2014,4.26735
Uruguay,URY,2015,4.20637
Uruguay,URY,2016,4.3642
Uruguay,URY,2017,4.41787
Uruguay,URY,2018,4.6136
Uruguay,URY,2019,4.6413
Uruguay,URY,2020,4.54307
Uzbekistan,UZB,2011,5.818761
Uzbekistan,UZB,2012,6.026915
Uzbekistan,UZB,2013,5.74191
Uzbekistan,UZB,2014,5.71323
Uzbekistan,UZB,2015,5.4945335
Uzbekistan,UZB,2016,5.4152374
Uzbekistan,UZB,2017,5.0333195
Uzbekistan,UZB,2018,4.835893
Uzbekistan,UZB,2019,6.2953467
Uzbekistan,UZB,2020,4.9480367
Vanuatu,VUT,2000,7.00363
Vanuatu,VUT,2001,8.95115
Vanuatu,VUT,2002,8.13198
Vanuatu,VUT,2003,8.44151
Vanuatu,VUT,2008,5.95151
Vanuatu,VUT,2009,5.16051
Vanuatu,VUT,2014,5.18195
Vanuatu,VUT,2015,5.60338
Vanuatu,VUT,2017,4.53343
Vanuatu,VUT,2019,1.77407
Vanuatu,VUT,2020,2.17359
Venezuela,VEN,2006,3.66906
Venezuela,VEN,2007,3.62732
Venezuela,VEN,2009,6.87468
Vietnam,VNM,2008,4.88674
Vietnam,VNM,2009,4.8165
Vietnam,VNM,2010,4.04594
Vietnam,VNM,2011,3.78023
Vietnam,VNM,2012,4.40817
Vietnam,VNM,2013,4.52834
Vietnam,VNM,2014,3.540123
Vietnam,VNM,2015,3.4166043
Vietnam,VNM,2016,3.46907
Vietnam,VNM,2017,3.4186566
Vietnam,VNM,2018,3.29537
Vietnam,VNM,2019,3.0849984
Vietnam,VNM,2020,3.216529
World,OWID_WRL,2001,5.303075
World,OWID_WRL,2002,5.43809
World,OWID_WRL,2003,4.748296
World,OWID_WRL,2004,5.0470147
World,OWID_WRL,2005,4.73834
World,OWID_WRL,2006,3.851065
World,OWID_WRL,2008,4.22755
World,OWID_WRL,2013,4.21384
World,OWID_WRL,2014,3.60535
World,OWID_WRL,2019,2.80378
World,OWID_WRL,2020,4.4440765
Yemen,YEM,2000,9.64552
Yemen,YEM,2001,9.23766
Yemen,YEM,2002,6.3207965
Yemen,YEM,2003,5.9482794
Yemen,YEM,2004,5.554147
Yemen,YEM,2005,5.1502557
Yemen,YEM,2006,5.144416
Yemen,YEM,2007,5.8287826
Yemen,YEM,2008,5.15143
Yemen,YEM,2009,5.916243
Yemen,YEM,2010,4.3922234
Yemen,YEM,2011,5.042027
Yemen,YEM,2012,5.46479
Zambia,ZMB,2000,1.78819
Zambia,ZMB,2004,2.46343
Zambia,ZMB,2005,1.73553
Zambia,ZMB,2007,1.24076
Zambia,ZMB,2008,1.09972
Zambia,ZMB,2010,3.4160044
Zambia,ZMB,2011,3.3577228
Zambia,ZMB,2012,3.6950023
Zambia,ZMB,2013,3.7182071
Zambia,ZMB,2015,4.62433
Zambia,ZMB,2016,3.74792
Zambia,ZMB,2017,3.72964
Zambia,ZMB,2018,4.73975
Zambia,ZMB,2019,4.41824
Zambia,ZMB,2020,3.9496481
Zimbabwe,ZWE,2010,1.54406
Zimbabwe,ZWE,2011,5.0778284
Zimbabwe,ZWE,2012,6.07021
Zimbabwe,ZWE,2013,5.99598
Zimbabwe,ZWE,2014,6.13835
Zimbabwe,ZWE,2017,5.81878
Zimbabwe,ZWE,2018,2.05049
