Entity,Code,Year,"Literacy rate, youth (ages 15-24), gender parity index (GPI)"
Afghanistan,AFG,1979,0.24331
Afghanistan,AFG,2011,0.51897
Afghanistan,AFG,2015,0.36032337
Afghanistan,AFG,2021,0.58382
Albania,ALB,2001,1.0013
Albania,ALB,2008,1.00589
Albania,ALB,2009,1.0185281
Albania,ALB,2011,1.00126
Albania,ALB,2012,0.99642
Albania,ALB,2017,1.0004016
Albania,ALB,2022,1.00801
Algeria,DZA,1987,0.72146
Algeria,DZA,2002,0.91576
Algeria,DZA,2006,0.94445
Algeria,DZA,2008,0.95815
Algeria,DZA,2018,0.9965
Algeria,DZA,2019,1.2301569
American Samoa,ASM,1980,0.99545
Angola,AGO,2001,0.75417
Angola,AGO,2014,0.83176
Angola,AGO,2022,0.93946
Arab World (WB),,1978,0.68126
Arab World (WB),,1979,0.68726
Arab World (WB),,1980,0.69593
Arab World (WB),,1981,0.70497
Arab World (WB),,1982,0.7144
Arab World (WB),,1983,0.71353
Arab World (WB),,1984,0.72559
Arab World (WB),,1985,0.73703
Arab World (WB),,1986,0.74769
Arab World (WB),,1987,0.75719
Arab World (WB),,1988,0.76732
Arab World (WB),,1989,0.77704
Arab World (WB),,1990,0.78712
Arab World (WB),,1991,0.79304
Arab World (WB),,1992,0.80252
Arab World (WB),,1993,0.79143
Arab World (WB),,1994,0.80156
Arab World (WB),,1995,0.81067
Arab World (WB),,1996,0.82226
Arab World (WB),,1997,0.83263
Arab World (WB),,1998,0.84334
Arab World (WB),,1999,0.85422
Arab World (WB),,2000,0.86415
Arab World (WB),,2001,0.87319
Arab World (WB),,2002,0.88347
Arab World (WB),,2003,0.87025
Arab World (WB),,2004,0.87916
Arab World (WB),,2005,0.88443
Arab World (WB),,2006,0.90064
Arab World (WB),,2007,0.9066
Arab World (WB),,2008,0.91136
Arab World (WB),,2009,0.89957
Arab World (WB),,2010,0.90382
Arab World (WB),,2011,0.90742
Arab World (WB),,2012,0.92114
Arab World (WB),,2013,0.92716
Arab World (WB),,2014,0.93665
Arab World (WB),,2015,0.93424
Arab World (WB),,2016,0.93952
Arab World (WB),,2017,0.94513
Arab World (WB),,2018,0.93934
Arab World (WB),,2019,0.94186
Arab World (WB),,2020,0.94445
Arab World (WB),,2021,0.9469
Arab World (WB),,2022,0.9492
Argentina,ARG,1980,1.00867
Argentina,ARG,1991,1.00482
Argentina,ARG,2001,1.00423
Armenia,ARM,1989,1.00001
Armenia,ARM,2000,1
Armenia,ARM,2001,1.00109
Armenia,ARM,2011,1.00058
Armenia,ARM,2016,1.00058
Armenia,ARM,2017,1.00053
Armenia,ARM,2020,1.00045
Aruba,ABW,2000,1.00287
Aruba,ABW,2010,1.0036
Aruba,ABW,2020,0.99779
Azerbaijan,AZE,1999,1.00031
Azerbaijan,AZE,2006,1
Azerbaijan,AZE,2007,1
Azerbaijan,AZE,2009,0.99989
Azerbaijan,AZE,2010,0.99966
Azerbaijan,AZE,2011,0.99976
Azerbaijan,AZE,2012,0.99963
Azerbaijan,AZE,2013,0.9995
Azerbaijan,AZE,2014,0.9996
Azerbaijan,AZE,2015,0.99956
Azerbaijan,AZE,2016,0.99954
Azerbaijan,AZE,2017,0.99952
Azerbaijan,AZE,2019,0.99947
Bahrain,BHR,1981,0.91512
Bahrain,BHR,1991,0.99301
Bahrain,BHR,2001,1.00436
Bahrain,BHR,2011,1
Bangladesh,BGD,1981,0.61203
Bangladesh,BGD,1991,0.73429
Bangladesh,BGD,2000,1
Bangladesh,BGD,2001,0.89715
Bangladesh,BGD,2007,1.1958
Bangladesh,BGD,2011,1.03949
Bangladesh,BGD,2012,1.03897
Bangladesh,BGD,2013,1.03257
Bangladesh,BGD,2014,1.02141
Bangladesh,BGD,2015,1.03738
Bangladesh,BGD,2016,1.02812
Bangladesh,BGD,2017,1.03005
Bangladesh,BGD,2018,1.03276
Bangladesh,BGD,2019,1.0248
Bangladesh,BGD,2020,1.02811
Barbados,BRB,1970,1.0008
Barbados,BRB,1980,1
Barbados,BRB,2012,1
Belarus,BLR,1989,1.00069
Belarus,BLR,1999,1.00071
Belarus,BLR,2009,1.00047
Belarus,BLR,2012,1
Belarus,BLR,2019,1.00053
Belize,BLZ,1991,1.00967
Belize,BLZ,2001,1.02378
Benin,BEN,1979,0.39936
Benin,BEN,1992,0.48413
Benin,BEN,2001,0.5214473
Benin,BEN,2002,0.5614
Benin,BEN,2006,0.56111
Benin,BEN,2012,0.64025
Benin,BEN,2022,0.80299
Bhutan,BTN,2005,0.84911
Bhutan,BTN,2012,0.9091
Bhutan,BTN,2017,0.99594
Bhutan,BTN,2022,1
Bolivia,BOL,1976,0.82914
Bolivia,BOL,1992,0.95066
Bolivia,BOL,2000,0.9783
Bolivia,BOL,2001,0.9828
Bolivia,BOL,2002,0.9797
Bolivia,BOL,2003,0.9718508
Bolivia,BOL,2004,0.9906
Bolivia,BOL,2005,0.9916
Bolivia,BOL,2006,0.9794
Bolivia,BOL,2007,0.9939
Bolivia,BOL,2008,0.9959
Bolivia,BOL,2009,0.9939
Bolivia,BOL,2011,0.9948
Bolivia,BOL,2012,0.9969
Bolivia,BOL,2013,0.9967
Bolivia,BOL,2014,0.9953
Bolivia,BOL,2015,1.0001
Bolivia,BOL,2016,0.9984
Bolivia,BOL,2017,0.9989
Bolivia,BOL,2018,0.997
Bolivia,BOL,2019,0.9973
Bolivia,BOL,2020,0.9995
Bolivia,BOL,2021,1.0004
Bosnia and Herzegovina,BIH,1991,0.99446
Bosnia and Herzegovina,BIH,2000,1.00096
Bosnia and Herzegovina,BIH,2011,0.99398
Bosnia and Herzegovina,BIH,2013,1.0001
Bosnia and Herzegovina,BIH,2022,1
Botswana,BWA,1991,1.06885
Botswana,BWA,2003,1.03675
Botswana,BWA,2013,1.03414
Brazil,BRA,1980,1.03144
Brazil,BRA,2000,1.03202
Brazil,BRA,2001,1.023
Brazil,BRA,2002,1.0241
Brazil,BRA,2003,1.0208
Brazil,BRA,2004,1.0221
Brazil,BRA,2005,1.0201
Brazil,BRA,2006,1.0161
Brazil,BRA,2007,1.0155
Brazil,BRA,2008,1.0138
Brazil,BRA,2009,1.0127
Brazil,BRA,2010,1.0163
Brazil,BRA,2011,1.0116
Brazil,BRA,2012,1.008
Brazil,BRA,2013,1.0099
Brazil,BRA,2014,1.0081
Brazil,BRA,2015,1.0075
Brazil,BRA,2016,1.0076
Brazil,BRA,2017,1.0069
Brazil,BRA,2018,1.0068
Brazil,BRA,2019,1.0072
Brazil,BRA,2020,1.0055
Brazil,BRA,2021,1.0042
Brazil,BRA,2022,1.00391
Brunei,BRN,1981,0.99123
Brunei,BRN,1991,0.99976
Brunei,BRN,2001,1.00038
Brunei,BRN,2011,1.00348
Brunei,BRN,2018,1.00155
Brunei,BRN,2021,1.0012
Bulgaria,BGR,2001,0.99797
Bulgaria,BGR,2011,0.99576
Bulgaria,BGR,2021,0.99552
Burkina Faso,BFA,1975,0.29781
Burkina Faso,BFA,1991,0.52909
Burkina Faso,BFA,1996,0.54891
Burkina Faso,BFA,2003,0.64645
Burkina Faso,BFA,2005,0.65585
Burkina Faso,BFA,2006,0.66632
Burkina Faso,BFA,2007,0.70881
Burkina Faso,BFA,2010,0.5790816
Burkina Faso,BFA,2014,0.77175
Burkina Faso,BFA,2018,0.85263
Burkina Faso,BFA,2019,0.85163
Burkina Faso,BFA,2022,0.93017
Burundi,BDI,1979,0.52494
Burundi,BDI,1990,0.80694
Burundi,BDI,2000,0.91645
Burundi,BDI,2008,0.86049
Burundi,BDI,2010,0.8046213
Burundi,BDI,2014,0.87887
Burundi,BDI,2017,0.94051
Burundi,BDI,2022,0.99138
Cambodia,KHM,1998,0.86835
Cambodia,KHM,2004,0.89736
Cambodia,KHM,2005,0.6733
Cambodia,KHM,2008,0.95694
Cambodia,KHM,2009,0.97165
Cambodia,KHM,2010,0.9679901
Cambodia,KHM,2014,1.00495
Cambodia,KHM,2015,1.00766
Cambodia,KHM,2022,1.01109
Cameroon,CMR,1976,0.74208
Cameroon,CMR,2000,0.8817
Cameroon,CMR,2004,0.83118325
Cameroon,CMR,2007,0.86652
Cameroon,CMR,2010,0.89489
Cameroon,CMR,2011,0.8445697
Cameroon,CMR,2018,0.93947
Cameroon,CMR,2020,0.94584
Cape Verde,CPV,1990,0.96071
Cape Verde,CPV,2000,1.01573
Cape Verde,CPV,2012,1.00535
Cape Verde,CPV,2015,1.0116
Cape Verde,CPV,2022,1.01008
Cayman Islands,CYM,2007,0.99477
Cayman Islands,CYM,2017,0.99477
Central African Republic,CAF,1975,0.36151
Central African Republic,CAF,1988,0.55708
Central African Republic,CAF,2000,0.67525
Central African Republic,CAF,2010,0.55205
Central African Republic,CAF,2018,0.6005
Central African Republic,CAF,2019,0.65741104
Central African Republic,CAF,2020,0.6122
Central Europe and the Baltics (WB),,1981,0.99899
Central Europe and the Baltics (WB),,1982,0.99904
Central Europe and the Baltics (WB),,1983,0.99908
Central Europe and the Baltics (WB),,1984,0.99919
Central Europe and the Baltics (WB),,1985,0.99922
Central Europe and the Baltics (WB),,1986,0.99926
Central Europe and the Baltics (WB),,1987,0.9993
Central Europe and the Baltics (WB),,1988,0.9992
Central Europe and the Baltics (WB),,1989,0.99921
Central Europe and the Baltics (WB),,1990,0.99926
Central Europe and the Baltics (WB),,1991,0.99931
Central Europe and the Baltics (WB),,1992,0.99939
Central Europe and the Baltics (WB),,1993,0.99948
Central Europe and the Baltics (WB),,1994,0.99956
Central Europe and the Baltics (WB),,2014,1.00043
Central Europe and the Baltics (WB),,2015,1.00049
Central Europe and the Baltics (WB),,2016,1.00054
Central Europe and the Baltics (WB),,2017,1.0006
Central Europe and the Baltics (WB),,2018,1.00063
Central Europe and the Baltics (WB),,2019,1.00066
Central Europe and the Baltics (WB),,2020,1.00068
Central Europe and the Baltics (WB),,2021,1.00061
Central Europe and the Baltics (WB),,2022,1.0006
Chad,TCD,1993,0.34084
Chad,TCD,2000,0.41726
Chad,TCD,2004,0.573
Chad,TCD,2015,0.50146
Chad,TCD,2016,0.55015
Chad,TCD,2019,0.3976583
Chad,TCD,2022,0.74028
Chile,CHL,1982,1.00962
Chile,CHL,1992,1.00552
Chile,CHL,2000,1.0036
Chile,CHL,2002,1.00383
Chile,CHL,2003,1.0051
Chile,CHL,2006,1.004
Chile,CHL,2009,1.0034
Chile,CHL,2011,1.004
Chile,CHL,2013,1.0008
Chile,CHL,2015,1.0017
Chile,CHL,2017,1
Chile,CHL,2022,0.99778
China,CHN,1982,0.86231
China,CHN,1990,0.94306
China,CHN,2000,0.99301
China,CHN,2010,0.99903
China,CHN,2020,1.0001
Colombia,COL,1993,1.017
Colombia,COL,1996,1.01211
Colombia,COL,2002,1.0117
Colombia,COL,2003,1.0161
Colombia,COL,2004,1.0088
Colombia,COL,2005,1.008
Colombia,COL,2006,1.00673
Colombia,COL,2007,1.00951
Colombia,COL,2008,1.0089
Colombia,COL,2009,1.0101
Colombia,COL,2010,1.0085
Colombia,COL,2011,1.0097
Colombia,COL,2012,1.0093
Colombia,COL,2013,1.0098
Colombia,COL,2014,1.0085
Colombia,COL,2015,1.0077
Colombia,COL,2016,1.0073
Colombia,COL,2017,1.0075
Colombia,COL,2018,1.0044
Colombia,COL,2019,1.0067
Colombia,COL,2020,1.0066
Colombia,COL,2021,1.0059
Comoros,COM,1980,0.79153
Comoros,COM,2000,0.92384
Comoros,COM,2012,0.94289
Comoros,COM,2022,1.02587
Congo,COG,1984,0.89618
Congo,COG,2005,0.79935
Congo,COG,2011,0.89803
Congo,COG,2021,0.93321
Costa Rica,CRI,1984,1.00803
Costa Rica,CRI,2000,1.00858
Costa Rica,CRI,2011,1.00252
Costa Rica,CRI,2018,1.1338893
Costa Rica,CRI,2021,1.00151
Cote d'Ivoire,CIV,1988,0.63148
Cote d'Ivoire,CIV,1998,0.73248
Cote d'Ivoire,CIV,2000,0.73581
Cote d'Ivoire,CIV,2012,0.6643
Cote d'Ivoire,CIV,2014,0.79561
Cote d'Ivoire,CIV,2019,0.82324
Croatia,HRV,1991,0.99938
Croatia,HRV,2001,1.00009
Croatia,HRV,2021,1.0003
Cuba,CUB,2002,0.99996
Cuba,CUB,2012,1.0004
Cuba,CUB,2021,1.0004
Cyprus,CYP,1992,1.00085
Cyprus,CYP,2001,1.00079
Cyprus,CYP,2011,1.00034
Cyprus,CYP,2021,1.0002
Democratic Republic of Congo,COD,2001,0.80905
Democratic Republic of Congo,COD,2007,0.6746
Democratic Republic of Congo,COD,2012,0.84196
Democratic Republic of Congo,COD,2013,0.8273552
Democratic Republic of Congo,COD,2016,0.87636
Democratic Republic of Congo,COD,2022,0.94074
Dominican Republic,DOM,1981,1.03194
Dominican Republic,DOM,2000,1.034
Dominican Republic,DOM,2001,1.0238
Dominican Republic,DOM,2002,1.0278
Dominican Republic,DOM,2003,1.0228
Dominican Republic,DOM,2004,1.0154
Dominican Republic,DOM,2005,1.0119
Dominican Republic,DOM,2006,1.0268
Dominican Republic,DOM,2007,1.0054
Dominican Republic,DOM,2008,1.0187
Dominican Republic,DOM,2009,1.0219
Dominican Republic,DOM,2010,1.0174
Dominican Republic,DOM,2011,1.0214
Dominican Republic,DOM,2012,1.0132
Dominican Republic,DOM,2013,1.0068
Dominican Republic,DOM,2014,1.0021
Dominican Republic,DOM,2015,0.9997
Dominican Republic,DOM,2016,1.0071
Dominican Republic,DOM,2017,1.0068
Dominican Republic,DOM,2018,1.0104
Dominican Republic,DOM,2019,1.0081
Dominican Republic,DOM,2020,1.005
Dominican Republic,DOM,2021,1.0027
Dominican Republic,DOM,2022,0.99607
East Asia and the Pacific (WB),,1976,0.82166
East Asia and the Pacific (WB),,1977,0.82467
East Asia and the Pacific (WB),,1978,0.83951
East Asia and the Pacific (WB),,1979,0.85494
East Asia and the Pacific (WB),,1980,0.8704
East Asia and the Pacific (WB),,1981,0.88409
East Asia and the Pacific (WB),,1982,0.89607
East Asia and the Pacific (WB),,1983,0.9056
East Asia and the Pacific (WB),,1984,0.91407
East Asia and the Pacific (WB),,1985,0.92058
East Asia and the Pacific (WB),,1986,0.92608
East Asia and the Pacific (WB),,1987,0.93169
East Asia and the Pacific (WB),,1988,0.9482
East Asia and the Pacific (WB),,1989,0.95184
East Asia and the Pacific (WB),,1990,0.95496
East Asia and the Pacific (WB),,1991,0.95828
East Asia and the Pacific (WB),,1992,0.96123
East Asia and the Pacific (WB),,1993,0.9637
East Asia and the Pacific (WB),,1994,0.96672
East Asia and the Pacific (WB),,1995,0.96963
East Asia and the Pacific (WB),,1996,0.97199
East Asia and the Pacific (WB),,1997,0.98924
East Asia and the Pacific (WB),,1998,0.9903
East Asia and the Pacific (WB),,1999,0.99158
East Asia and the Pacific (WB),,2000,0.99133
East Asia and the Pacific (WB),,2001,0.99263
East Asia and the Pacific (WB),,2002,0.99348
East Asia and the Pacific (WB),,2003,0.99498
East Asia and the Pacific (WB),,2004,0.99539
East Asia and the Pacific (WB),,2005,0.99616
East Asia and the Pacific (WB),,2006,0.99613
East Asia and the Pacific (WB),,2007,0.99691
East Asia and the Pacific (WB),,2008,0.99803
East Asia and the Pacific (WB),,2009,0.99856
East Asia and the Pacific (WB),,2010,0.99881
East Asia and the Pacific (WB),,2011,0.99867
East Asia and the Pacific (WB),,2012,0.99887
East Asia and the Pacific (WB),,2013,0.99951
East Asia and the Pacific (WB),,2014,1.00014
East Asia and the Pacific (WB),,2015,0.9996
East Asia and the Pacific (WB),,2016,0.99981
East Asia and the Pacific (WB),,2017,1.00006
East Asia and the Pacific (WB),,2018,1.0008
East Asia and the Pacific (WB),,2019,1.00133
East Asia and the Pacific (WB),,2020,1.00151
East Asia and the Pacific (WB),,2021,1.00164
East Asia and the Pacific (WB),,2022,1.00179
East Timor,TLS,2009,0.95942694
East Timor,TLS,2010,0.97613
East Timor,TLS,2020,1.03349
Ecuador,ECU,1982,0.97593
Ecuador,ECU,1990,0.99231
Ecuador,ECU,2001,0.9839
Ecuador,ECU,2003,1.0214
Ecuador,ECU,2005,0.9925
Ecuador,ECU,2006,0.9931
Ecuador,ECU,2007,1.0045
Ecuador,ECU,2008,0.9976
Ecuador,ECU,2009,1.0003
Ecuador,ECU,2010,1.0058
Ecuador,ECU,2011,1.0041
Ecuador,ECU,2012,0.9977
Ecuador,ECU,2013,0.9972
Ecuador,ECU,2014,1.0033
Ecuador,ECU,2015,0.9834
Ecuador,ECU,2016,1.0028
Ecuador,ECU,2017,1.0076
Ecuador,ECU,2018,1.0062
Ecuador,ECU,2019,1.0184
Ecuador,ECU,2020,1.0221
Ecuador,ECU,2021,1.0034
Ecuador,ECU,2022,1.00217
Egypt,EGY,1976,0.60473
Egypt,EGY,1986,0.75657
Egypt,EGY,1996,0.84733
Egypt,EGY,2005,0.87451
Egypt,EGY,2006,0.93051
Egypt,EGY,2010,0.93098
Egypt,EGY,2012,0.93174
Egypt,EGY,2013,0.96451
Egypt,EGY,2017,0.97013
Egypt,EGY,2022,0.98943
El Salvador,SLV,1992,1.00003
El Salvador,SLV,2000,1.0042
El Salvador,SLV,2001,1.0009
El Salvador,SLV,2002,1.0069
El Salvador,SLV,2003,1.0006
El Salvador,SLV,2004,1.0028
El Salvador,SLV,2005,1.0002
El Salvador,SLV,2006,1.011
El Salvador,SLV,2007,1.0062
El Salvador,SLV,2008,1.01118
El Salvador,SLV,2009,1.0097
El Salvador,SLV,2010,1.0075
El Salvador,SLV,2011,1.0082
El Salvador,SLV,2012,1.0086
El Salvador,SLV,2013,1.0056
El Salvador,SLV,2014,1.009
El Salvador,SLV,2015,1.0099
El Salvador,SLV,2016,1.0057
El Salvador,SLV,2017,1.0036
El Salvador,SLV,2018,1.0049
El Salvador,SLV,2019,1.0072
El Salvador,SLV,2020,1.0042
Equatorial Guinea,GNQ,2000,0.98992
Equatorial Guinea,GNQ,2010,1.00618
Eritrea,ERI,2002,0.80557
Eritrea,ERI,2008,0.90459
Eritrea,ERI,2018,0.98823
Estonia,EST,1989,1.00071
Estonia,EST,2000,1.00084
Estonia,EST,2011,1.0002
Estonia,EST,2021,1.0001
Eswatini,SWZ,1976,0.9855
Eswatini,SWZ,1986,1.01437
Eswatini,SWZ,2000,1.0242
Eswatini,SWZ,2006,1.0509725
Eswatini,SWZ,2010,1.02703
Eswatini,SWZ,2020,1.0239
Ethiopia,ETH,1994,0.71471
Ethiopia,ETH,2000,0.5461896
Ethiopia,ETH,2004,0.61897
Ethiopia,ETH,2005,0.59586
Ethiopia,ETH,2007,0.74703
Ethiopia,ETH,2011,0.670713
Ethiopia,ETH,2016,0.69476336
Ethiopia,ETH,2017,0.97894
Europe and Central Asia (WB),,1990,0.99295
Europe and Central Asia (WB),,1991,0.9932
Europe and Central Asia (WB),,1992,0.99463
Europe and Central Asia (WB),,1993,0.99498
Europe and Central Asia (WB),,1994,0.99545
Europe and Central Asia (WB),,1995,0.99578
Europe and Central Asia (WB),,1996,0.99611
Europe and Central Asia (WB),,1997,0.99644
Europe and Central Asia (WB),,1998,0.99694
Europe and Central Asia (WB),,1999,0.9973
Europe and Central Asia (WB),,2000,0.99559
Europe and Central Asia (WB),,2001,0.99575
Europe and Central Asia (WB),,2002,0.99565
Europe and Central Asia (WB),,2003,0.99585
Europe and Central Asia (WB),,2004,0.99604
Europe and Central Asia (WB),,2005,0.99629
Europe and Central Asia (WB),,2006,0.99631
Europe and Central Asia (WB),,2007,0.99637
Europe and Central Asia (WB),,2008,0.99648
Europe and Central Asia (WB),,2009,0.99775
Europe and Central Asia (WB),,2010,0.99819
Europe and Central Asia (WB),,2011,0.99858
Europe and Central Asia (WB),,2012,0.99883
Europe and Central Asia (WB),,2013,0.99897
Europe and Central Asia (WB),,2014,0.99908
Europe and Central Asia (WB),,2015,0.99934
Europe and Central Asia (WB),,2016,0.99944
Europe and Central Asia (WB),,2017,0.99982
Europe and Central Asia (WB),,2018,0.99976
Europe and Central Asia (WB),,2019,0.99987
Europe and Central Asia (WB),,2020,1.0001
Europe and Central Asia (WB),,2021,1.00008
Europe and Central Asia (WB),,2022,1.00005
Fiji,FJI,2021,1.0303673
Gabon,GAB,1993,0.97571
Gabon,GAB,2012,1.02281
Gabon,GAB,2022,1.04286
Gambia,GMB,2000,0.64336
Gambia,GMB,2013,0.85063
Gambia,GMB,2015,0.91099
Gambia,GMB,2022,1.12797
Georgia,GEO,2002,1.00074
Georgia,GEO,2014,1.00052
Georgia,GEO,2017,0.99725
Georgia,GEO,2022,1.0039
Ghana,GHA,2000,0.86231
Ghana,GHA,2003,0.8617435
Ghana,GHA,2010,0.94252
Ghana,GHA,2014,0.9175167
Ghana,GHA,2020,0.99754
Greece,GRC,1981,0.99835
Greece,GRC,1991,0.99991
Greece,GRC,2001,1.00098
Greece,GRC,2009,0.99957
Grenada,GRD,1970,1.00234
Grenada,GRD,1980,1.00503
Guam,GUM,1980,1.00572
Guam,GUM,1990,0.99948
Guam,GUM,2000,0.9997
Guatemala,GTM,1994,0.8654
Guatemala,GTM,2000,0.8698
Guatemala,GTM,2002,0.90752
Guatemala,GTM,2006,0.9279
Guatemala,GTM,2012,0.96309
Guatemala,GTM,2013,0.95316
Guatemala,GTM,2014,0.9679
Guatemala,GTM,2015,0.95179576
Guatemala,GTM,2018,0.98413
Guatemala,GTM,2022,0.9943
Guinea,GIN,1996,0.30537
Guinea,GIN,2003,0.57295
Guinea,GIN,2005,0.37575945
Guinea,GIN,2010,0.58021
Guinea,GIN,2012,0.5194588
Guinea,GIN,2014,0.65315
Guinea,GIN,2018,0.6242
Guinea,GIN,2021,0.68821
Guinea-Bissau,GNB,1979,0.29824
Guinea-Bissau,GNB,2000,0.61367
Guinea-Bissau,GNB,2014,0.69833
Guinea-Bissau,GNB,2022,0.8309
Guyana,GUY,2009,1.01333
Guyana,GUY,2014,1.00727
Guyana,GUY,2020,1.0131912
Guyana,GUY,2022,1.00611
Haiti,HTI,1982,0.99594
Haiti,HTI,2003,0.97619
Haiti,HTI,2006,0.94774
Haiti,HTI,2012,0.9740035
Haiti,HTI,2016,0.99138
Honduras,HND,2001,1.0324
Honduras,HND,2004,1.0151
Honduras,HND,2005,1.0392
Honduras,HND,2007,1.02482
Honduras,HND,2009,1.0272
Honduras,HND,2010,1.0149
Honduras,HND,2011,1.0206
Honduras,HND,2012,1.0207
Honduras,HND,2013,1.0254
Honduras,HND,2014,1.0129
Honduras,HND,2015,1.0207
Honduras,HND,2016,1.0237
Honduras,HND,2018,1.0336
Honduras,HND,2019,1.0252
Hungary,HUN,1980,0.99896
Hungary,HUN,1990,1
Hungary,HUN,2021,1.00404
India,IND,1981,0.60803
India,IND,1991,0.67133
India,IND,2001,0.80467
India,IND,2006,0.84102
India,IND,2011,0.90899
India,IND,2020,0.9180378
India,IND,2022,0.98046
Indonesia,IDN,1980,0.91134
Indonesia,IDN,1990,0.97605
Indonesia,IDN,2004,0.99671
Indonesia,IDN,2006,0.99222
Indonesia,IDN,2008,0.99844
Indonesia,IDN,2009,0.99846
Indonesia,IDN,2011,0.99947
Indonesia,IDN,2014,0.99997
Indonesia,IDN,2015,0.99935
Indonesia,IDN,2016,0.9997
Indonesia,IDN,2017,0.99359554
Indonesia,IDN,2018,0.99979
Indonesia,IDN,2020,1.00004
Iran,IRN,1976,0.59701
Iran,IRN,1986,0.77601
Iran,IRN,1991,0.87846
Iran,IRN,1996,0.94807
Iran,IRN,2005,0.98601
Iran,IRN,2006,0.98957
Iran,IRN,2008,0.99195
Iran,IRN,2012,0.99316
Iran,IRN,2013,0.99316
Iran,IRN,2014,0.99477
Iran,IRN,2016,0.99651
Iran,IRN,2022,1.00243
Iraq,IRQ,2000,0.90524
Iraq,IRQ,2012,0.90951
Iraq,IRQ,2014,0.93036
Iraq,IRQ,2016,0.9454
Iraq,IRQ,2017,0.9705
Israel,ISR,1983,0.98982
Italy,ITA,1981,0.9989
Italy,ITA,2001,1.00016
Italy,ITA,2011,1.00018
Italy,ITA,2019,1.00101
Jamaica,JAM,1999,1.0933
Jordan,JOR,1979,0.88559
Jordan,JOR,2003,0.99582
Jordan,JOR,2005,1.00093
Jordan,JOR,2007,0.99994
Jordan,JOR,2010,1.00008
Jordan,JOR,2011,1.00204
Jordan,JOR,2012,1.00202
Jordan,JOR,2021,1.00291
Kazakhstan,KAZ,1989,0.9945
Kazakhstan,KAZ,1999,1.00059
Kazakhstan,KAZ,2009,1.00061
Kazakhstan,KAZ,2010,0.99911
Kazakhstan,KAZ,2020,0.999
Kenya,KEN,2000,0.98535
Kenya,KEN,2007,0.9811
Kenya,KEN,2014,0.99077
Kenya,KEN,2022,1.01726
Kuwait,KWT,1975,0.84964
Kuwait,KWT,1980,0.93532
Kuwait,KWT,1985,0.92724
Kuwait,KWT,1995,0.96146
Kuwait,KWT,2005,1.00097
Kuwait,KWT,2006,0.99977
Kuwait,KWT,2007,1.00111
Kuwait,KWT,2008,1.00176
Kuwait,KWT,2010,0.99652
Kuwait,KWT,2012,1.001
Kuwait,KWT,2013,0.99787
Kuwait,KWT,2015,1.00252
Kuwait,KWT,2017,1.00445
Kuwait,KWT,2018,1.0073
Kuwait,KWT,2020,1.00473
Kyrgyzstan,KGZ,1999,1.00091
Kyrgyzstan,KGZ,2009,1.00095
Kyrgyzstan,KGZ,2019,1.001
Laos,LAO,1995,0.81271
Laos,LAO,2000,0.83533
Laos,LAO,2001,0.90415
Laos,LAO,2005,0.88286
Laos,LAO,2011,0.86776
Laos,LAO,2015,0.95865
Laos,LAO,2022,0.98009
Latin America and Caribbean (WB),,1974,0.97936
Latin America and Caribbean (WB),,1975,0.97964
Latin America and Caribbean (WB),,1976,0.98293
Latin America and Caribbean (WB),,1977,0.98702
Latin America and Caribbean (WB),,1978,0.99152
Latin America and Caribbean (WB),,1979,0.99582
Latin America and Caribbean (WB),,1980,0.99997
Latin America and Caribbean (WB),,1981,1.00389
Latin America and Caribbean (WB),,1982,1.0077
Latin America and Caribbean (WB),,1983,1.01148
Latin America and Caribbean (WB),,1984,1.01499
Latin America and Caribbean (WB),,1985,1.0183
Latin America and Caribbean (WB),,1986,1.02119
Latin America and Caribbean (WB),,1987,1.02133
Latin America and Caribbean (WB),,1988,1.02291
Latin America and Caribbean (WB),,1989,1.02553
Latin America and Caribbean (WB),,1990,1.02822
Latin America and Caribbean (WB),,1991,1.0253
Latin America and Caribbean (WB),,1992,1.02233
Latin America and Caribbean (WB),,1993,1.01896
Latin America and Caribbean (WB),,1994,1.0156
Latin America and Caribbean (WB),,1995,1.01213
Latin America and Caribbean (WB),,1996,1.01177
Latin America and Caribbean (WB),,1997,1.01046
Latin America and Caribbean (WB),,1998,1.00999
Latin America and Caribbean (WB),,1999,1.01043
Latin America and Caribbean (WB),,2000,1.01073
Latin America and Caribbean (WB),,2001,1.01042
Latin America and Caribbean (WB),,2002,1.00914
Latin America and Caribbean (WB),,2003,1.00721
Latin America and Caribbean (WB),,2004,1.0084
Latin America and Caribbean (WB),,2005,1.00841
Latin America and Caribbean (WB),,2006,1.00465
Latin America and Caribbean (WB),,2007,1.00531
Latin America and Caribbean (WB),,2008,1.00498
Latin America and Caribbean (WB),,2009,1.00428
Latin America and Caribbean (WB),,2010,1.00647
Latin America and Caribbean (WB),,2011,1.00573
Latin America and Caribbean (WB),,2012,1.00503
Latin America and Caribbean (WB),,2013,1.00494
Latin America and Caribbean (WB),,2014,1.00424
Latin America and Caribbean (WB),,2015,1.00426
Latin America and Caribbean (WB),,2016,1.00429
Latin America and Caribbean (WB),,2017,1.00371
Latin America and Caribbean (WB),,2018,1.00352
Latin America and Caribbean (WB),,2019,1.00346
Latin America and Caribbean (WB),,2020,1.0035
Latin America and Caribbean (WB),,2021,1.00363
Latin America and Caribbean (WB),,2022,1.00348
Latvia,LVA,1989,1.00071
Latvia,LVA,2000,1.00065
Latvia,LVA,2011,1.00068
Latvia,LVA,2021,1.0009
Lebanon,LBN,2007,1.00693
Lebanon,LBN,2009,1.00176
Lebanon,LBN,2019,1.0016
Lesotho,LSO,2000,1.12996
Lesotho,LSO,2009,1.19446
Lesotho,LSO,2014,1.15283
Lesotho,LSO,2022,1.12323
Liberia,LBR,1984,0.53678
Liberia,LBR,2007,0.58581
Liberia,LBR,2013,0.7546269
Liberia,LBR,2017,0.7026
Liberia,LBR,2019,0.83323675
Libya,LBY,1984,0.82074
Libya,LBY,1994,0.96862
Lithuania,LTU,1989,1.00067
Lithuania,LTU,2001,1.0008
Lithuania,LTU,2011,1.00021
Lithuania,LTU,2021,1.0001
Low-income countries,,1988,0.72451
Low-income countries,,1989,0.72933
Low-income countries,,1990,0.73666
Low-income countries,,1991,0.73904
Low-income countries,,1992,0.74048
Low-income countries,,1993,0.74542
Low-income countries,,1994,0.75157
Low-income countries,,1995,0.75172
Low-income countries,,1996,0.76083
Low-income countries,,1997,0.77088
Low-income countries,,1998,0.77657
Low-income countries,,1999,0.78202
Low-income countries,,2000,0.7945
Low-income countries,,2001,0.80542
Low-income countries,,2002,0.76193
Low-income countries,,2003,0.77211
Low-income countries,,2004,0.78002
Low-income countries,,2005,0.78341
Low-income countries,,2006,0.76349
Low-income countries,,2007,0.78195
Low-income countries,,2008,0.79106
Low-income countries,,2009,0.79758
Low-income countries,,2010,0.81172
Low-income countries,,2011,0.83877
Low-income countries,,2012,0.8447
Low-income countries,,2013,0.85556
Low-income countries,,2014,0.861
Low-income countries,,2015,0.87137
Low-income countries,,2016,0.88559
Low-income countries,,2017,0.89626
Low-income countries,,2018,0.89466
Low-income countries,,2019,0.90232
Low-income countries,,2020,0.9054
Low-income countries,,2021,0.91225
Low-income countries,,2022,0.91854
Lower-middle-income countries,,1975,0.67527
Lower-middle-income countries,,1976,0.67669
Lower-middle-income countries,,1977,0.68528
Lower-middle-income countries,,1978,0.69452
Lower-middle-income countries,,1979,0.70416
Lower-middle-income countries,,1980,0.71359
Lower-middle-income countries,,1981,0.72149
Lower-middle-income countries,,1982,0.73142
Lower-middle-income countries,,1983,0.7402
Lower-middle-income countries,,1984,0.75151
Lower-middle-income countries,,1985,0.76247
Lower-middle-income countries,,1986,0.77253
Lower-middle-income countries,,1987,0.78258
Lower-middle-income countries,,1988,0.74708
Lower-middle-income countries,,1989,0.75837
Lower-middle-income countries,,1990,0.77116
Lower-middle-income countries,,1991,0.7796
Lower-middle-income countries,,1992,0.78793
Lower-middle-income countries,,1993,0.79075
Lower-middle-income countries,,1994,0.80235
Lower-middle-income countries,,1995,0.81445
Lower-middle-income countries,,1996,0.82468
Lower-middle-income countries,,1997,0.83385
Lower-middle-income countries,,1998,0.82766
Lower-middle-income countries,,1999,0.83976
Lower-middle-income countries,,2000,0.84226
Lower-middle-income countries,,2001,0.85288
Lower-middle-income countries,,2002,0.86553
Lower-middle-income countries,,2003,0.86757
Lower-middle-income countries,,2004,0.87863
Lower-middle-income countries,,2005,0.86967
Lower-middle-income countries,,2006,0.89341
Lower-middle-income countries,,2007,0.89666
Lower-middle-income countries,,2008,0.90481
Lower-middle-income countries,,2009,0.91142
Lower-middle-income countries,,2010,0.9129
Lower-middle-income countries,,2011,0.9209
Lower-middle-income countries,,2012,0.92755
Lower-middle-income countries,,2013,0.93395
Lower-middle-income countries,,2014,0.9418
Lower-middle-income countries,,2015,0.94867
Lower-middle-income countries,,2016,0.95368
Lower-middle-income countries,,2017,0.95549
Lower-middle-income countries,,2018,0.95792
Lower-middle-income countries,,2019,0.95627
Lower-middle-income countries,,2020,0.95984
Lower-middle-income countries,,2021,0.96288
Lower-middle-income countries,,2022,0.96567
Macao,MAC,1981,0.99015
Macao,MAC,2001,1.00381
Macao,MAC,2006,1.00113
Macao,MAC,2011,1.00035
Macao,MAC,2016,1.00139
Macao,MAC,2021,1.0034
Madagascar,MDG,2000,0.9385
Madagascar,MDG,2005,0.95949
Madagascar,MDG,2009,0.97045
Madagascar,MDG,2012,0.96036
Madagascar,MDG,2018,0.98266
Madagascar,MDG,2021,0.95536125
Madagascar,MDG,2022,0.99814
Malawi,MWI,1987,0.69744
Malawi,MWI,1998,0.86125
Malawi,MWI,2010,0.94227
Malawi,MWI,2014,0.9308
Malawi,MWI,2015,1.01218
Malawi,MWI,2020,1.4307741
Malawi,MWI,2022,1.07729
Malaysia,MYS,1980,0.96688
Malaysia,MYS,1991,0.99286
Maldives,MDV,1977,1.03431
Maldives,MDV,1985,1.0134
Maldives,MDV,1990,1.00242
Maldives,MDV,1995,1.00269
Maldives,MDV,2000,1.00269
Maldives,MDV,2006,1.00121
Maldives,MDV,2014,1.0036
Maldives,MDV,2016,1.00704
Maldives,MDV,2021,0.99809
Mali,MLI,1976,0.50532
Mali,MLI,1998,0.52279
Mali,MLI,2006,0.65003
Mali,MLI,2010,0.60218
Mali,MLI,2011,0.52731
Mali,MLI,2015,0.64779
Mali,MLI,2018,0.7504
Mali,MLI,2020,0.69625
Malta,MLT,1985,1.01963
Malta,MLT,1995,1.03519
Malta,MLT,2005,1.01666
Malta,MLT,2011,1.00989
Malta,MLT,2021,1.00341
Marshall Islands,MHL,2011,1.00594
Mauritania,MRT,2000,0.81916
Mauritania,MRT,2007,0.71856
Mauritania,MRT,2013,0.91684
Mauritania,MRT,2021,0.96291
Mauritius,MUS,1990,1.01102
Mauritius,MUS,2000,1.0172
Mauritius,MUS,2011,1.009
Mauritius,MUS,2021,1.00542
Mexico,MEX,1980,0.97608
Mexico,MEX,1990,0.98895
Mexico,MEX,2000,1.002
Mexico,MEX,2002,0.9938
Mexico,MEX,2004,1.0035
Mexico,MEX,2005,0.99983
Mexico,MEX,2006,0.9956
Mexico,MEX,2007,0.99916
Mexico,MEX,2008,1.0008
Mexico,MEX,2009,0.99708
Mexico,MEX,2010,1.0033
Mexico,MEX,2011,1.00091
Mexico,MEX,2012,1.0035
Mexico,MEX,2013,1.00076
Mexico,MEX,2014,1.0046
Mexico,MEX,2015,1.00143
Mexico,MEX,2016,1.0026
Mexico,MEX,2017,1.00088
Mexico,MEX,2018,1.0043
Mexico,MEX,2020,1.0027
Middle East and North Africa (WB),,1973,0.6294
Middle East and North Africa (WB),,1974,0.63619
Middle East and North Africa (WB),,1975,0.64327
Middle East and North Africa (WB),,1976,0.64944
Middle East and North Africa (WB),,1977,0.66013
Middle East and North Africa (WB),,1978,0.66969
Middle East and North Africa (WB),,1979,0.67805
Middle East and North Africa (WB),,1980,0.68893
Middle East and North Africa (WB),,1981,0.70008
Middle East and North Africa (WB),,1982,0.71115
Middle East and North Africa (WB),,1983,0.71606
Middle East and North Africa (WB),,1984,0.73043
Middle East and North Africa (WB),,1985,0.74403
Middle East and North Africa (WB),,1986,0.75691
Middle East and North Africa (WB),,1987,0.76831
Middle East and North Africa (WB),,1988,0.78022
Middle East and North Africa (WB),,1989,0.79167
Middle East and North Africa (WB),,1990,0.81079
Middle East and North Africa (WB),,1991,0.81918
Middle East and North Africa (WB),,1992,0.82934
Middle East and North Africa (WB),,1993,0.82215
Middle East and North Africa (WB),,1994,0.83228
Middle East and North Africa (WB),,1995,0.84707
Middle East and North Africa (WB),,1996,0.85781
Middle East and North Africa (WB),,1997,0.86759
Middle East and North Africa (WB),,1998,0.87769
Middle East and North Africa (WB),,1999,0.88771
Middle East and North Africa (WB),,2000,0.89672
Middle East and North Africa (WB),,2001,0.90459
Middle East and North Africa (WB),,2002,0.91325
Middle East and North Africa (WB),,2003,0.90212
Middle East and North Africa (WB),,2004,0.9093
Middle East and North Africa (WB),,2005,0.91437
Middle East and North Africa (WB),,2006,0.92906
Middle East and North Africa (WB),,2007,0.93356
Middle East and North Africa (WB),,2008,0.93704
Middle East and North Africa (WB),,2009,0.92869
Middle East and North Africa (WB),,2010,0.93112
Middle East and North Africa (WB),,2011,0.93102
Middle East and North Africa (WB),,2012,0.94015
Middle East and North Africa (WB),,2013,0.94477
Middle East and North Africa (WB),,2014,0.95206
Middle East and North Africa (WB),,2015,0.94969
Middle East and North Africa (WB),,2016,0.95359
Middle East and North Africa (WB),,2017,0.95812
Middle East and North Africa (WB),,2018,0.95172
Middle East and North Africa (WB),,2019,0.95319
Middle East and North Africa (WB),,2020,0.95465
Middle East and North Africa (WB),,2021,0.9557
Middle East and North Africa (WB),,2022,0.95702
Moldova,MDA,1989,1.00018
Moldova,MDA,2000,1.00249
Moldova,MDA,2005,1.0008004
Moldova,MDA,2012,0.9984
Moldova,MDA,2014,1.00009
Moldova,MDA,2021,1
Mongolia,MNG,2000,1.01456
Mongolia,MNG,2010,1.00897
Mongolia,MNG,2018,1.0294747
Mongolia,MNG,2020,1.00302
Montenegro,MNE,1981,0.99131
Montenegro,MNE,1991,0.99722
Montenegro,MNE,2003,0.99902
Montenegro,MNE,2011,0.9969
Montenegro,MNE,2018,0.9986532
Montenegro,MNE,2021,0.99738
Morocco,MAR,1982,0.53256
Morocco,MAR,1994,0.64434
Morocco,MAR,2004,0.74865
Morocco,MAR,2008,0.81461
Morocco,MAR,2009,0.83185
Morocco,MAR,2011,0.83344
Morocco,MAR,2012,0.92768
Morocco,MAR,2022,0.99787
Mozambique,MOZ,1980,0.39271
Mozambique,MOZ,1997,0.61483
Mozambique,MOZ,2003,0.67292
Mozambique,MOZ,2009,0.70816
Mozambique,MOZ,2015,0.79258
Mozambique,MOZ,2017,0.84765
Mozambique,MOZ,2020,0.84375
Myanmar,MMR,1983,0.91846
Myanmar,MMR,2000,0.97581
Myanmar,MMR,2016,0.99171
Myanmar,MMR,2019,1.00295
Namibia,NAM,1991,1.05214
Namibia,NAM,2000,1.0263652
Namibia,NAM,2001,1.02653
Namibia,NAM,2007,1.08141
Namibia,NAM,2011,1.0198
Namibia,NAM,2013,1.0417317
Namibia,NAM,2021,1.02236
Nepal,NPL,1981,0.33188
Nepal,NPL,1991,0.47877
Nepal,NPL,2001,0.74605
Nepal,NPL,2006,0.8012521
Nepal,NPL,2011,0.89234
Nepal,NPL,2016,0.8844257
Nepal,NPL,2019,1.0134008
Nepal,NPL,2021,0.98013
New Caledonia,NCL,1976,1.00979
New Caledonia,NCL,1989,1.00206
New Caledonia,NCL,1996,1.00098
New Caledonia,NCL,2006,1.00101
Nicaragua,NIC,2001,1.0458
Nicaragua,NIC,2005,1.0354
Nicaragua,NIC,2009,1.0236
Nicaragua,NIC,2014,1.0258
Nicaragua,NIC,2015,1.0423
Niger,NER,2001,0.54264
Niger,NER,2005,0.44228
Niger,NER,2006,0.33827984
Niger,NER,2012,0.65168
Niger,NER,2022,0.7233
Nigeria,NGA,1991,0.76808
Nigeria,NGA,2003,0.77449
Nigeria,NGA,2006,0.89631
Nigeria,NGA,2008,0.76693
Nigeria,NGA,2013,0.8210514
Nigeria,NGA,2018,0.83675
North America (WB),,2003,0.99922
North America (WB),,2004,0.99921
North America (WB),,2005,0.99918
North America (WB),,2006,0.99915
North America (WB),,2007,0.99916
North America (WB),,2008,0.99914
North America (WB),,2017,0.99906
North America (WB),,2018,0.99904
North America (WB),,2019,0.99903
North America (WB),,2020,0.99905
North America (WB),,2021,0.99903
North America (WB),,2022,0.99903
North Korea,PRK,2008,1
North Korea,PRK,2018,1
North Macedonia,MKD,1994,0.99417
North Macedonia,MKD,2002,0.99495
North Macedonia,MKD,2012,0.99696
Oman,OMN,2003,0.9877
Oman,OMN,2008,0.99991
Oman,OMN,2010,1.00774
Oman,OMN,2015,0.99315
Oman,OMN,2017,1.00497
Oman,OMN,2018,1.00629
Oman,OMN,2022,1.00031
Pakistan,PAK,1981,0.53554
Pakistan,PAK,1998,0.64206
Pakistan,PAK,2005,0.69259
Pakistan,PAK,2006,0.73791
Pakistan,PAK,2007,0.75473
Pakistan,PAK,2008,0.77121
Pakistan,PAK,2009,0.77659
Pakistan,PAK,2010,0.78359
Pakistan,PAK,2011,0.80901
Pakistan,PAK,2012,0.80303
Pakistan,PAK,2013,0.79893
Pakistan,PAK,2014,0.82175
Pakistan,PAK,2017,0.83109
Pakistan,PAK,2018,0.80656
Pakistan,PAK,2019,0.81759
Palau,PLW,1980,1.00174
Palau,PLW,2013,1.0006
Palau,PLW,2015,1.00933
Palestine,PSE,1997,1.00278
Palestine,PSE,2004,0.99858
Palestine,PSE,2006,1.00108
Palestine,PSE,2007,0.9985
Palestine,PSE,2008,0.9977
Palestine,PSE,2009,0.99991
Palestine,PSE,2010,1.00049
Palestine,PSE,2011,1.00105
Palestine,PSE,2012,0.99884
Palestine,PSE,2013,0.99855
Palestine,PSE,2014,0.99909
Palestine,PSE,2015,0.99863
Palestine,PSE,2016,0.99858
Palestine,PSE,2017,1.00116
Palestine,PSE,2018,1.00091
Palestine,PSE,2019,0.99926
Palestine,PSE,2020,1.1325685
Panama,PAN,1980,1.0037
Panama,PAN,1990,0.99354
Panama,PAN,2000,0.9906
Panama,PAN,2010,0.9939
Panama,PAN,2014,0.9924
Panama,PAN,2015,0.9975
Panama,PAN,2016,0.9926
Panama,PAN,2017,0.995
Panama,PAN,2018,0.9956
Panama,PAN,2019,0.9996
Panama,PAN,2021,0.9998
Papua New Guinea,PNG,2000,0.92658
Papua New Guinea,PNG,2010,1.09566
Paraguay,PRY,1982,0.987
Paraguay,PRY,1992,0.99483
Paraguay,PRY,2001,0.9993
Paraguay,PRY,2002,0.9978
Paraguay,PRY,2003,1.0016
Paraguay,PRY,2004,0.9994
Paraguay,PRY,2005,1.005
Paraguay,PRY,2006,0.9955
Paraguay,PRY,2007,1.0015
Paraguay,PRY,2008,1.006
Paraguay,PRY,2009,1.0092
Paraguay,PRY,2010,1.0015
Paraguay,PRY,2011,1.0042
Paraguay,PRY,2012,0.9985
Paraguay,PRY,2013,1.006
Paraguay,PRY,2014,0.9949
Paraguay,PRY,2015,1.0063
Paraguay,PRY,2016,1.0052
Paraguay,PRY,2017,1.0128
Paraguay,PRY,2018,1.0115
Paraguay,PRY,2019,1.0065
Paraguay,PRY,2020,1.0003
Paraguay,PRY,2021,1.0119
Peru,PER,1981,0.93007
Peru,PER,1993,0.96701
Peru,PER,2000,0.9692
Peru,PER,2001,0.9788
Peru,PER,2002,0.9823
Peru,PER,2003,0.9835
Peru,PER,2004,0.9791
Peru,PER,2005,0.9875
Peru,PER,2006,0.987
Peru,PER,2007,0.9885
Peru,PER,2008,0.9922
Peru,PER,2009,0.9917
Peru,PER,2010,0.9944
Peru,PER,2011,0.9959
Peru,PER,2012,0.9993
Peru,PER,2013,0.9995
Peru,PER,2014,0.9966
Peru,PER,2015,0.9956
Peru,PER,2016,0.9965
Peru,PER,2017,0.9961
Peru,PER,2018,0.9994
Peru,PER,2019,1.0004
Peru,PER,2020,0.9985
Peru,PER,2021,1.0011
Philippines,PHL,1980,1.0152
Philippines,PHL,1990,1.0062
Philippines,PHL,1994,1.00484
Philippines,PHL,2000,1.01318
Philippines,PHL,2003,1.03109
Philippines,PHL,2008,1.01494
Philippines,PHL,2013,1.01407
Philippines,PHL,2015,1.00365
Philippines,PHL,2019,1.01007
Poland,POL,1978,1.00037
Poland,POL,1988,1
Poland,POL,2021,1.001
Portugal,PRT,1981,1.00568
Portugal,PRT,1991,1.00116
Portugal,PRT,2011,1.00088
Portugal,PRT,2021,1.0007
Puerto Rico,PRI,1980,1.01461
Puerto Rico,PRI,1990,1.02006
Puerto Rico,PRI,2010,1.0004
Puerto Rico,PRI,2017,1
Puerto Rico,PRI,2021,1
Qatar,QAT,1986,1.02963
Qatar,QAT,1997,1.0176
Qatar,QAT,2004,1.02721
Qatar,QAT,2007,0.99869
Qatar,QAT,2008,1.01617
Qatar,QAT,2009,1.0025
Qatar,QAT,2010,1.01972
Qatar,QAT,2011,1.01183
Qatar,QAT,2012,1.01151
Qatar,QAT,2013,1.00516
Qatar,QAT,2014,1.01271
Romania,ROU,1992,0.99851
Romania,ROU,2002,1.00036
Romania,ROU,2011,0.99962
Romania,ROU,2021,1
Russia,RUS,1989,1.00059
Russia,RUS,2002,1.00092
Russia,RUS,2010,1.00095
Russia,RUS,2021,1.00018
Rwanda,RWA,1978,0.74915
Rwanda,RWA,2000,0.97886
Rwanda,RWA,2005,0.9379813
Rwanda,RWA,2010,1.01685
Rwanda,RWA,2014,1.02838
Rwanda,RWA,2015,1.0172615
Rwanda,RWA,2018,1.04718
Rwanda,RWA,2020,1.0065796
Rwanda,RWA,2021,1.07641
Saint Lucia,LCA,2012,0.9996
Saint Vincent and the Grenadines,VCT,1970,1.00074
Saint Vincent and the Grenadines,VCT,1980,1.00304
Samoa,WSM,1991,0.99828
Samoa,WSM,2011,1.00431
Samoa,WSM,2019,1.0153117
Samoa,WSM,2021,1.00604
Sao Tome and Principe,STP,1981,0.81543
Sao Tome and Principe,STP,1991,0.95871
Sao Tome and Principe,STP,2001,0.98832
Sao Tome and Principe,STP,2008,0.93114
Sao Tome and Principe,STP,2012,0.99207
Sao Tome and Principe,STP,2019,1.096897
Sao Tome and Principe,STP,2022,1.00417
Saudi Arabia,SAU,1992,0.86282
Saudi Arabia,SAU,2000,0.95553
Saudi Arabia,SAU,2004,0.97651
Saudi Arabia,SAU,2013,0.99835
Saudi Arabia,SAU,2017,0.99959
Saudi Arabia,SAU,2020,0.99902
Senegal,SEN,1988,0.57066
Senegal,SEN,2002,0.70049
Senegal,SEN,2005,0.5921992
Senegal,SEN,2006,0.76628
Senegal,SEN,2009,0.75334
Senegal,SEN,2011,0.79678
Senegal,SEN,2013,0.81419
Senegal,SEN,2014,0.80472803
Senegal,SEN,2017,0.84025
Senegal,SEN,2019,0.8568026
Senegal,SEN,2022,0.92853
Serbia,SRB,2003,0.99923
Serbia,SRB,2011,0.99924
Serbia,SRB,2016,1.00009
Serbia,SRB,2019,1
Seychelles,SYC,1987,1.01683
Seychelles,SYC,1994,1.0065
Seychelles,SYC,2002,1.00608
Seychelles,SYC,2010,1.00801
Seychelles,SYC,2020,1.01104
Sierra Leone,SLE,2004,0.62665
Sierra Leone,SLE,2008,0.5612938
Sierra Leone,SLE,2013,0.78811
Sierra Leone,SLE,2019,0.81524384
Sierra Leone,SLE,2022,0.95241
Singapore,SGP,1980,0.99741
Singapore,SGP,1990,1.00231
Singapore,SGP,2000,1.00195
Singapore,SGP,2010,1.00029
Singapore,SGP,2011,0.99987
Singapore,SGP,2012,0.99996
Singapore,SGP,2013,1.00005
Singapore,SGP,2014,1.00007
Singapore,SGP,2015,1.00103
Singapore,SGP,2016,1.00027
Singapore,SGP,2017,1.00019
Singapore,SGP,2018,1.00025
Singapore,SGP,2019,1.00029
Singapore,SGP,2020,1.00119
Slovenia,SVN,1991,1.00042
Slovenia,SVN,2001,1.001
Somalia,SOM,1972,0.65869
Somalia,SOM,2022,0.84731
South Africa,ZAF,1980,0.99563
South Africa,ZAF,1996,1.00838
South Africa,ZAF,2007,1.01067
South Africa,ZAF,2009,1.00913
South Africa,ZAF,2010,1.00518
South Africa,ZAF,2011,1.00728
South Africa,ZAF,2012,1.0078
South Africa,ZAF,2014,1.00406
South Africa,ZAF,2015,1.00549
South Africa,ZAF,2017,1.0322
South Africa,ZAF,2019,1.00853
South Africa,ZAF,2021,1.01603
South Asia (WB),,1975,0.53484
South Asia (WB),,1976,0.53465
South Asia (WB),,1977,0.54839
South Asia (WB),,1978,0.56282
South Asia (WB),,1979,0.57792
South Asia (WB),,1980,0.59238
South Asia (WB),,1981,0.60508
South Asia (WB),,1982,0.62205
South Asia (WB),,1983,0.63813
South Asia (WB),,1984,0.65474
South Asia (WB),,1985,0.67072
South Asia (WB),,1986,0.68629
South Asia (WB),,1987,0.70006
South Asia (WB),,1988,0.63619
South Asia (WB),,1989,0.65274
South Asia (WB),,1990,0.66904
South Asia (WB),,1991,0.68052
South Asia (WB),,1992,0.6921
South Asia (WB),,1993,0.699
South Asia (WB),,1994,0.71509
South Asia (WB),,1995,0.73051
South Asia (WB),,1996,0.74509
South Asia (WB),,1997,0.75727
South Asia (WB),,1998,0.75133
South Asia (WB),,1999,0.76898
South Asia (WB),,2000,0.7858
South Asia (WB),,2001,0.79972
South Asia (WB),,2002,0.81778
South Asia (WB),,2003,0.82205
South Asia (WB),,2004,0.83759
South Asia (WB),,2005,0.8227
South Asia (WB),,2006,0.84877
South Asia (WB),,2007,0.86463
South Asia (WB),,2008,0.87763
South Asia (WB),,2009,0.88972
South Asia (WB),,2010,0.89105
South Asia (WB),,2011,0.90347
South Asia (WB),,2012,0.91109
South Asia (WB),,2013,0.91995
South Asia (WB),,2014,0.92961
South Asia (WB),,2015,0.94051
South Asia (WB),,2016,0.94859
South Asia (WB),,2017,0.95103
South Asia (WB),,2018,0.94915
South Asia (WB),,2019,0.94721
South Asia (WB),,2020,0.9527
South Asia (WB),,2021,0.95763
South Asia (WB),,2022,0.9625
South Korea,KOR,2008,1.00092
South Korea,KOR,2018,1.001
South Sudan,SSD,2008,0.67101
South Sudan,SSD,2018,0.97819
Southern and Eastern Africa (WB),,1987,0.83226
Southern and Eastern Africa (WB),,1988,0.83866
Southern and Eastern Africa (WB),,1989,0.84382
Southern and Eastern Africa (WB),,1990,0.85153
Southern and Eastern Africa (WB),,1991,0.85561
Southern and Eastern Africa (WB),,1992,0.8591
Southern and Eastern Africa (WB),,1993,0.86712
Southern and Eastern Africa (WB),,1994,0.87458
Southern and Eastern Africa (WB),,1995,0.87713
Southern and Eastern Africa (WB),,1996,0.88687
Southern and Eastern Africa (WB),,1997,0.89766
Southern and Eastern Africa (WB),,1998,0.89644
Southern and Eastern Africa (WB),,1999,0.89642
Southern and Eastern Africa (WB),,2000,0.90504
Southern and Eastern Africa (WB),,2001,0.91506
Southern and Eastern Africa (WB),,2002,0.87121
Southern and Eastern Africa (WB),,2003,0.87791
Southern and Eastern Africa (WB),,2004,0.88472
Southern and Eastern Africa (WB),,2005,0.88631
Southern and Eastern Africa (WB),,2006,0.86899
Southern and Eastern Africa (WB),,2007,0.88316
Southern and Eastern Africa (WB),,2008,0.88318
Southern and Eastern Africa (WB),,2009,0.88949
Southern and Eastern Africa (WB),,2010,0.89721
Southern and Eastern Africa (WB),,2011,0.92008
Southern and Eastern Africa (WB),,2012,0.92825
Southern and Eastern Africa (WB),,2013,0.93625
Southern and Eastern Africa (WB),,2014,0.94308
Southern and Eastern Africa (WB),,2015,0.94913
Southern and Eastern Africa (WB),,2016,0.95785
Southern and Eastern Africa (WB),,2017,0.96865
Southern and Eastern Africa (WB),,2018,0.97361
Southern and Eastern Africa (WB),,2019,0.97825
Southern and Eastern Africa (WB),,2020,0.98123
Southern and Eastern Africa (WB),,2021,0.98683
Southern and Eastern Africa (WB),,2022,0.9912
Spain,ESP,1981,1.00001
Spain,ESP,1991,1.0003
Spain,ESP,2004,0.99954
Spain,ESP,2005,0.9993
Spain,ESP,2006,0.99766
Spain,ESP,2007,0.99978
Spain,ESP,2008,1.00075
Spain,ESP,2009,0.99918
Spain,ESP,2010,1.0018
Spain,ESP,2011,1.00092
Spain,ESP,2012,1.00065
Spain,ESP,2013,0.99948
Spain,ESP,2014,0.99929
Spain,ESP,2015,1.00076
Spain,ESP,2016,0.99968
Spain,ESP,2018,1.00056
Spain,ESP,2020,1.00261
Sri Lanka,LKA,1981,0.98163
Sri Lanka,LKA,2001,1.01098
Sri Lanka,LKA,2006,1.00931
Sri Lanka,LKA,2008,1.01272
Sri Lanka,LKA,2010,1.00915
Sri Lanka,LKA,2016,1.00539
Sri Lanka,LKA,2017,1.00608
Sri Lanka,LKA,2018,1.0054
Sri Lanka,LKA,2019,1.00497
Sri Lanka,LKA,2020,1.00542
Sri Lanka,LKA,2021,1.00434
Sub-Saharan Africa (WB),,1985,0.76974
Sub-Saharan Africa (WB),,1986,0.77646
Sub-Saharan Africa (WB),,1987,0.78386
Sub-Saharan Africa (WB),,1988,0.79074
Sub-Saharan Africa (WB),,1989,0.79731
Sub-Saharan Africa (WB),,1990,0.80587
Sub-Saharan Africa (WB),,1991,0.81134
Sub-Saharan Africa (WB),,1992,0.81742
Sub-Saharan Africa (WB),,1993,0.8258
Sub-Saharan Africa (WB),,1994,0.83384
Sub-Saharan Africa (WB),,1995,0.83853
Sub-Saharan Africa (WB),,1996,0.84833
Sub-Saharan Africa (WB),,1997,0.85837
Sub-Saharan Africa (WB),,1998,0.85802
Sub-Saharan Africa (WB),,1999,0.86133
Sub-Saharan Africa (WB),,2000,0.83796
Sub-Saharan Africa (WB),,2001,0.84815
Sub-Saharan Africa (WB),,2002,0.82758
Sub-Saharan Africa (WB),,2003,0.8373
Sub-Saharan Africa (WB),,2004,0.84376
Sub-Saharan Africa (WB),,2005,0.84467
Sub-Saharan Africa (WB),,2006,0.85521
Sub-Saharan Africa (WB),,2007,0.84035
Sub-Saharan Africa (WB),,2008,0.84414
Sub-Saharan Africa (WB),,2009,0.8462
Sub-Saharan Africa (WB),,2010,0.85584
Sub-Saharan Africa (WB),,2011,0.8745
Sub-Saharan Africa (WB),,2012,0.8818
Sub-Saharan Africa (WB),,2013,0.88745
Sub-Saharan Africa (WB),,2014,0.89485
Sub-Saharan Africa (WB),,2015,0.90171
Sub-Saharan Africa (WB),,2016,0.91089
Sub-Saharan Africa (WB),,2017,0.91843
Sub-Saharan Africa (WB),,2018,0.92544
Sub-Saharan Africa (WB),,2019,0.92862
Sub-Saharan Africa (WB),,2020,0.93027
Sub-Saharan Africa (WB),,2021,0.934
Sub-Saharan Africa (WB),,2022,0.93677
Sudan,SDN,2000,0.84406
Sudan,SDN,2008,0.91334
Sudan,SDN,2018,1.01334
Suriname,SUR,2004,0.98455
Suriname,SUR,2008,1.00084
Suriname,SUR,2010,1.00839
Suriname,SUR,2012,0.99158
Suriname,SUR,2021,0.99596
Syria,SYR,1981,0.66437
Syria,SYR,2002,0.95697
Syria,SYR,2004,0.95361
Syria,SYR,2014,0.98246
Tajikistan,TJK,1989,0.99935
Tajikistan,TJK,2000,1.00005
Tajikistan,TJK,2010,1
Tajikistan,TJK,2017,0.9774
Tanzania,TZA,1988,0.90327
Tanzania,TZA,2002,0.94173
Tanzania,TZA,2010,0.95137
Tanzania,TZA,2012,0.97331
Tanzania,TZA,2015,0.97274
Tanzania,TZA,2022,1.01694
Thailand,THA,1980,0.98567
Thailand,THA,2000,0.99743
Thailand,THA,2005,0.99656
Thailand,THA,2010,0.99906
Thailand,THA,2013,1.00686
Thailand,THA,2015,1.00295
Thailand,THA,2018,1.00916
Thailand,THA,2021,1.00706
Togo,TGO,2000,0.75854
Togo,TGO,2006,0.80046
Togo,TGO,2009,0.85082
Togo,TGO,2011,0.83653
Togo,TGO,2014,0.76379645
Togo,TGO,2015,0.87397
Togo,TGO,2019,0.91228
Tonga,TON,1976,0.99955
Tonga,TON,1996,1.0009
Tonga,TON,2006,1.00254
Tonga,TON,2011,1.00145
Tonga,TON,2021,1.00201
Trinidad and Tobago,TTO,1980,1.00049
Trinidad and Tobago,TTO,1990,1
Trinidad and Tobago,TTO,2000,0.9996
Tunisia,TUN,1984,0.72918
Tunisia,TUN,2004,0.9569
Tunisia,TUN,2007,0.96816
Tunisia,TUN,2008,0.97306
Tunisia,TUN,2010,0.97844
Tunisia,TUN,2011,0.98047
Tunisia,TUN,2012,0.977
Tunisia,TUN,2014,0.99161
Tunisia,TUN,2018,1.0470358
Tunisia,TUN,2022,1.00153
Turkey,TUR,1975,0.75207
Turkey,TUR,1980,0.80364
Turkey,TUR,1985,0.89838
Turkey,TUR,1990,0.91524
Turkey,TUR,2004,0.95175
Turkey,TUR,2005,0.95526
Turkey,TUR,2006,0.95683
Turkey,TUR,2007,0.95643
Turkey,TUR,2009,0.97527
Turkey,TUR,2010,0.97967
Turkey,TUR,2011,0.98481
Turkey,TUR,2012,0.98817
Turkey,TUR,2013,0.9905
Turkey,TUR,2014,0.99202
Turkey,TUR,2015,0.9936
Turkey,TUR,2016,0.99511
Turkey,TUR,2017,0.99678
Turkey,TUR,2019,0.99883
Turkmenistan,TKM,1995,1.00005
Turkmenistan,TKM,2005,1.001
Uganda,UGA,1991,0.81741
Uganda,UGA,2002,0.88624
Uganda,UGA,2006,0.92968
Uganda,UGA,2010,0.95355
Uganda,UGA,2012,0.95213
Uganda,UGA,2018,1.01249
Uganda,UGA,2022,1.02559
Ukraine,UKR,2001,1.00058
Ukraine,UKR,2012,1.00026
Ukraine,UKR,2021,1.002
United Arab Emirates,ARE,1975,0.85904
United Arab Emirates,ARE,1985,1.04142
United Arab Emirates,ARE,2005,1.03481
United Arab Emirates,ARE,2019,1.01476
United Arab Emirates,ARE,2021,0.99864
United Arab Emirates,ARE,2022,0.99828
Upper-middle-income countries,,1976,0.84733
Upper-middle-income countries,,1977,0.85122
Upper-middle-income countries,,1978,0.86432
Upper-middle-income countries,,1979,0.8765
Upper-middle-income countries,,1980,0.88992
Upper-middle-income countries,,1981,0.90189
Upper-middle-income countries,,1982,0.91246
Upper-middle-income countries,,1983,0.92102
Upper-middle-income countries,,1984,0.92912
Upper-middle-income countries,,1985,0.93468
Upper-middle-income countries,,1986,0.93971
Upper-middle-income countries,,1987,0.94448
Upper-middle-income countries,,1988,0.95923
Upper-middle-income countries,,1989,0.96247
Upper-middle-income countries,,1990,0.96587
Upper-middle-income countries,,1991,0.96845
Upper-middle-income countries,,1992,0.97067
Upper-middle-income countries,,1993,0.9726
Upper-middle-income countries,,1994,0.97476
Upper-middle-income countries,,1995,0.97675
Upper-middle-income countries,,1996,0.97946
Upper-middle-income countries,,1997,0.99363
Upper-middle-income countries,,1998,0.99458
Upper-middle-income countries,,1999,0.99556
Upper-middle-income countries,,2000,0.99534
Upper-middle-income countries,,2001,0.99589
Upper-middle-income countries,,2002,0.99614
Upper-middle-income countries,,2003,0.99624
Upper-middle-income countries,,2004,0.99688
Upper-middle-income countries,,2005,0.99733
Upper-middle-income countries,,2006,0.99669
Upper-middle-income countries,,2007,0.99787
Upper-middle-income countries,,2008,0.99841
Upper-middle-income countries,,2009,0.99808
Upper-middle-income countries,,2010,0.99855
Upper-middle-income countries,,2011,0.99864
Upper-middle-income countries,,2012,0.99897
Upper-middle-income countries,,2013,0.99896
Upper-middle-income countries,,2014,0.99937
Upper-middle-income countries,,2015,0.99867
Upper-middle-income countries,,2016,0.99963
Upper-middle-income countries,,2017,1.00074
Upper-middle-income countries,,2018,0.99905
Upper-middle-income countries,,2019,0.99898
Upper-middle-income countries,,2020,0.999
Upper-middle-income countries,,2021,0.99921
Upper-middle-income countries,,2022,0.99925
Uruguay,URY,1975,1.01108
Uruguay,URY,1985,1.00739
Uruguay,URY,1996,1.00873
Uruguay,URY,2006,1.0081
Uruguay,URY,2007,1.00536
Uruguay,URY,2008,1.0068
Uruguay,URY,2009,1.0067
Uruguay,URY,2010,1.0082
Uruguay,URY,2011,1.0052
Uruguay,URY,2012,1.0067
Uruguay,URY,2013,1.0076
Uruguay,URY,2014,1.0109
Uruguay,URY,2015,1.0058
Uruguay,URY,2016,1.0056
Uruguay,URY,2017,1.0076
Uruguay,URY,2018,1.0059
Uruguay,URY,2019,1.0058
Uruguay,URY,2021,1.0007
Uzbekistan,UZB,2000,1.00041
Uzbekistan,UZB,2013,1
Uzbekistan,UZB,2014,1
Uzbekistan,UZB,2015,1
Uzbekistan,UZB,2016,1
Uzbekistan,UZB,2018,1
Uzbekistan,UZB,2019,1
Uzbekistan,UZB,2021,1
Uzbekistan,UZB,2022,1
Vanuatu,VUT,1979,0.89306
Vanuatu,VUT,1984,0.93084
Vanuatu,VUT,1994,0.97659
Vanuatu,VUT,2004,0.99859
Vanuatu,VUT,2014,1.00533
Vanuatu,VUT,2021,1.00617
Venezuela,VEN,1981,1.01657
Venezuela,VEN,1990,1.01908
Venezuela,VEN,2000,1.0136
Venezuela,VEN,2001,1.0129
Venezuela,VEN,2002,1.0115
Venezuela,VEN,2003,1.013
Venezuela,VEN,2004,1.0097
Venezuela,VEN,2005,1.0092
Venezuela,VEN,2006,1.01
Venezuela,VEN,2007,1.0088
Venezuela,VEN,2008,1.0082
Venezuela,VEN,2009,1.0054
Venezuela,VEN,2010,1.0073
Venezuela,VEN,2011,1.0068
Venezuela,VEN,2012,1.0053
Venezuela,VEN,2013,1.0042
Venezuela,VEN,2014,1.0058
Venezuela,VEN,2015,1.0061
Venezuela,VEN,2016,1.00657
Venezuela,VEN,2022,1.00726
Vietnam,VNM,1979,0.9783
Vietnam,VNM,1989,0.99277
Vietnam,VNM,1999,0.99512
Vietnam,VNM,2000,0.98397
Vietnam,VNM,2009,0.99369
Vietnam,VNM,2019,0.99827
Western and Central Africa (WB),,1985,0.68287
Western and Central Africa (WB),,1986,0.68468
Western and Central Africa (WB),,1987,0.69444
Western and Central Africa (WB),,1988,0.70233
Western and Central Africa (WB),,1989,0.71231
Western and Central Africa (WB),,1990,0.72327
Western and Central Africa (WB),,1991,0.73231
Western and Central Africa (WB),,1992,0.74488
Western and Central Africa (WB),,1993,0.75532
Western and Central Africa (WB),,1994,0.76594
Western and Central Africa (WB),,1995,0.77349
Western and Central Africa (WB),,1996,0.78458
Western and Central Africa (WB),,1997,0.79413
Western and Central Africa (WB),,1998,0.79768
Western and Central Africa (WB),,1999,0.80577
Western and Central Africa (WB),,2000,0.72915
Western and Central Africa (WB),,2001,0.74115
Western and Central Africa (WB),,2002,0.75311
Western and Central Africa (WB),,2003,0.76706
Western and Central Africa (WB),,2004,0.77256
Western and Central Africa (WB),,2005,0.77392
Western and Central Africa (WB),,2006,0.83278
Western and Central Africa (WB),,2007,0.76697
Western and Central Africa (WB),,2008,0.77593
Western and Central Africa (WB),,2009,0.77036
Western and Central Africa (WB),,2010,0.78195
Western and Central Africa (WB),,2011,0.79146
Western and Central Africa (WB),,2012,0.79649
Western and Central Africa (WB),,2013,0.79827
Western and Central Africa (WB),,2014,0.80804
Western and Central Africa (WB),,2015,0.81754
Western and Central Africa (WB),,2016,0.8278
Western and Central Africa (WB),,2017,0.83174
Western and Central Africa (WB),,2018,0.84519
Western and Central Africa (WB),,2019,0.84548
Western and Central Africa (WB),,2020,0.84537
Western and Central Africa (WB),,2021,0.84704
Western and Central Africa (WB),,2022,0.84796
World,OWID_WRL,1975,0.82813
World,OWID_WRL,1976,0.82922
World,OWID_WRL,1977,0.83218
World,OWID_WRL,1978,0.83998
World,OWID_WRL,1979,0.84787
World,OWID_WRL,1980,0.85631
World,OWID_WRL,1981,0.86388
World,OWID_WRL,1982,0.87131
World,OWID_WRL,1983,0.87735
World,OWID_WRL,1984,0.88428
World,OWID_WRL,1985,0.89001
World,OWID_WRL,1986,0.89524
World,OWID_WRL,1987,0.90022
World,OWID_WRL,1988,0.8959
World,OWID_WRL,1989,0.89911
World,OWID_WRL,1990,0.90316
World,OWID_WRL,1991,0.9054
World,OWID_WRL,1992,0.90744
World,OWID_WRL,1993,0.90769
World,OWID_WRL,1994,0.91105
World,OWID_WRL,1995,0.91437
World,OWID_WRL,1996,0.9179
World,OWID_WRL,1997,0.9267
World,OWID_WRL,1998,0.92309
World,OWID_WRL,1999,0.92682
World,OWID_WRL,2000,0.92725
World,OWID_WRL,2001,0.93133
World,OWID_WRL,2002,0.93302
World,OWID_WRL,2003,0.93394
World,OWID_WRL,2004,0.93824
World,OWID_WRL,2005,0.93454
World,OWID_WRL,2006,0.94216
World,OWID_WRL,2007,0.94425
World,OWID_WRL,2008,0.94729
World,OWID_WRL,2009,0.94933
World,OWID_WRL,2010,0.95012
World,OWID_WRL,2011,0.95453
World,OWID_WRL,2012,0.957
World,OWID_WRL,2013,0.95961
World,OWID_WRL,2014,0.96293
World,OWID_WRL,2015,0.96577
World,OWID_WRL,2016,0.96882
World,OWID_WRL,2017,0.97037
World,OWID_WRL,2018,0.97029
World,OWID_WRL,2019,0.9697
World,OWID_WRL,2020,0.97126
World,OWID_WRL,2021,0.97301
World,OWID_WRL,2022,0.97468
Yemen,YEM,1994,0.42725
Yemen,YEM,2004,0.65267
Zambia,ZMB,1990,0.97406
Zambia,ZMB,1999,0.91202
Zambia,ZMB,2002,0.85315
Zambia,ZMB,2007,0.83173
Zambia,ZMB,2010,0.94861
Zambia,ZMB,2020,0.99251
Zimbabwe,ZWE,1982,0.90392
Zimbabwe,ZWE,1992,0.97734
Zimbabwe,ZWE,2011,1.02751
Zimbabwe,ZWE,2014,1.06006
Zimbabwe,ZWE,2019,1.1179516
Zimbabwe,ZWE,2022,1.08395