Entity,Code,Year,Combined - percentage of female youth and adults aged between 15 and 64 years with no education
Afghanistan,AFG,1870,100
Afghanistan,AFG,1875,100
Afghanistan,AFG,1880,100
Afghanistan,AFG,1885,100
Afghanistan,AFG,1890,100
Afghanistan,AFG,1895,100
Afghanistan,AFG,1900,100
Afghanistan,AFG,1905,100
Afghanistan,AFG,1910,100
Afghanistan,AFG,1915,99.9
Afghanistan,AFG,1920,99.9
Afghanistan,AFG,1925,99.9
Afghanistan,AFG,1930,99.9
Afghanistan,AFG,1935,99.9
Afghanistan,AFG,1940,98.6
Afghanistan,AFG,1945,98.6
Afghanistan,AFG,1950,98.5
Afghanistan,AFG,1955,98.5
Afghanistan,AFG,1960,98.3
Afghanistan,AFG,1965,98.1
Afghanistan,AFG,1970,97.1
Afghanistan,AFG,1975,95.9
Afghanistan,AFG,1980,94.3
Afghanistan,AFG,1985,92.4
Afghanistan,AFG,1990,90.5
Afghanistan,AFG,1995,88.7
Afghanistan,AFG,2000,84.5
Afghanistan,AFG,2005,83.6
Afghanistan,AFG,2010,77.1
Afghanistan,AFG,2015,60.4
Afghanistan,AFG,2020,47.2
Africa,,1870,99.94143
Africa,,1875,99.9304
Africa,,1880,99.901825
Africa,,1885,99.892136
Africa,,1890,99.82668
Africa,,1895,99.78666
Africa,,1900,99.377335
Africa,,1905,98.66618
Africa,,1910,97.78276
Africa,,1915,96.73374
Africa,,1920,95.205185
Africa,,1925,93.99622
Africa,,1930,92.48571
Africa,,1935,91.330574
Africa,,1940,90.00865
Africa,,1945,88.76694
Africa,,1950,87.6025
Africa,,1955,86.19215
Africa,,1960,84.54212
Africa,,1965,81.87235
Africa,,1970,77.72086
Africa,,1975,72.66005
Africa,,1980,67.19671
Africa,,1985,60.614113
Africa,,1990,54.145535
Africa,,1995,48.322697
Africa,,2000,45.296585
Africa,,2005,41.06653
Africa,,2010,36.583614
Africa,,2015,30.67771
Africa,,2020,26.012787
Albania,ALB,1870,99.3
Albania,ALB,1875,99.2
Albania,ALB,1880,98.9
Albania,ALB,1885,98.3
Albania,ALB,1890,97.8
Albania,ALB,1895,97.2
Albania,ALB,1900,96.5
Albania,ALB,1905,95.8
Albania,ALB,1910,94.2
Albania,ALB,1915,91
Albania,ALB,1920,87
Albania,ALB,1925,82.1
Albania,ALB,1930,76.9
Albania,ALB,1935,71.1
Albania,ALB,1940,65.1
Albania,ALB,1945,57.5
Albania,ALB,1950,44.6
Albania,ALB,1955,42.4
Albania,ALB,1960,48.7
Albania,ALB,1965,43.5
Albania,ALB,1970,38.1
Albania,ALB,1975,29.6
Albania,ALB,1980,22.2
Albania,ALB,1985,15.2
Albania,ALB,1990,11.3
Albania,ALB,1995,13.8
Albania,ALB,2000,0.7
Albania,ALB,2005,1.3
Albania,ALB,2010,1.4
Albania,ALB,2015,1.3
Albania,ALB,2020,1
Algeria,DZA,1870,100
Algeria,DZA,1875,99.9
Algeria,DZA,1880,99.9
Algeria,DZA,1885,99.9
Algeria,DZA,1890,99.9
Algeria,DZA,1895,99.8
Algeria,DZA,1900,95.4
Algeria,DZA,1905,91
Algeria,DZA,1910,87.9
Algeria,DZA,1915,87.4
Algeria,DZA,1920,86
Algeria,DZA,1925,84.2
Algeria,DZA,1930,83.7
Algeria,DZA,1935,82.9
Algeria,DZA,1940,83.9
Algeria,DZA,1945,84.5
Algeria,DZA,1950,84.7
Algeria,DZA,1955,85.2
Algeria,DZA,1960,88
Algeria,DZA,1965,89.6
Algeria,DZA,1970,86.3
Algeria,DZA,1975,78
Algeria,DZA,1980,69.8
Algeria,DZA,1985,59.6
Algeria,DZA,1990,51.4
Algeria,DZA,1995,42.1
Algeria,DZA,2000,34.4
Algeria,DZA,2005,28.4
Algeria,DZA,2010,23.6
Algeria,DZA,2015,18.8
Algeria,DZA,2020,15
Argentina,ARG,1870,91.5
Argentina,ARG,1875,89.4
Argentina,ARG,1880,87.1
Argentina,ARG,1885,85.3
Argentina,ARG,1890,83.8
Argentina,ARG,1895,82.3
Argentina,ARG,1900,79.9
Argentina,ARG,1905,69.6
Argentina,ARG,1910,63
Argentina,ARG,1915,55.2
Argentina,ARG,1920,45.3
Argentina,ARG,1925,40
Argentina,ARG,1930,33.4
Argentina,ARG,1935,27.7
Argentina,ARG,1940,22.2
Argentina,ARG,1945,17.7
Argentina,ARG,1950,15
Argentina,ARG,1955,13.2
Argentina,ARG,1960,11.2
Argentina,ARG,1965,8.8
Argentina,ARG,1970,6.4
Argentina,ARG,1975,5.7
Argentina,ARG,1980,5.3
Argentina,ARG,1985,4.7
Argentina,ARG,1990,3.9
Argentina,ARG,1995,3.4
Argentina,ARG,2000,2.6
Argentina,ARG,2005,1
Argentina,ARG,2010,0.8
Argentina,ARG,2015,0.6
Argentina,ARG,2020,0.5
Armenia,ARM,2015,0.1
Armenia,ARM,2020,0.1
Asia,,1870,99.53312
Asia,,1875,99.42074
Asia,,1880,99.285355
Asia,,1885,99.08308
Asia,,1890,99.19881
Asia,,1895,98.135635
Asia,,1900,97.63965
Asia,,1905,96.86629
Asia,,1910,96.36884
Asia,,1915,95.3075
Asia,,1920,93.10499
Asia,,1925,91.49337
Asia,,1930,90.1243
Asia,,1935,88.91849
Asia,,1940,79.888535
Asia,,1945,78.40425
Asia,,1950,75.75759
Asia,,1955,71.548805
Asia,,1960,67.382454
Asia,,1965,61.641327
Asia,,1970,54.454376
Asia,,1975,49.56306
Asia,,1980,44.46475
Asia,,1985,40.270557
Asia,,1990,36.68263
Asia,,1995,34.171875
Asia,,2000,31.162945
Asia,,2005,26.107397
Asia,,2010,22.116247
Asia,,2015,18.133556
Asia,,2020,14.877506
Australia,AUS,1870,64.6
Australia,AUS,1875,61.6
Australia,AUS,1880,54.9
Australia,AUS,1885,48.6
Australia,AUS,1890,43.1
Australia,AUS,1895,41.5
Australia,AUS,1900,33.1
Australia,AUS,1905,28.7
Australia,AUS,1910,22.7
Australia,AUS,1915,17.8
Australia,AUS,1920,13.7
Australia,AUS,1925,10.7
Australia,AUS,1930,8
Australia,AUS,1935,5.8
Australia,AUS,1940,4.4
Australia,AUS,1945,3
Australia,AUS,1950,1.2
Australia,AUS,1955,1
Australia,AUS,1960,0.8
Australia,AUS,1965,0.7
Australia,AUS,1970,0.6
Australia,AUS,1975,1.3
Australia,AUS,1980,0.8
Australia,AUS,1985,1.1
Australia,AUS,1990,1
Australia,AUS,1995,1.2
Australia,AUS,2000,0.8
Australia,AUS,2005,0.7
Australia,AUS,2010,0.5
Australia,AUS,2015,0.7
Australia,AUS,2020,0.9
Austria,AUT,1870,81.4
Austria,AUT,1875,79.6
Austria,AUT,1880,76.9
Austria,AUT,1885,72.6
Austria,AUT,1890,66.9
Austria,AUT,1895,62.4
Austria,AUT,1900,58.3
Austria,AUT,1905,51.3
Austria,AUT,1910,44.4
Austria,AUT,1915,38.4
Austria,AUT,1920,32.8
Austria,AUT,1925,27.4
Austria,AUT,1930,20.7
Austria,AUT,1935,15.8
Austria,AUT,1940,11.5
Austria,AUT,1945,6.6
Austria,AUT,1950,1.9
Austria,AUT,1955,1.7
Austria,AUT,1960,1.5
Austria,AUT,1965,2.1
Austria,AUT,1970,2.1
Austria,AUT,1975,0.8
Austria,AUT,1980,0.1
Austria,AUT,1985,0.4
Austria,AUT,1990,0.9
Austria,AUT,1995,1.3
Austria,AUT,2000,1.5
Austria,AUT,2005,1.5
Austria,AUT,2010,1.5
Austria,AUT,2015,1.6
Austria,AUT,2020,1.8
Bahrain,BHR,2015,26.3
Bahrain,BHR,2020,25
Bangladesh,BGD,1870,99.9
Bangladesh,BGD,1875,99.9
Bangladesh,BGD,1880,99.9
Bangladesh,BGD,1885,99.8
Bangladesh,BGD,1890,99.8
Bangladesh,BGD,1895,99.7
Bangladesh,BGD,1900,99.6
Bangladesh,BGD,1905,98.4
Bangladesh,BGD,1910,97.3
Bangladesh,BGD,1915,96.5
Bangladesh,BGD,1920,96.7
Bangladesh,BGD,1925,96
Bangladesh,BGD,1930,95.2
Bangladesh,BGD,1935,94.5
Bangladesh,BGD,1940,93.7
Bangladesh,BGD,1945,92.9
Bangladesh,BGD,1950,92.2
Bangladesh,BGD,1955,91.8
Bangladesh,BGD,1960,90.4
Bangladesh,BGD,1965,90.1
Bangladesh,BGD,1970,89.5
Bangladesh,BGD,1975,88.3
Bangladesh,BGD,1980,78.7
Bangladesh,BGD,1985,69.9
Bangladesh,BGD,1990,64.2
Bangladesh,BGD,1995,57.4
Bangladesh,BGD,2000,46.9
Bangladesh,BGD,2005,41.1
Bangladesh,BGD,2010,33.1
Bangladesh,BGD,2015,27.2
Bangladesh,BGD,2020,22.3
Barbados,BRB,1870,92.6
Barbados,BRB,1875,91
Barbados,BRB,1880,89
Barbados,BRB,1885,86.7
Barbados,BRB,1890,84
Barbados,BRB,1895,80.8
Barbados,BRB,1900,76.6
Barbados,BRB,1905,63.5
Barbados,BRB,1910,64.4
Barbados,BRB,1915,55.8
Barbados,BRB,1920,44.8
Barbados,BRB,1925,35.5
Barbados,BRB,1930,26.9
Barbados,BRB,1935,19.2
Barbados,BRB,1940,11.9
Barbados,BRB,1945,5.1
Barbados,BRB,1950,1.3
Barbados,BRB,1955,1.1
Barbados,BRB,1960,0.9
Barbados,BRB,1965,1
Barbados,BRB,1970,0.6
Barbados,BRB,1975,0.7
Barbados,BRB,1980,0.8
Barbados,BRB,1985,0.3
Barbados,BRB,1990,0.4
Barbados,BRB,1995,0.5
Barbados,BRB,2000,0
Barbados,BRB,2005,0
Barbados,BRB,2010,0
Barbados,BRB,2015,0.1
Barbados,BRB,2020,0.1
Belgium,BEL,1870,80.3
Belgium,BEL,1875,65.7
Belgium,BEL,1880,62.1
Belgium,BEL,1885,60.1
Belgium,BEL,1890,62.7
Belgium,BEL,1895,61.1
Belgium,BEL,1900,58.2
Belgium,BEL,1905,54.3
Belgium,BEL,1910,56.5
Belgium,BEL,1915,49.4
Belgium,BEL,1920,42.6
Belgium,BEL,1925,35.6
Belgium,BEL,1930,28.2
Belgium,BEL,1935,21.2
Belgium,BEL,1940,14.2
Belgium,BEL,1945,7
Belgium,BEL,1950,2.5
Belgium,BEL,1955,2.2
Belgium,BEL,1960,1.8
Belgium,BEL,1965,1.2
Belgium,BEL,1970,1.2
Belgium,BEL,1975,2.4
Belgium,BEL,1980,3.5
Belgium,BEL,1985,4.2
Belgium,BEL,1990,4.2
Belgium,BEL,1995,3.9
Belgium,BEL,2000,3.3
Belgium,BEL,2005,4.5
Belgium,BEL,2010,4.2
Belgium,BEL,2015,3.8
Belgium,BEL,2020,3.2
Belize,BLZ,1870,98
Belize,BLZ,1875,97.4
Belize,BLZ,1880,96.6
Belize,BLZ,1885,95.7
Belize,BLZ,1890,94.4
Belize,BLZ,1895,92.8
Belize,BLZ,1900,90.9
Belize,BLZ,1905,77.1
Belize,BLZ,1910,64.7
Belize,BLZ,1915,55.8
Belize,BLZ,1920,45.8
Belize,BLZ,1925,37.6
Belize,BLZ,1930,29.9
Belize,BLZ,1935,24
Belize,BLZ,1940,18.8
Belize,BLZ,1945,14.3
Belize,BLZ,1950,12.5
Belize,BLZ,1955,11.3
Belize,BLZ,1960,9.6
Belize,BLZ,1965,9.3
Belize,BLZ,1970,8.1
Belize,BLZ,1975,8
Belize,BLZ,1980,6.3
Belize,BLZ,1985,8.4
Belize,BLZ,1990,8.4
Belize,BLZ,1995,4.7
Belize,BLZ,2000,2.5
Belize,BLZ,2005,1.1
Belize,BLZ,2010,0.1
Belize,BLZ,2015,0.1
Belize,BLZ,2020,0.1
Benin,BEN,1870,100
Benin,BEN,1875,100
Benin,BEN,1880,99.9
Benin,BEN,1885,99.9
Benin,BEN,1890,99.9
Benin,BEN,1895,99.9
Benin,BEN,1900,99.9
Benin,BEN,1905,99.8
Benin,BEN,1910,99.8
Benin,BEN,1915,99.7
Benin,BEN,1920,99.7
Benin,BEN,1925,98.9
Benin,BEN,1930,98.1
Benin,BEN,1935,97.5
Benin,BEN,1940,96.7
Benin,BEN,1945,96.1
Benin,BEN,1950,95.8
Benin,BEN,1955,94.9
Benin,BEN,1960,94.1
Benin,BEN,1965,93.3
Benin,BEN,1970,92.5
Benin,BEN,1975,91.5
Benin,BEN,1980,89.5
Benin,BEN,1985,85.4
Benin,BEN,1990,80.9
Benin,BEN,1995,76.8
Benin,BEN,2000,73.2
Benin,BEN,2005,69.2
Benin,BEN,2010,63.2
Benin,BEN,2015,53.7
Benin,BEN,2020,44.5
Bolivia,BOL,1870,99.3
Bolivia,BOL,1875,99.1
Bolivia,BOL,1880,98.9
Bolivia,BOL,1885,98.6
Bolivia,BOL,1890,98.3
Bolivia,BOL,1895,97.8
Bolivia,BOL,1900,97.1
Bolivia,BOL,1905,95.9
Bolivia,BOL,1910,94.2
Bolivia,BOL,1915,92.3
Bolivia,BOL,1920,90
Bolivia,BOL,1925,87.9
Bolivia,BOL,1930,85.9
Bolivia,BOL,1935,82.4
Bolivia,BOL,1940,79.7
Bolivia,BOL,1945,77.4
Bolivia,BOL,1950,74.4
Bolivia,BOL,1955,70.4
Bolivia,BOL,1960,66.9
Bolivia,BOL,1965,60.5
Bolivia,BOL,1970,54.6
Bolivia,BOL,1975,47.2
Bolivia,BOL,1980,38.9
Bolivia,BOL,1985,30.3
Bolivia,BOL,1990,23
Bolivia,BOL,1995,17.8
Bolivia,BOL,2000,13.4
Bolivia,BOL,2005,12.7
Bolivia,BOL,2010,11.1
Bolivia,BOL,2015,8.2
Bolivia,BOL,2020,6.6
Botswana,BWA,2015,4.7
Botswana,BWA,2020,2.8
Brazil,BRA,1870,99.8
Brazil,BRA,1875,99.7
Brazil,BRA,1880,99.5
Brazil,BRA,1885,98.7
Brazil,BRA,1890,97.4
Brazil,BRA,1895,95.8
Brazil,BRA,1900,90.7
Brazil,BRA,1905,87.8
Brazil,BRA,1910,82.9
Brazil,BRA,1915,80.4
Brazil,BRA,1920,77.6
Brazil,BRA,1925,75.5
Brazil,BRA,1930,72.9
Brazil,BRA,1935,70.9
Brazil,BRA,1940,68.4
Brazil,BRA,1945,66.7
Brazil,BRA,1950,65.3
Brazil,BRA,1955,59.9
Brazil,BRA,1960,53.9
Brazil,BRA,1965,46.4
Brazil,BRA,1970,38.7
Brazil,BRA,1975,28.3
Brazil,BRA,1980,26.1
Brazil,BRA,1985,21.4
Brazil,BRA,1990,17.3
Brazil,BRA,1995,13.8
Brazil,BRA,2000,11.9
Brazil,BRA,2005,9
Brazil,BRA,2010,6.4
Brazil,BRA,2015,4.8
Brazil,BRA,2020,3.6
Brunei,BRN,2015,20.2
Brunei,BRN,2020,20.2
Bulgaria,BGR,1870,89.2
Bulgaria,BGR,1875,87.6
Bulgaria,BGR,1880,85.9
Bulgaria,BGR,1885,84.1
Bulgaria,BGR,1890,82.2
Bulgaria,BGR,1895,79.3
Bulgaria,BGR,1900,76.7
Bulgaria,BGR,1905,74.8
Bulgaria,BGR,1910,71.4
Bulgaria,BGR,1915,58.9
Bulgaria,BGR,1920,51.4
Bulgaria,BGR,1925,46.6
Bulgaria,BGR,1930,42.6
Bulgaria,BGR,1935,39.5
Bulgaria,BGR,1940,32.5
Bulgaria,BGR,1945,26.4
Bulgaria,BGR,1950,20.8
Bulgaria,BGR,1955,15.6
Bulgaria,BGR,1960,11.9
Bulgaria,BGR,1965,9
Bulgaria,BGR,1970,6.5
Bulgaria,BGR,1975,4.3
Bulgaria,BGR,1980,3.5
Bulgaria,BGR,1985,2.9
Bulgaria,BGR,1990,3
Bulgaria,BGR,1995,2.1
Bulgaria,BGR,2000,1.3
Bulgaria,BGR,2005,1.8
Bulgaria,BGR,2010,2.3
Bulgaria,BGR,2015,2.1
Bulgaria,BGR,2020,2
Burundi,BDI,2015,48.8
Burundi,BDI,2020,38.7
Cambodia,KHM,1870,100
Cambodia,KHM,1875,100
Cambodia,KHM,1880,100
Cambodia,KHM,1885,100
Cambodia,KHM,1890,100
Cambodia,KHM,1895,100
Cambodia,KHM,1900,100
Cambodia,KHM,1905,100
Cambodia,KHM,1910,100
Cambodia,KHM,1915,100
Cambodia,KHM,1920,99.9
Cambodia,KHM,1925,99.9
Cambodia,KHM,1930,99.9
Cambodia,KHM,1935,99.8
Cambodia,KHM,1940,99.7
Cambodia,KHM,1945,98.3
Cambodia,KHM,1950,97
Cambodia,KHM,1955,95.4
Cambodia,KHM,1960,87
Cambodia,KHM,1965,83.3
Cambodia,KHM,1970,77.5
Cambodia,KHM,1975,70.1
Cambodia,KHM,1980,62.2
Cambodia,KHM,1985,57.2
Cambodia,KHM,1990,52
Cambodia,KHM,1995,46.7
Cambodia,KHM,2000,40.6
Cambodia,KHM,2005,33.1
Cambodia,KHM,2010,25.1
Cambodia,KHM,2015,20.1
Cambodia,KHM,2020,16.5
Cameroon,CMR,1870,99.9
Cameroon,CMR,1875,99.9
Cameroon,CMR,1880,99.8
Cameroon,CMR,1885,99.8
Cameroon,CMR,1890,99.7
Cameroon,CMR,1895,99.6
Cameroon,CMR,1900,99.5
Cameroon,CMR,1905,99.4
Cameroon,CMR,1910,99.2
Cameroon,CMR,1915,99
Cameroon,CMR,1920,98.6
Cameroon,CMR,1925,98
Cameroon,CMR,1930,97.6
Cameroon,CMR,1935,97.2
Cameroon,CMR,1940,96.6
Cameroon,CMR,1945,96
Cameroon,CMR,1950,94.8
Cameroon,CMR,1955,92.9
Cameroon,CMR,1960,90.7
Cameroon,CMR,1965,85.7
Cameroon,CMR,1970,79.7
Cameroon,CMR,1975,69.5
Cameroon,CMR,1980,59.9
Cameroon,CMR,1985,50.1
Cameroon,CMR,1990,40.5
Cameroon,CMR,1995,32.1
Cameroon,CMR,2000,26.5
Cameroon,CMR,2005,23.8
Cameroon,CMR,2010,21.8
Cameroon,CMR,2015,17.2
Cameroon,CMR,2020,16.3
Canada,CAN,1870,44.6
Canada,CAN,1875,41.3
Canada,CAN,1880,38.2
Canada,CAN,1885,35.1
Canada,CAN,1890,32.2
Canada,CAN,1895,30.2
Canada,CAN,1900,22.6
Canada,CAN,1905,19.6
Canada,CAN,1910,18.1
Canada,CAN,1915,15.3
Canada,CAN,1920,11.9
Canada,CAN,1925,10.1
Canada,CAN,1930,6.4
Canada,CAN,1935,3.6
Canada,CAN,1940,2.8
Canada,CAN,1945,2
Canada,CAN,1950,1.5
Canada,CAN,1955,1.2
Canada,CAN,1960,0.9
Canada,CAN,1965,0.9
Canada,CAN,1970,0.7
Canada,CAN,1975,0.9
Canada,CAN,1980,1.1
Canada,CAN,1985,0.7
Canada,CAN,1990,0.6
Canada,CAN,1995,0.6
Canada,CAN,2000,0.6
Canada,CAN,2005,0.5
Canada,CAN,2010,0.5
Canada,CAN,2015,0.4
Canada,CAN,2020,0.4
Central African Republic,CAF,2015,59
Central African Republic,CAF,2020,53.5
Chile,CHL,1870,94.6
Chile,CHL,1875,92.9
Chile,CHL,1880,91.3
Chile,CHL,1885,89.6
Chile,CHL,1890,88.1
Chile,CHL,1895,86.4
Chile,CHL,1900,73.5
Chile,CHL,1905,68.4
Chile,CHL,1910,62.6
Chile,CHL,1915,54.8
Chile,CHL,1920,49.4
Chile,CHL,1925,43.1
Chile,CHL,1930,37.9
Chile,CHL,1935,30.2
Chile,CHL,1940,26.3
Chile,CHL,1945,24.5
Chile,CHL,1950,21.2
Chile,CHL,1955,20.2
Chile,CHL,1960,18.5
Chile,CHL,1965,13.7
Chile,CHL,1970,9.5
Chile,CHL,1975,7.4
Chile,CHL,1980,6.3
Chile,CHL,1985,4.7
Chile,CHL,1990,3.9
Chile,CHL,1995,4
Chile,CHL,2000,3.5
Chile,CHL,2005,2.6
Chile,CHL,2010,1.4
Chile,CHL,2015,1
Chile,CHL,2020,0.8
China,CHN,1870,100
China,CHN,1875,100
China,CHN,1880,100
China,CHN,1885,100
China,CHN,1890,100
China,CHN,1895,99.9
China,CHN,1900,99.9
China,CHN,1905,99.8
China,CHN,1910,99.8
China,CHN,1915,99.6
China,CHN,1920,99.4
China,CHN,1925,99.1
China,CHN,1930,98.7
China,CHN,1935,98.3
China,CHN,1940,78.7
China,CHN,1945,77.9
China,CHN,1950,75.5
China,CHN,1955,68.3
China,CHN,1960,59.8
China,CHN,1965,50
China,CHN,1970,38.5
China,CHN,1975,30.2
China,CHN,1980,21.7
China,CHN,1985,16.4
China,CHN,1990,13.3
China,CHN,1995,11.7
China,CHN,2000,9.9
China,CHN,2005,6.3
China,CHN,2010,3.9
China,CHN,2015,2.9
China,CHN,2020,1.8
Colombia,COL,1870,96
Colombia,COL,1875,95
Colombia,COL,1880,93.9
Colombia,COL,1885,92.7
Colombia,COL,1890,91.4
Colombia,COL,1895,90.7
Colombia,COL,1900,82.6
Colombia,COL,1905,78.8
Colombia,COL,1910,69.2
Colombia,COL,1915,64.2
Colombia,COL,1920,59.5
Colombia,COL,1925,54.5
Colombia,COL,1930,51.4
Colombia,COL,1935,48.2
Colombia,COL,1940,46.1
Colombia,COL,1945,43.7
Colombia,COL,1950,41.7
Colombia,COL,1955,37.5
Colombia,COL,1960,32.1
Colombia,COL,1965,27.2
Colombia,COL,1970,23.3
Colombia,COL,1975,20.2
Colombia,COL,1980,15.3
Colombia,COL,1985,12.3
Colombia,COL,1990,10.5
Colombia,COL,1995,10.2
Colombia,COL,2000,8
Colombia,COL,2005,4.7
Colombia,COL,2010,4.1
Colombia,COL,2015,3.2
Colombia,COL,2020,2.4
Congo,COG,2015,29
Congo,COG,2020,26.1
Costa Rica,CRI,1870,91.1
Costa Rica,CRI,1875,88.9
Costa Rica,CRI,1880,86.2
Costa Rica,CRI,1885,83.1
Costa Rica,CRI,1890,79.2
Costa Rica,CRI,1895,75.3
Costa Rica,CRI,1900,63.5
Costa Rica,CRI,1905,57.9
Costa Rica,CRI,1910,53.6
Costa Rica,CRI,1915,48.4
Costa Rica,CRI,1920,43.1
Costa Rica,CRI,1925,37.7
Costa Rica,CRI,1930,33.3
Costa Rica,CRI,1935,28.9
Costa Rica,CRI,1940,26
Costa Rica,CRI,1945,22.8
Costa Rica,CRI,1950,19.8
Costa Rica,CRI,1955,18.5
Costa Rica,CRI,1960,17.6
Costa Rica,CRI,1965,16.3
Costa Rica,CRI,1970,15.9
Costa Rica,CRI,1975,10.6
Costa Rica,CRI,1980,7.9
Costa Rica,CRI,1985,6.1
Costa Rica,CRI,1990,5.3
Costa Rica,CRI,1995,4.9
Costa Rica,CRI,2000,3.9
Costa Rica,CRI,2005,2.4
Costa Rica,CRI,2010,2.4
Costa Rica,CRI,2015,2
Costa Rica,CRI,2020,1.5
Cote d'Ivoire,CIV,1870,99.9
Cote d'Ivoire,CIV,1875,99.9
Cote d'Ivoire,CIV,1880,99.9
Cote d'Ivoire,CIV,1885,99.8
Cote d'Ivoire,CIV,1890,99.8
Cote d'Ivoire,CIV,1895,99.7
Cote d'Ivoire,CIV,1900,99.6
Cote d'Ivoire,CIV,1905,99.5
Cote d'Ivoire,CIV,1910,98.1
Cote d'Ivoire,CIV,1915,96.6
Cote d'Ivoire,CIV,1920,95.3
Cote d'Ivoire,CIV,1925,94
Cote d'Ivoire,CIV,1930,92.6
Cote d'Ivoire,CIV,1935,93.4
Cote d'Ivoire,CIV,1940,94
Cote d'Ivoire,CIV,1945,94.3
Cote d'Ivoire,CIV,1950,90.3
Cote d'Ivoire,CIV,1955,90.7
Cote d'Ivoire,CIV,1960,90.9
Cote d'Ivoire,CIV,1965,90.9
Cote d'Ivoire,CIV,1970,89.7
Cote d'Ivoire,CIV,1975,88
Cote d'Ivoire,CIV,1980,84.6
Cote d'Ivoire,CIV,1985,81.1
Cote d'Ivoire,CIV,1990,77
Cote d'Ivoire,CIV,1995,66.6
Cote d'Ivoire,CIV,2000,57.4
Cote d'Ivoire,CIV,2005,52.6
Cote d'Ivoire,CIV,2010,48
Cote d'Ivoire,CIV,2015,44.4
Cote d'Ivoire,CIV,2020,40
Croatia,HRV,2015,0.5
Croatia,HRV,2020,0.7
Cuba,CUB,1870,97.1
Cuba,CUB,1875,96.4
Cuba,CUB,1880,95.5
Cuba,CUB,1885,94.3
Cuba,CUB,1890,92.9
Cuba,CUB,1895,90.8
Cuba,CUB,1900,80.8
Cuba,CUB,1905,67.2
Cuba,CUB,1910,61.9
Cuba,CUB,1915,56.2
Cuba,CUB,1920,48.5
Cuba,CUB,1925,41.1
Cuba,CUB,1930,34.9
Cuba,CUB,1935,30.7
Cuba,CUB,1940,26.9
Cuba,CUB,1945,24.6
Cuba,CUB,1950,22.7
Cuba,CUB,1955,20.5
Cuba,CUB,1960,17
Cuba,CUB,1965,12.2
Cuba,CUB,1970,8.2
Cuba,CUB,1975,5.8
Cuba,CUB,1980,3.8
Cuba,CUB,1985,5.8
Cuba,CUB,1990,7.1
Cuba,CUB,1995,7.8
Cuba,CUB,2000,7.3
Cuba,CUB,2005,5.2
Cuba,CUB,2010,3.4
Cuba,CUB,2015,2.6
Cuba,CUB,2020,1.7
Cyprus,CYP,1870,94.6
Cyprus,CYP,1875,93.1
Cyprus,CYP,1880,91.4
Cyprus,CYP,1885,89.2
Cyprus,CYP,1890,86.6
Cyprus,CYP,1895,83.4
Cyprus,CYP,1900,85.3
Cyprus,CYP,1905,84.5
Cyprus,CYP,1910,79.7
Cyprus,CYP,1915,75.3
Cyprus,CYP,1920,71.8
Cyprus,CYP,1925,64.4
Cyprus,CYP,1930,60
Cyprus,CYP,1935,57.6
Cyprus,CYP,1940,55.9
Cyprus,CYP,1945,52.2
Cyprus,CYP,1950,48.1
Cyprus,CYP,1955,38.5
Cyprus,CYP,1960,27.9
Cyprus,CYP,1965,20.7
Cyprus,CYP,1970,16.6
Cyprus,CYP,1975,13.6
Cyprus,CYP,1980,11
Cyprus,CYP,1985,5.6
Cyprus,CYP,1990,2
Cyprus,CYP,1995,4.8
Cyprus,CYP,2000,4
Cyprus,CYP,2005,14.1
Cyprus,CYP,2010,0.3
Cyprus,CYP,2015,0.3
Cyprus,CYP,2020,0.2
Czechia,CZE,1870,56.4
Czechia,CZE,1875,53.9
Czechia,CZE,1880,51.4
Czechia,CZE,1885,48.9
Czechia,CZE,1890,46.4
Czechia,CZE,1895,43.9
Czechia,CZE,1900,41.4
Czechia,CZE,1905,34.3
Czechia,CZE,1910,28.3
Czechia,CZE,1915,23.5
Czechia,CZE,1920,19.6
Czechia,CZE,1925,14.9
Czechia,CZE,1930,10.8
Czechia,CZE,1935,7.2
Czechia,CZE,1940,4.2
Czechia,CZE,1945,1.4
Czechia,CZE,1950,0.9
Czechia,CZE,1955,0.8
Czechia,CZE,1960,0.7
Czechia,CZE,1965,0.7
Czechia,CZE,1970,0.4
Czechia,CZE,1975,0.4
Czechia,CZE,1980,0.3
Czechia,CZE,1985,0.6
Czechia,CZE,1990,0.3
Czechia,CZE,1995,0.4
Czechia,CZE,2000,0.4
Czechia,CZE,2005,0.1
Czechia,CZE,2010,0.1
Czechia,CZE,2015,0.2
Czechia,CZE,2020,0.2
Democratic Republic of Congo,COD,1870,100
Democratic Republic of Congo,COD,1875,100
Democratic Republic of Congo,COD,1880,100
Democratic Republic of Congo,COD,1885,100
Democratic Republic of Congo,COD,1890,100
Democratic Republic of Congo,COD,1895,100
Democratic Republic of Congo,COD,1900,100
Democratic Republic of Congo,COD,1905,100
Democratic Republic of Congo,COD,1910,99.9
Democratic Republic of Congo,COD,1915,97.9
Democratic Republic of Congo,COD,1920,97.9
Democratic Republic of Congo,COD,1925,97.9
Democratic Republic of Congo,COD,1930,97.8
Democratic Republic of Congo,COD,1935,97.8
Democratic Republic of Congo,COD,1940,97.6
Democratic Republic of Congo,COD,1945,97.4
Democratic Republic of Congo,COD,1950,96.9
Democratic Republic of Congo,COD,1955,95.5
Democratic Republic of Congo,COD,1960,93.5
Democratic Republic of Congo,COD,1965,90.4
Democratic Republic of Congo,COD,1970,85.5
Democratic Republic of Congo,COD,1975,78.9
Democratic Republic of Congo,COD,1980,72.1
Democratic Republic of Congo,COD,1985,65.2
Democratic Republic of Congo,COD,1990,58.9
Democratic Republic of Congo,COD,1995,55.3
Democratic Republic of Congo,COD,2000,54.2
Democratic Republic of Congo,COD,2005,52.5
Democratic Republic of Congo,COD,2010,50.6
Democratic Republic of Congo,COD,2015,44.2
Democratic Republic of Congo,COD,2020,37.9
Denmark,DNK,1870,18.4
Denmark,DNK,1875,16.9
Denmark,DNK,1880,15.5
Denmark,DNK,1885,13.7
Denmark,DNK,1890,11.9
Denmark,DNK,1895,10.4
Denmark,DNK,1900,9.1
Denmark,DNK,1905,7.9
Denmark,DNK,1910,6.8
Denmark,DNK,1915,5.9
Denmark,DNK,1920,5
Denmark,DNK,1925,4.3
Denmark,DNK,1930,3.5
Denmark,DNK,1935,3
Denmark,DNK,1940,2.6
Denmark,DNK,1945,4.5
Denmark,DNK,1950,3.2
Denmark,DNK,1955,3.5
Denmark,DNK,1960,3.3
Denmark,DNK,1965,2.8
Denmark,DNK,1970,1.2
Denmark,DNK,1975,1.5
Denmark,DNK,1980,2.1
Denmark,DNK,1985,2.6
Denmark,DNK,1990,0.1
Denmark,DNK,1995,0.1
Denmark,DNK,2000,1.4
Denmark,DNK,2005,2.7
Denmark,DNK,2010,3.3
Denmark,DNK,2015,3.6
Denmark,DNK,2020,3.8
Dominican Republic,DOM,1870,99.2
Dominican Republic,DOM,1875,99
Dominican Republic,DOM,1880,98.8
Dominican Republic,DOM,1885,98.4
Dominican Republic,DOM,1890,98
Dominican Republic,DOM,1895,97.5
Dominican Republic,DOM,1900,96.8
Dominican Republic,DOM,1905,86.4
Dominican Republic,DOM,1910,77.1
Dominican Republic,DOM,1915,71
Dominican Republic,DOM,1920,59.1
Dominican Republic,DOM,1925,54.1
Dominican Republic,DOM,1930,49.9
Dominican Republic,DOM,1935,46
Dominican Republic,DOM,1940,43.1
Dominican Republic,DOM,1945,39.4
Dominican Republic,DOM,1950,36.6
Dominican Republic,DOM,1955,36.8
Dominican Republic,DOM,1960,34.5
Dominican Republic,DOM,1965,34.6
Dominican Republic,DOM,1970,32.4
Dominican Republic,DOM,1975,30.2
Dominican Republic,DOM,1980,27.9
Dominican Republic,DOM,1985,25.6
Dominican Republic,DOM,1990,21.5
Dominican Republic,DOM,1995,17.3
Dominican Republic,DOM,2000,14
Dominican Republic,DOM,2005,11.4
Dominican Republic,DOM,2010,6.9
Dominican Republic,DOM,2015,6
Dominican Republic,DOM,2020,4.8
Ecuador,ECU,1870,98.6
Ecuador,ECU,1875,98.3
Ecuador,ECU,1880,97.8
Ecuador,ECU,1885,97.2
Ecuador,ECU,1890,96.4
Ecuador,ECU,1895,95.3
Ecuador,ECU,1900,86.8
Ecuador,ECU,1905,83.4
Ecuador,ECU,1910,77.3
Ecuador,ECU,1915,73
Ecuador,ECU,1920,69.1
Ecuador,ECU,1925,65.3
Ecuador,ECU,1930,62
Ecuador,ECU,1935,58.5
Ecuador,ECU,1940,56.4
Ecuador,ECU,1945,53.7
Ecuador,ECU,1950,51.3
Ecuador,ECU,1955,44.2
Ecuador,ECU,1960,37
Ecuador,ECU,1965,33.6
Ecuador,ECU,1970,30.7
Ecuador,ECU,1975,27.4
Ecuador,ECU,1980,20.6
Ecuador,ECU,1985,19.3
Ecuador,ECU,1990,17
Ecuador,ECU,1995,16.8
Ecuador,ECU,2000,17.3
Ecuador,ECU,2005,11.8
Ecuador,ECU,2010,6.4
Ecuador,ECU,2015,4.7
Ecuador,ECU,2020,3.1
Egypt,EGY,1870,99.9
Egypt,EGY,1875,99.9
Egypt,EGY,1880,99.8
Egypt,EGY,1885,99.8
Egypt,EGY,1890,99.7
Egypt,EGY,1895,99.6
Egypt,EGY,1900,99.5
Egypt,EGY,1905,99.3
Egypt,EGY,1910,99.1
Egypt,EGY,1915,98.7
Egypt,EGY,1920,98.3
Egypt,EGY,1925,97.7
Egypt,EGY,1930,97.2
Egypt,EGY,1935,99
Egypt,EGY,1940,98.9
Egypt,EGY,1945,98.4
Egypt,EGY,1950,97.5
Egypt,EGY,1955,96
Egypt,EGY,1960,94.5
Egypt,EGY,1965,91.8
Egypt,EGY,1970,88.6
Egypt,EGY,1975,84.9
Egypt,EGY,1980,77.7
Egypt,EGY,1985,67.9
Egypt,EGY,1990,62
Egypt,EGY,1995,54.1
Egypt,EGY,2000,45.7
Egypt,EGY,2005,39.6
Egypt,EGY,2010,34.3
Egypt,EGY,2015,28.2
Egypt,EGY,2020,23.5
El Salvador,SLV,1870,96.3
El Salvador,SLV,1875,95.3
El Salvador,SLV,1880,94.2
El Salvador,SLV,1885,92.8
El Salvador,SLV,1890,91.1
El Salvador,SLV,1895,89.1
El Salvador,SLV,1900,83.9
El Salvador,SLV,1905,82
El Salvador,SLV,1910,77.4
El Salvador,SLV,1915,76.3
El Salvador,SLV,1920,75.2
El Salvador,SLV,1925,74.4
El Salvador,SLV,1930,73.7
El Salvador,SLV,1935,73
El Salvador,SLV,1940,72.4
El Salvador,SLV,1945,69.8
El Salvador,SLV,1950,66.8
El Salvador,SLV,1955,64.5
El Salvador,SLV,1960,59.7
El Salvador,SLV,1965,54.1
El Salvador,SLV,1970,47.3
El Salvador,SLV,1975,41.6
El Salvador,SLV,1980,35.8
El Salvador,SLV,1985,32.2
El Salvador,SLV,1990,28.2
El Salvador,SLV,1995,24
El Salvador,SLV,2000,19.1
El Salvador,SLV,2005,13.9
El Salvador,SLV,2010,3.4
El Salvador,SLV,2015,2.5
El Salvador,SLV,2020,2
Estonia,EST,2015,0.3
Estonia,EST,2020,0.5
Eswatini,SWZ,1870,100
Eswatini,SWZ,1875,100
Eswatini,SWZ,1880,100
Eswatini,SWZ,1885,100
Eswatini,SWZ,1890,100
Eswatini,SWZ,1895,100
Eswatini,SWZ,1900,100
Eswatini,SWZ,1905,100
Eswatini,SWZ,1910,99.5
Eswatini,SWZ,1915,99
Eswatini,SWZ,1920,98.5
Eswatini,SWZ,1925,94.5
Eswatini,SWZ,1930,92.3
Eswatini,SWZ,1935,90
Eswatini,SWZ,1940,87.5
Eswatini,SWZ,1945,84.6
Eswatini,SWZ,1950,78.3
Eswatini,SWZ,1955,73.9
Eswatini,SWZ,1960,69.7
Eswatini,SWZ,1965,62.6
Eswatini,SWZ,1970,52.5
Eswatini,SWZ,1975,42.1
Eswatini,SWZ,1980,34.2
Eswatini,SWZ,1985,27.9
Eswatini,SWZ,1990,29.5
Eswatini,SWZ,1995,32
Eswatini,SWZ,2000,36.7
Eswatini,SWZ,2005,36.2
Eswatini,SWZ,2010,30.1
Eswatini,SWZ,2015,26.8
Eswatini,SWZ,2020,21
Europe,,1870,78.70874
Europe,,1875,76.29086
Europe,,1880,73.17751
Europe,,1885,69.13237
Europe,,1890,65.952126
Europe,,1895,62.41596
Europe,,1900,58.485657
Europe,,1905,54.288177
Europe,,1910,50.697296
Europe,,1915,45.358044
Europe,,1920,40.196453
Europe,,1925,35.50501
Europe,,1930,31.375418
Europe,,1935,26.46911
Europe,,1940,21.34772
Europe,,1945,16.855825
Europe,,1950,13.475878
Europe,,1955,11.028579
Europe,,1960,9.4656315
Europe,,1965,8.343046
Europe,,1970,7.114333
Europe,,1975,6.4056616
Europe,,1980,5.353061
Europe,,1985,5.202919
Europe,,1990,4.5632854
Europe,,1995,3.639931
Europe,,2000,2.4495835
Europe,,2005,1.6104392
Europe,,2010,1.0638481
Europe,,2015,1.028426
Europe,,2020,1.0063738
Fiji,FJI,1870,100
Fiji,FJI,1875,100
Fiji,FJI,1880,100
Fiji,FJI,1885,99.9
Fiji,FJI,1890,99.9
Fiji,FJI,1895,99.8
Fiji,FJI,1900,99.6
Fiji,FJI,1905,99.3
Fiji,FJI,1910,97.6
Fiji,FJI,1915,95.5
Fiji,FJI,1920,88.1
Fiji,FJI,1925,77.7
Fiji,FJI,1930,71.6
Fiji,FJI,1935,65.9
Fiji,FJI,1940,58.4
Fiji,FJI,1945,50.6
Fiji,FJI,1950,39.7
Fiji,FJI,1955,34.4
Fiji,FJI,1960,29.4
Fiji,FJI,1965,22.9
Fiji,FJI,1970,22
Fiji,FJI,1975,17
Fiji,FJI,1980,12.5
Fiji,FJI,1985,8.5
Fiji,FJI,1990,7.5
Fiji,FJI,1995,6.6
Fiji,FJI,2000,4.6
Fiji,FJI,2005,2.8
Fiji,FJI,2010,2.2
Fiji,FJI,2015,1.5
Fiji,FJI,2020,1.1
Finland,FIN,1870,96.3
Finland,FIN,1875,95.5
Finland,FIN,1880,94.6
Finland,FIN,1885,93.3
Finland,FIN,1890,90.9
Finland,FIN,1895,88.1
Finland,FIN,1900,64.6
Finland,FIN,1905,53
Finland,FIN,1910,47.2
Finland,FIN,1915,37.5
Finland,FIN,1920,28.1
Finland,FIN,1925,20
Finland,FIN,1930,11
Finland,FIN,1935,3.7
Finland,FIN,1940,2.7
Finland,FIN,1945,2.1
Finland,FIN,1950,1.3
Finland,FIN,1955,0.4
Finland,FIN,1960,0.1
Finland,FIN,1965,0.4
Finland,FIN,1970,0.4
Finland,FIN,1975,0.9
Finland,FIN,1980,0.9
Finland,FIN,1985,0.8
Finland,FIN,1990,0.1
Finland,FIN,1995,0.4
Finland,FIN,2000,0.5
Finland,FIN,2005,0.4
Finland,FIN,2010,0.4
Finland,FIN,2015,0.5
Finland,FIN,2020,0.6
France,FRA,1870,80.6
France,FRA,1875,77.6
France,FRA,1880,69.4
France,FRA,1885,55.3
France,FRA,1890,48.2
France,FRA,1895,39.4
France,FRA,1900,31.8
France,FRA,1905,24.4
France,FRA,1910,17.5
France,FRA,1915,11.4
France,FRA,1920,5.8
France,FRA,1925,0.8
France,FRA,1930,0.1
France,FRA,1935,0.1
France,FRA,1940,0.1
France,FRA,1945,0.1
France,FRA,1950,0.1
France,FRA,1955,0.1
France,FRA,1960,0.1
France,FRA,1965,0.9
France,FRA,1970,1
France,FRA,1975,1
France,FRA,1980,0.8
France,FRA,1985,5.1
France,FRA,1990,6.3
France,FRA,1995,3.6
France,FRA,2000,1.9
France,FRA,2005,1.2
France,FRA,2010,1.2
France,FRA,2015,1.1
France,FRA,2020,1
Gabon,GAB,2015,8.8
Gabon,GAB,2020,7.2
Gambia,GMB,1870,100
Gambia,GMB,1875,100
Gambia,GMB,1880,100
Gambia,GMB,1885,100
Gambia,GMB,1890,100
Gambia,GMB,1895,100
Gambia,GMB,1900,100
Gambia,GMB,1905,99.9
Gambia,GMB,1910,99.6
Gambia,GMB,1915,99.4
Gambia,GMB,1920,99.1
Gambia,GMB,1925,98.7
Gambia,GMB,1930,98.4
Gambia,GMB,1935,97.5
Gambia,GMB,1940,97.2
Gambia,GMB,1945,97
Gambia,GMB,1950,96.8
Gambia,GMB,1955,96.8
Gambia,GMB,1960,96.8
Gambia,GMB,1965,96.6
Gambia,GMB,1970,96.2
Gambia,GMB,1975,95
Gambia,GMB,1980,93.4
Gambia,GMB,1985,91.3
Gambia,GMB,1990,86.5
Gambia,GMB,1995,82.7
Gambia,GMB,2000,79.5
Gambia,GMB,2005,72.5
Gambia,GMB,2010,66
Gambia,GMB,2015,56.3
Gambia,GMB,2020,50.3
Germany,DEU,1870,65
Germany,DEU,1875,61.9
Germany,DEU,1880,58.8
Germany,DEU,1885,55.7
Germany,DEU,1890,52.7
Germany,DEU,1895,49.8
Germany,DEU,1900,47.5
Germany,DEU,1905,45.9
Germany,DEU,1910,44.6
Germany,DEU,1915,35.3
Germany,DEU,1920,27
Germany,DEU,1925,21.6
Germany,DEU,1930,19.6
Germany,DEU,1935,15.2
Germany,DEU,1940,12.2
Germany,DEU,1945,8.7
Germany,DEU,1950,5.3
Germany,DEU,1955,2.5
Germany,DEU,1960,2.3
Germany,DEU,1965,2.1
Germany,DEU,1970,4.2
Germany,DEU,1975,6.1
Germany,DEU,1980,6.3
Germany,DEU,1985,5.7
Germany,DEU,1990,5.5
Germany,DEU,1995,5.1
Germany,DEU,2000,4.2
Germany,DEU,2005,3.6
Germany,DEU,2010,1.8
Germany,DEU,2015,1.9
Germany,DEU,2020,1.8
Ghana,GHA,1870,99.9
Ghana,GHA,1875,99.9
Ghana,GHA,1880,99.9
Ghana,GHA,1885,99.9
Ghana,GHA,1890,99.8
Ghana,GHA,1895,99.8
Ghana,GHA,1900,99.7
Ghana,GHA,1905,99.2
Ghana,GHA,1910,98.7
Ghana,GHA,1915,98.3
Ghana,GHA,1920,97.7
Ghana,GHA,1925,97.3
Ghana,GHA,1930,96.9
Ghana,GHA,1935,96
Ghana,GHA,1940,95.3
Ghana,GHA,1945,94.5
Ghana,GHA,1950,93.6
Ghana,GHA,1955,92.7
Ghana,GHA,1960,88.6
Ghana,GHA,1965,82.8
Ghana,GHA,1970,73.9
Ghana,GHA,1975,65
Ghana,GHA,1980,60.5
Ghana,GHA,1985,55
Ghana,GHA,1990,50.3
Ghana,GHA,1995,46.3
Ghana,GHA,2000,42.6
Ghana,GHA,2005,35.6
Ghana,GHA,2010,30.8
Ghana,GHA,2015,24.1
Ghana,GHA,2020,18.6
Greece,GRC,1870,97.2
Greece,GRC,1875,96.5
Greece,GRC,1880,95.7
Greece,GRC,1885,94.9
Greece,GRC,1890,94.1
Greece,GRC,1895,93.3
Greece,GRC,1900,88.8
Greece,GRC,1905,86.5
Greece,GRC,1910,82.8
Greece,GRC,1915,77.6
Greece,GRC,1920,73.7
Greece,GRC,1925,67.5
Greece,GRC,1930,61.8
Greece,GRC,1935,55.3
Greece,GRC,1940,50.1
Greece,GRC,1945,41.4
Greece,GRC,1950,33.4
Greece,GRC,1955,25.2
Greece,GRC,1960,16.8
Greece,GRC,1965,17.1
Greece,GRC,1970,14.9
Greece,GRC,1975,11.5
Greece,GRC,1980,7.7
Greece,GRC,1985,7.3
Greece,GRC,1990,5.6
Greece,GRC,1995,7
Greece,GRC,2000,5.7
Greece,GRC,2005,0.8
Greece,GRC,2010,0.7
Greece,GRC,2015,0.6
Greece,GRC,2020,0.5
Guatemala,GTM,1870,95.5
Guatemala,GTM,1875,94.5
Guatemala,GTM,1880,93.2
Guatemala,GTM,1885,91.7
Guatemala,GTM,1890,89.8
Guatemala,GTM,1895,87.6
Guatemala,GTM,1900,83.4
Guatemala,GTM,1905,81.9
Guatemala,GTM,1910,79.3
Guatemala,GTM,1915,79.3
Guatemala,GTM,1920,79.2
Guatemala,GTM,1925,79.6
Guatemala,GTM,1930,79.8
Guatemala,GTM,1935,78.9
Guatemala,GTM,1940,78
Guatemala,GTM,1945,76.7
Guatemala,GTM,1950,75.5
Guatemala,GTM,1955,75.3
Guatemala,GTM,1960,74.8
Guatemala,GTM,1965,73.4
Guatemala,GTM,1970,69.2
Guatemala,GTM,1975,64.2
Guatemala,GTM,1980,53.8
Guatemala,GTM,1985,49.7
Guatemala,GTM,1990,44.7
Guatemala,GTM,1995,40.3
Guatemala,GTM,2000,36.2
Guatemala,GTM,2005,33.3
Guatemala,GTM,2010,24.2
Guatemala,GTM,2015,18.1
Guatemala,GTM,2020,13.9
Guyana,GUY,1870,93.9
Guyana,GUY,1875,91.3
Guyana,GUY,1880,88.2
Guyana,GUY,1885,84.7
Guyana,GUY,1890,80.8
Guyana,GUY,1895,76.6
Guyana,GUY,1900,72.2
Guyana,GUY,1905,67.6
Guyana,GUY,1910,62.9
Guyana,GUY,1915,53.8
Guyana,GUY,1920,46.5
Guyana,GUY,1925,40.3
Guyana,GUY,1930,39.3
Guyana,GUY,1935,35.1
Guyana,GUY,1940,31.1
Guyana,GUY,1945,27.7
Guyana,GUY,1950,24.2
Guyana,GUY,1955,20.5
Guyana,GUY,1960,17.1
Guyana,GUY,1965,13.3
Guyana,GUY,1970,9.9
Guyana,GUY,1975,7.6
Guyana,GUY,1980,5.8
Guyana,GUY,1985,6.3
Guyana,GUY,1990,6.2
Guyana,GUY,1995,5.9
Guyana,GUY,2000,4.8
Guyana,GUY,2005,4.9
Guyana,GUY,2010,4
Guyana,GUY,2015,3.9
Guyana,GUY,2020,5.6
Haiti,HTI,1870,100
Haiti,HTI,1875,100
Haiti,HTI,1880,100
Haiti,HTI,1885,100
Haiti,HTI,1890,100
Haiti,HTI,1895,100
Haiti,HTI,1900,97.9
Haiti,HTI,1905,97.2
Haiti,HTI,1910,95.5
Haiti,HTI,1915,95
Haiti,HTI,1920,94.5
Haiti,HTI,1925,94.2
Haiti,HTI,1930,93.8
Haiti,HTI,1935,91.7
Haiti,HTI,1940,91.8
Haiti,HTI,1945,91.6
Haiti,HTI,1950,91.7
Haiti,HTI,1955,90.2
Haiti,HTI,1960,88.2
Haiti,HTI,1965,86.1
Haiti,HTI,1970,82.5
Haiti,HTI,1975,77.2
Haiti,HTI,1980,70.2
Haiti,HTI,1985,64.2
Haiti,HTI,1990,56.3
Haiti,HTI,1995,49.7
Haiti,HTI,2000,48.2
Haiti,HTI,2005,40.2
Haiti,HTI,2010,32.9
Haiti,HTI,2015,25.2
Haiti,HTI,2020,19.4
Honduras,HND,1870,99.7
Honduras,HND,1875,99.6
Honduras,HND,1880,99.5
Honduras,HND,1885,99.4
Honduras,HND,1890,99.2
Honduras,HND,1895,98.9
Honduras,HND,1900,98.6
Honduras,HND,1905,93.2
Honduras,HND,1910,88.4
Honduras,HND,1915,84.7
Honduras,HND,1920,80.6
Honduras,HND,1925,77.6
Honduras,HND,1930,75.1
Honduras,HND,1935,72.9
Honduras,HND,1940,70.7
Honduras,HND,1945,68.3
Honduras,HND,1950,66.2
Honduras,HND,1955,63.7
Honduras,HND,1960,59.8
Honduras,HND,1965,55.1
Honduras,HND,1970,50.3
Honduras,HND,1975,44.5
Honduras,HND,1980,32.7
Honduras,HND,1985,23.1
Honduras,HND,1990,19.4
Honduras,HND,1995,16.3
Honduras,HND,2000,13.3
Honduras,HND,2005,11.2
Honduras,HND,2010,9.6
Honduras,HND,2015,7.7
Honduras,HND,2020,6.2
Hong Kong,HKG,1870,100
Hong Kong,HKG,1875,100
Hong Kong,HKG,1880,100
Hong Kong,HKG,1885,100
Hong Kong,HKG,1890,100
Hong Kong,HKG,1895,99.9
Hong Kong,HKG,1900,99.9
Hong Kong,HKG,1905,99.8
Hong Kong,HKG,1910,97.1
Hong Kong,HKG,1915,94.4
Hong Kong,HKG,1920,92.3
Hong Kong,HKG,1925,80.8
Hong Kong,HKG,1930,77.7
Hong Kong,HKG,1935,74.8
Hong Kong,HKG,1940,69.2
Hong Kong,HKG,1945,64.2
Hong Kong,HKG,1950,58.1
Hong Kong,HKG,1955,52.9
Hong Kong,HKG,1960,48.3
Hong Kong,HKG,1965,38
Hong Kong,HKG,1970,33
Hong Kong,HKG,1975,25.8
Hong Kong,HKG,1980,19.3
Hong Kong,HKG,1985,14.7
Hong Kong,HKG,1990,11
Hong Kong,HKG,1995,12.2
Hong Kong,HKG,2000,12.7
Hong Kong,HKG,2005,3
Hong Kong,HKG,2010,2
Hong Kong,HKG,2015,1.4
Hong Kong,HKG,2020,0.8
Hungary,HUN,1870,75.7
Hungary,HUN,1875,73
Hungary,HUN,1880,69.4
Hungary,HUN,1885,65.1
Hungary,HUN,1890,60.1
Hungary,HUN,1895,54
Hungary,HUN,1900,47.7
Hungary,HUN,1905,39.8
Hungary,HUN,1910,32.8
Hungary,HUN,1915,27.5
Hungary,HUN,1920,19.8
Hungary,HUN,1925,17.7
Hungary,HUN,1930,17
Hungary,HUN,1935,15.5
Hungary,HUN,1940,11.3
Hungary,HUN,1945,7.1
Hungary,HUN,1950,4
Hungary,HUN,1955,3.4
Hungary,HUN,1960,3
Hungary,HUN,1965,2.4
Hungary,HUN,1970,1.8
Hungary,HUN,1975,1.5
Hungary,HUN,1980,1
Hungary,HUN,1985,1.1
Hungary,HUN,1990,1
Hungary,HUN,1995,1.1
Hungary,HUN,2000,0.6
Hungary,HUN,2005,0.5
Hungary,HUN,2010,0.3
Hungary,HUN,2015,0.4
Hungary,HUN,2020,0.3
Iceland,ISL,1870,98.4
Iceland,ISL,1875,98
Iceland,ISL,1880,97.5
Iceland,ISL,1885,96.8
Iceland,ISL,1890,96
Iceland,ISL,1895,95
Iceland,ISL,1900,93.7
Iceland,ISL,1905,79.5
Iceland,ISL,1910,67.5
Iceland,ISL,1915,56.7
Iceland,ISL,1920,45.1
Iceland,ISL,1925,35.2
Iceland,ISL,1930,26.3
Iceland,ISL,1935,17.7
Iceland,ISL,1940,9.5
Iceland,ISL,1945,2.8
Iceland,ISL,1950,1
Iceland,ISL,1955,0.9
Iceland,ISL,1960,0.8
Iceland,ISL,1965,0.6
Iceland,ISL,1970,0.6
Iceland,ISL,1975,0.5
Iceland,ISL,1980,0.7
Iceland,ISL,1985,0.9
Iceland,ISL,1990,1.2
Iceland,ISL,1995,1.1
Iceland,ISL,2000,1
Iceland,ISL,2005,1.6
Iceland,ISL,2010,1.7
Iceland,ISL,2015,1.8
Iceland,ISL,2020,1.8
India,IND,1870,99.9
India,IND,1875,99.9
India,IND,1880,99.9
India,IND,1885,99.8
India,IND,1890,99.7
India,IND,1895,99.7
India,IND,1900,99.5
India,IND,1905,98.8
India,IND,1910,98.1
India,IND,1915,97.4
India,IND,1920,94.1
India,IND,1925,93.2
India,IND,1930,92
India,IND,1935,91.2
India,IND,1940,90.8
India,IND,1945,90.1
India,IND,1950,89
India,IND,1955,87.8
India,IND,1960,86.1
India,IND,1965,83.8
India,IND,1970,80.4
India,IND,1975,79.6
India,IND,1980,77.8
India,IND,1985,71.4
India,IND,1990,64.7
India,IND,1995,62.1
India,IND,2000,58.4
India,IND,2005,50.2
India,IND,2010,43.4
India,IND,2015,36
India,IND,2020,29.5
Indonesia,IDN,1870,100
Indonesia,IDN,1875,100
Indonesia,IDN,1880,100
Indonesia,IDN,1885,99.9
Indonesia,IDN,1890,99.9
Indonesia,IDN,1895,99.8
Indonesia,IDN,1900,99.7
Indonesia,IDN,1905,99.2
Indonesia,IDN,1910,98.8
Indonesia,IDN,1915,98.5
Indonesia,IDN,1920,91.2
Indonesia,IDN,1925,90.8
Indonesia,IDN,1930,90.3
Indonesia,IDN,1935,89.3
Indonesia,IDN,1940,88.1
Indonesia,IDN,1945,86.3
Indonesia,IDN,1950,84.8
Indonesia,IDN,1955,82
Indonesia,IDN,1960,77.6
Indonesia,IDN,1965,68
Indonesia,IDN,1970,55.5
Indonesia,IDN,1975,46.9
Indonesia,IDN,1980,38.9
Indonesia,IDN,1985,45.4
Indonesia,IDN,1990,47.6
Indonesia,IDN,1995,34.6
Indonesia,IDN,2000,22.3
Indonesia,IDN,2005,14.7
Indonesia,IDN,2010,6.7
Indonesia,IDN,2015,5
Indonesia,IDN,2020,3.5
Iran,IRN,1870,100
Iran,IRN,1875,100
Iran,IRN,1880,100
Iran,IRN,1885,100
Iran,IRN,1890,100
Iran,IRN,1895,99.9
Iran,IRN,1900,99.9
Iran,IRN,1905,99.9
Iran,IRN,1910,99.8
Iran,IRN,1915,99.2
Iran,IRN,1920,99.1
Iran,IRN,1925,99
Iran,IRN,1930,98.9
Iran,IRN,1935,98.4
Iran,IRN,1940,97.6
Iran,IRN,1945,96.8
Iran,IRN,1950,95.9
Iran,IRN,1955,94.9
Iran,IRN,1960,92.4
Iran,IRN,1965,87.7
Iran,IRN,1970,82.3
Iran,IRN,1975,75.6
Iran,IRN,1980,66.2
Iran,IRN,1985,55.3
Iran,IRN,1990,45.2
Iran,IRN,1995,33.2
Iran,IRN,2000,23.1
Iran,IRN,2005,19.1
Iran,IRN,2010,14.2
Iran,IRN,2015,12.3
Iran,IRN,2020,10
Iraq,IRQ,1870,100
Iraq,IRQ,1875,100
Iraq,IRQ,1880,100
Iraq,IRQ,1885,100
Iraq,IRQ,1890,100
Iraq,IRQ,1895,100
Iraq,IRQ,1900,100
Iraq,IRQ,1905,100
Iraq,IRQ,1910,100
Iraq,IRQ,1915,100
Iraq,IRQ,1920,99.9
Iraq,IRQ,1925,99.9
Iraq,IRQ,1930,99.9
Iraq,IRQ,1935,99.8
Iraq,IRQ,1940,99.6
Iraq,IRQ,1945,99.4
Iraq,IRQ,1950,98.9
Iraq,IRQ,1955,98.2
Iraq,IRQ,1960,97
Iraq,IRQ,1965,94.5
Iraq,IRQ,1970,89
Iraq,IRQ,1975,84.6
Iraq,IRQ,1980,79
Iraq,IRQ,1985,68.6
Iraq,IRQ,1990,54.2
Iraq,IRQ,1995,45.4
Iraq,IRQ,2000,38.3
Iraq,IRQ,2005,35.8
Iraq,IRQ,2010,30.6
Iraq,IRQ,2015,24.3
Iraq,IRQ,2020,19.2
Ireland,IRL,1870,79.9
Ireland,IRL,1875,77.7
Ireland,IRL,1880,75.1
Ireland,IRL,1885,72.2
Ireland,IRL,1890,69.1
Ireland,IRL,1895,65.9
Ireland,IRL,1900,62.4
Ireland,IRL,1905,58.8
Ireland,IRL,1910,50
Ireland,IRL,1915,42.4
Ireland,IRL,1920,35.7
Ireland,IRL,1925,31.5
Ireland,IRL,1930,25.3
Ireland,IRL,1935,19.8
Ireland,IRL,1940,14.1
Ireland,IRL,1945,8.8
Ireland,IRL,1950,5.1
Ireland,IRL,1955,4.4
Ireland,IRL,1960,3.9
Ireland,IRL,1965,3.3
Ireland,IRL,1970,2.6
Ireland,IRL,1975,2.6
Ireland,IRL,1980,2
Ireland,IRL,1985,1.8
Ireland,IRL,1990,1.6
Ireland,IRL,1995,3.3
Ireland,IRL,2000,3.8
Ireland,IRL,2005,0.6
Ireland,IRL,2010,0.5
Ireland,IRL,2015,0.5
Ireland,IRL,2020,0.4
Israel,ISR,2015,1.5
Israel,ISR,2020,1.1
Italy,ITA,1870,79.3
Italy,ITA,1875,76.4
Italy,ITA,1880,72.2
Italy,ITA,1885,67.3
Italy,ITA,1890,62.5
Italy,ITA,1895,58
Italy,ITA,1900,53.7
Italy,ITA,1905,49.8
Italy,ITA,1910,47.7
Italy,ITA,1915,42.6
Italy,ITA,1920,37.6
Italy,ITA,1925,32.6
Italy,ITA,1930,28.1
Italy,ITA,1935,25.5
Italy,ITA,1940,21.6
Italy,ITA,1945,16.4
Italy,ITA,1950,13.7
Italy,ITA,1955,11.8
Italy,ITA,1960,9.3
Italy,ITA,1965,7.1
Italy,ITA,1970,5
Italy,ITA,1975,6
Italy,ITA,1980,6.4
Italy,ITA,1985,7.1
Italy,ITA,1990,5.9
Italy,ITA,1995,4.7
Italy,ITA,2000,3.2
Italy,ITA,2005,2.4
Italy,ITA,2010,1.7
Italy,ITA,2015,1.3
Italy,ITA,2020,1
Jamaica,JAM,1870,84.5
Jamaica,JAM,1875,81.6
Jamaica,JAM,1880,78.4
Jamaica,JAM,1885,74.7
Jamaica,JAM,1890,70.6
Jamaica,JAM,1895,66.5
Jamaica,JAM,1900,58.2
Jamaica,JAM,1905,54
Jamaica,JAM,1910,47.3
Jamaica,JAM,1915,41.3
Jamaica,JAM,1920,37.8
Jamaica,JAM,1925,32.4
Jamaica,JAM,1930,28.2
Jamaica,JAM,1935,24.3
Jamaica,JAM,1940,21.1
Jamaica,JAM,1945,17.6
Jamaica,JAM,1950,15.3
Jamaica,JAM,1955,14.1
Jamaica,JAM,1960,12.5
Jamaica,JAM,1965,7.2
Jamaica,JAM,1970,2.9
Jamaica,JAM,1975,2.3
Jamaica,JAM,1980,1.8
Jamaica,JAM,1985,4.1
Jamaica,JAM,1990,3.9
Jamaica,JAM,1995,4.3
Jamaica,JAM,2000,5.1
Jamaica,JAM,2005,4.8
Jamaica,JAM,2010,5.4
Jamaica,JAM,2015,5.6
Jamaica,JAM,2020,5.7
Japan,JPN,1870,90.4
Japan,JPN,1875,88.2
Japan,JPN,1880,85.6
Japan,JPN,1885,82.5
Japan,JPN,1890,86.3
Japan,JPN,1895,65.8
Japan,JPN,1900,59.3
Japan,JPN,1905,53.2
Japan,JPN,1910,51.7
Japan,JPN,1915,44
Japan,JPN,1920,34.5
Japan,JPN,1925,20.7
Japan,JPN,1930,15.1
Japan,JPN,1935,10.8
Japan,JPN,1940,7.7
Japan,JPN,1945,6.2
Japan,JPN,1950,4.8
Japan,JPN,1955,3
Japan,JPN,1960,1.3
Japan,JPN,1965,0.8
Japan,JPN,1970,0.3
Japan,JPN,1975,0.3
Japan,JPN,1980,0.3
Japan,JPN,1985,0.2
Japan,JPN,1990,0.1
Japan,JPN,1995,0.1
Japan,JPN,2000,0.1
Japan,JPN,2005,0.1
Japan,JPN,2010,0.1
Japan,JPN,2015,0.2
Japan,JPN,2020,0.2
Jordan,JOR,1870,100
Jordan,JOR,1875,99.9
Jordan,JOR,1880,99.9
Jordan,JOR,1885,99.9
Jordan,JOR,1890,99.9
Jordan,JOR,1895,99.8
Jordan,JOR,1900,99.7
Jordan,JOR,1905,99.3
Jordan,JOR,1910,98.9
Jordan,JOR,1915,98.6
Jordan,JOR,1920,96.4
Jordan,JOR,1925,96.1
Jordan,JOR,1930,95.9
Jordan,JOR,1935,95.6
Jordan,JOR,1940,94.6
Jordan,JOR,1945,93.3
Jordan,JOR,1950,91.1
Jordan,JOR,1955,88.3
Jordan,JOR,1960,82.5
Jordan,JOR,1965,75.7
Jordan,JOR,1970,69.4
Jordan,JOR,1975,62.8
Jordan,JOR,1980,56.9
Jordan,JOR,1985,46.1
Jordan,JOR,1990,35.5
Jordan,JOR,1995,26.1
Jordan,JOR,2000,19.9
Jordan,JOR,2005,13.5
Jordan,JOR,2010,7.4
Jordan,JOR,2015,5.1
Jordan,JOR,2020,3.9
Kazakhstan,KAZ,2015,0.1
Kazakhstan,KAZ,2020,0.1
Kenya,KEN,1870,99.9
Kenya,KEN,1875,99.9
Kenya,KEN,1880,99.9
Kenya,KEN,1885,99.9
Kenya,KEN,1890,99.8
Kenya,KEN,1895,99.8
Kenya,KEN,1900,99.7
Kenya,KEN,1905,98.8
Kenya,KEN,1910,98
Kenya,KEN,1915,97.4
Kenya,KEN,1920,92.9
Kenya,KEN,1925,92.3
Kenya,KEN,1930,91.7
Kenya,KEN,1935,91
Kenya,KEN,1940,90.2
Kenya,KEN,1945,88.6
Kenya,KEN,1950,87.1
Kenya,KEN,1955,85.3
Kenya,KEN,1960,82.3
Kenya,KEN,1965,79.9
Kenya,KEN,1970,74.2
Kenya,KEN,1975,66.3
Kenya,KEN,1980,55.9
Kenya,KEN,1985,43.5
Kenya,KEN,1990,34.1
Kenya,KEN,1995,28.4
Kenya,KEN,2000,24.9
Kenya,KEN,2005,21.4
Kenya,KEN,2010,17.6
Kenya,KEN,2015,12.2
Kenya,KEN,2020,8.3
Kuwait,KWT,1870,100
Kuwait,KWT,1875,100
Kuwait,KWT,1880,100
Kuwait,KWT,1885,100
Kuwait,KWT,1890,100
Kuwait,KWT,1895,100
Kuwait,KWT,1900,100
Kuwait,KWT,1905,100
Kuwait,KWT,1910,99.4
Kuwait,KWT,1915,99
Kuwait,KWT,1920,98.6
Kuwait,KWT,1925,98.2
Kuwait,KWT,1930,94.3
Kuwait,KWT,1935,93
Kuwait,KWT,1940,91.6
Kuwait,KWT,1945,88.9
Kuwait,KWT,1950,85.5
Kuwait,KWT,1955,80.6
Kuwait,KWT,1960,73.6
Kuwait,KWT,1965,65
Kuwait,KWT,1970,56.5
Kuwait,KWT,1975,61.6
Kuwait,KWT,1980,50.5
Kuwait,KWT,1985,42
Kuwait,KWT,1990,39.5
Kuwait,KWT,1995,39.7
Kuwait,KWT,2000,23.5
Kuwait,KWT,2005,7.3
Kuwait,KWT,2010,6.9
Kuwait,KWT,2015,4.4
Kuwait,KWT,2020,3.3
Kyrgyzstan,KGZ,2015,0.2
Kyrgyzstan,KGZ,2020,0.2
Laos,LAO,2015,31.2
Laos,LAO,2020,26.3
Latvia,LVA,2015,0.7
Latvia,LVA,2020,0.6
Lesotho,LSO,1870,99.9
Lesotho,LSO,1875,99.9
Lesotho,LSO,1880,99.8
Lesotho,LSO,1885,99.7
Lesotho,LSO,1890,99.6
Lesotho,LSO,1895,99.4
Lesotho,LSO,1900,99.1
Lesotho,LSO,1905,98.7
Lesotho,LSO,1910,94.6
Lesotho,LSO,1915,90.8
Lesotho,LSO,1920,87.9
Lesotho,LSO,1925,76.9
Lesotho,LSO,1930,70.3
Lesotho,LSO,1935,64.3
Lesotho,LSO,1940,55.9
Lesotho,LSO,1945,47.2
Lesotho,LSO,1950,36.9
Lesotho,LSO,1955,30.6
Lesotho,LSO,1960,25.1
Lesotho,LSO,1965,19.3
Lesotho,LSO,1970,16.5
Lesotho,LSO,1975,13.9
Lesotho,LSO,1980,11.8
Lesotho,LSO,1985,10.3
Lesotho,LSO,1990,9.3
Lesotho,LSO,1995,8.1
Lesotho,LSO,2000,7
Lesotho,LSO,2005,3.4
Lesotho,LSO,2010,3.4
Lesotho,LSO,2015,3.3
Lesotho,LSO,2020,3.8
Liberia,LBR,1870,100
Liberia,LBR,1875,99.9
Liberia,LBR,1880,99.9
Liberia,LBR,1885,99.9
Liberia,LBR,1890,99.9
Liberia,LBR,1895,99.8
Liberia,LBR,1900,99.8
Liberia,LBR,1905,99.2
Liberia,LBR,1910,98.6
Liberia,LBR,1915,98.2
Liberia,LBR,1920,98.2
Liberia,LBR,1925,98
Liberia,LBR,1930,97.6
Liberia,LBR,1935,97.4
Liberia,LBR,1940,96.9
Liberia,LBR,1945,96.5
Liberia,LBR,1950,96.1
Liberia,LBR,1955,95.7
Liberia,LBR,1960,94.8
Liberia,LBR,1965,93.3
Liberia,LBR,1970,91.8
Liberia,LBR,1975,89
Liberia,LBR,1980,85.4
Liberia,LBR,1985,80.7
Liberia,LBR,1990,76.6
Liberia,LBR,1995,76.5
Liberia,LBR,2000,73.3
Liberia,LBR,2005,67.1
Liberia,LBR,2010,56.4
Liberia,LBR,2015,50.3
Liberia,LBR,2020,42.6
Libya,LBY,1870,100
Libya,LBY,1875,100
Libya,LBY,1880,100
Libya,LBY,1885,100
Libya,LBY,1890,100
Libya,LBY,1895,100
Libya,LBY,1900,99.9
Libya,LBY,1905,99.9
Libya,LBY,1910,99.8
Libya,LBY,1915,99.8
Libya,LBY,1920,99.7
Libya,LBY,1925,99.9
Libya,LBY,1930,99.7
Libya,LBY,1935,99.6
Libya,LBY,1940,99.5
Libya,LBY,1945,99.5
Libya,LBY,1950,99.3
Libya,LBY,1955,98.7
Libya,LBY,1960,97.8
Libya,LBY,1965,95.1
Libya,LBY,1970,90.7
Libya,LBY,1975,82.2
Libya,LBY,1980,66.3
Libya,LBY,1985,53.5
Libya,LBY,1990,44.6
Libya,LBY,1995,37.8
Libya,LBY,2000,30.1
Libya,LBY,2005,24.2
Libya,LBY,2010,19.5
Libya,LBY,2015,14.9
Libya,LBY,2020,11.8
Lithuania,LTU,2015,0.2
Lithuania,LTU,2020,0.1
Luxembourg,LUX,1870,99.2
Luxembourg,LUX,1875,98.9
Luxembourg,LUX,1880,98.6
Luxembourg,LUX,1885,98.2
Luxembourg,LUX,1890,97.6
Luxembourg,LUX,1895,97
Luxembourg,LUX,1900,96.3
Luxembourg,LUX,1905,95.3
Luxembourg,LUX,1910,94.1
Luxembourg,LUX,1915,92.8
Luxembourg,LUX,1920,91.2
Luxembourg,LUX,1925,89.9
Luxembourg,LUX,1930,88.6
Luxembourg,LUX,1935,76.6
Luxembourg,LUX,1940,65.1
Luxembourg,LUX,1945,56
Luxembourg,LUX,1950,43.4
Luxembourg,LUX,1955,34.8
Luxembourg,LUX,1960,28.8
Luxembourg,LUX,1965,19
Luxembourg,LUX,1970,9.1
Luxembourg,LUX,1975,1.3
Luxembourg,LUX,1980,2.1
Luxembourg,LUX,1985,3.1
Luxembourg,LUX,1990,3.9
Luxembourg,LUX,1995,5.1
Luxembourg,LUX,2000,6.6
Luxembourg,LUX,2005,6.5
Luxembourg,LUX,2010,5.5
Luxembourg,LUX,2015,5.2
Luxembourg,LUX,2020,4.9
Macao,MAC,2015,1.7
Macao,MAC,2020,1.6
Malawi,MWI,1870,100
Malawi,MWI,1875,100
Malawi,MWI,1880,100
Malawi,MWI,1885,100
Malawi,MWI,1890,99.9
Malawi,MWI,1895,99.9
Malawi,MWI,1900,99.8
Malawi,MWI,1905,99.7
Malawi,MWI,1910,97.1
Malawi,MWI,1915,94.8
Malawi,MWI,1920,92.9
Malawi,MWI,1925,88.8
Malawi,MWI,1930,86.7
Malawi,MWI,1935,84.4
Malawi,MWI,1940,82
Malawi,MWI,1945,79.4
Malawi,MWI,1950,75.9
Malawi,MWI,1955,74.5
Malawi,MWI,1960,73.3
Malawi,MWI,1965,71
Malawi,MWI,1970,63.7
Malawi,MWI,1975,60.8
Malawi,MWI,1980,63.4
Malawi,MWI,1985,61.5
Malawi,MWI,1990,55.5
Malawi,MWI,1995,50.9
Malawi,MWI,2000,42.3
Malawi,MWI,2005,29
Malawi,MWI,2010,20.4
Malawi,MWI,2015,15.4
Malawi,MWI,2020,10.6
Malaysia,MYS,1870,99.8
Malaysia,MYS,1875,99.8
Malaysia,MYS,1880,99.7
Malaysia,MYS,1885,99.6
Malaysia,MYS,1890,99.4
Malaysia,MYS,1895,99.2
Malaysia,MYS,1900,98.9
Malaysia,MYS,1905,98.5
Malaysia,MYS,1910,98.1
Malaysia,MYS,1915,97.6
Malaysia,MYS,1920,95.5
Malaysia,MYS,1925,93.1
Malaysia,MYS,1930,90.8
Malaysia,MYS,1935,88.9
Malaysia,MYS,1940,86.8
Malaysia,MYS,1945,84.8
Malaysia,MYS,1950,81.8
Malaysia,MYS,1955,77
Malaysia,MYS,1960,69.5
Malaysia,MYS,1965,59.9
Malaysia,MYS,1970,48.5
Malaysia,MYS,1975,39.5
Malaysia,MYS,1980,31.5
Malaysia,MYS,1985,24.9
Malaysia,MYS,1990,19.7
Malaysia,MYS,1995,14.9
Malaysia,MYS,2000,11.5
Malaysia,MYS,2005,8.6
Malaysia,MYS,2010,5.7
Malaysia,MYS,2015,3.9
Malaysia,MYS,2020,2.7
Maldives,MDV,2015,14.2
Maldives,MDV,2020,11.8
Mali,MLI,1870,100
Mali,MLI,1875,100
Mali,MLI,1880,100
Mali,MLI,1885,100
Mali,MLI,1890,100
Mali,MLI,1895,100
Mali,MLI,1900,100
Mali,MLI,1905,100
Mali,MLI,1910,100
Mali,MLI,1915,100
Mali,MLI,1920,99.9
Mali,MLI,1925,99.9
Mali,MLI,1930,99.8
Mali,MLI,1935,98.4
Mali,MLI,1940,98.3
Mali,MLI,1945,98.2
Mali,MLI,1950,97.8
Mali,MLI,1955,97.5
Mali,MLI,1960,97.3
Mali,MLI,1965,96.7
Mali,MLI,1970,96.3
Mali,MLI,1975,94
Mali,MLI,1980,91.5
Mali,MLI,1985,89
Mali,MLI,1990,87.1
Mali,MLI,1995,85.4
Mali,MLI,2000,83.2
Mali,MLI,2005,77.8
Mali,MLI,2010,73.8
Mali,MLI,2015,66.6
Mali,MLI,2020,57.8
Malta,MLT,1870,93
Malta,MLT,1875,91.5
Malta,MLT,1880,89.7
Malta,MLT,1885,87.5
Malta,MLT,1890,85
Malta,MLT,1895,82.2
Malta,MLT,1900,78.2
Malta,MLT,1905,74.7
Malta,MLT,1910,78.9
Malta,MLT,1915,74.3
Malta,MLT,1920,70.2
Malta,MLT,1925,65.8
Malta,MLT,1930,62.9
Malta,MLT,1935,59.6
Malta,MLT,1940,57
Malta,MLT,1945,53.2
Malta,MLT,1950,49.9
Malta,MLT,1955,39.2
Malta,MLT,1960,29.3
Malta,MLT,1965,21.8
Malta,MLT,1970,23.2
Malta,MLT,1975,23.7
Malta,MLT,1980,24.2
Malta,MLT,1985,19.2
Malta,MLT,1990,15.9
Malta,MLT,1995,11.3
Malta,MLT,2000,6.3
Malta,MLT,2005,2.8
Malta,MLT,2010,2.7
Malta,MLT,2015,3
Malta,MLT,2020,3.2
Mauritania,MRT,2015,31.6
Mauritania,MRT,2020,24.7
Mauritius,MUS,1870,98.7
Mauritius,MUS,1875,98.3
Mauritius,MUS,1880,97.6
Mauritius,MUS,1885,96.8
Mauritius,MUS,1890,95.8
Mauritius,MUS,1895,94.4
Mauritius,MUS,1900,84.2
Mauritius,MUS,1905,79.6
Mauritius,MUS,1910,81.4
Mauritius,MUS,1915,77.8
Mauritius,MUS,1920,74.6
Mauritius,MUS,1925,71.9
Mauritius,MUS,1930,69.6
Mauritius,MUS,1935,67.1
Mauritius,MUS,1940,65.4
Mauritius,MUS,1945,63.2
Mauritius,MUS,1950,61.1
Mauritius,MUS,1955,55.6
Mauritius,MUS,1960,49.2
Mauritius,MUS,1965,40.9
Mauritius,MUS,1970,33.4
Mauritius,MUS,1975,29.1
Mauritius,MUS,1980,25.1
Mauritius,MUS,1985,20.5
Mauritius,MUS,1990,15.7
Mauritius,MUS,1995,11.9
Mauritius,MUS,2000,9.2
Mauritius,MUS,2005,6.4
Mauritius,MUS,2010,3.5
Mauritius,MUS,2015,2.2
Mauritius,MUS,2020,1.3
Mexico,MEX,1870,96.9
Mexico,MEX,1875,96.1
Mexico,MEX,1880,95.1
Mexico,MEX,1885,93.9
Mexico,MEX,1890,92.5
Mexico,MEX,1895,90.7
Mexico,MEX,1900,88.6
Mexico,MEX,1905,81.1
Mexico,MEX,1910,73.3
Mexico,MEX,1915,69.1
Mexico,MEX,1920,67.7
Mexico,MEX,1925,63.1
Mexico,MEX,1930,59.4
Mexico,MEX,1935,56.2
Mexico,MEX,1940,53.9
Mexico,MEX,1945,51.5
Mexico,MEX,1950,50.2
Mexico,MEX,1955,46.9
Mexico,MEX,1960,43.7
Mexico,MEX,1965,41.5
Mexico,MEX,1970,37.5
Mexico,MEX,1975,33
Mexico,MEX,1980,28.1
Mexico,MEX,1985,21.7
Mexico,MEX,1990,16.1
Mexico,MEX,1995,12.3
Mexico,MEX,2000,9.2
Mexico,MEX,2005,6.1
Mexico,MEX,2010,5.5
Mexico,MEX,2015,4.2
Mexico,MEX,2020,3
Moldova,MDA,2015,0.6
Moldova,MDA,2020,1
Mongolia,MNG,2015,2.9
Mongolia,MNG,2020,2.7
Morocco,MAR,1870,100
Morocco,MAR,1875,100
Morocco,MAR,1880,100
Morocco,MAR,1885,100
Morocco,MAR,1890,99.9
Morocco,MAR,1895,99.9
Morocco,MAR,1900,99.9
Morocco,MAR,1905,99.8
Morocco,MAR,1910,99.8
Morocco,MAR,1915,99.4
Morocco,MAR,1920,99.1
Morocco,MAR,1925,98.8
Morocco,MAR,1930,98.5
Morocco,MAR,1935,98.2
Morocco,MAR,1940,98
Morocco,MAR,1945,97.7
Morocco,MAR,1950,97.3
Morocco,MAR,1955,96.8
Morocco,MAR,1960,95.6
Morocco,MAR,1965,94.4
Morocco,MAR,1970,91.9
Morocco,MAR,1975,88.4
Morocco,MAR,1980,84.1
Morocco,MAR,1985,79.1
Morocco,MAR,1990,73.5
Morocco,MAR,1995,68.4
Morocco,MAR,2000,63.7
Morocco,MAR,2005,57.7
Morocco,MAR,2010,51
Morocco,MAR,2015,44.2
Morocco,MAR,2020,37.7
Mozambique,MOZ,1870,99.9
Mozambique,MOZ,1875,99.9
Mozambique,MOZ,1880,99.9
Mozambique,MOZ,1885,99.9
Mozambique,MOZ,1890,99.8
Mozambique,MOZ,1895,99.8
Mozambique,MOZ,1900,99.7
Mozambique,MOZ,1905,99.6
Mozambique,MOZ,1910,99.5
Mozambique,MOZ,1915,99.5
Mozambique,MOZ,1920,99.3
Mozambique,MOZ,1925,98.2
Mozambique,MOZ,1930,96.7
Mozambique,MOZ,1935,95.7
Mozambique,MOZ,1940,93
Mozambique,MOZ,1945,92
Mozambique,MOZ,1950,90.9
Mozambique,MOZ,1955,89.8
Mozambique,MOZ,1960,88.7
Mozambique,MOZ,1965,87.6
Mozambique,MOZ,1970,87.7
Mozambique,MOZ,1975,88.8
Mozambique,MOZ,1980,86.2
Mozambique,MOZ,1985,83.7
Mozambique,MOZ,1990,85.5
Mozambique,MOZ,1995,86
Mozambique,MOZ,2000,84.3
Mozambique,MOZ,2005,82.2
Mozambique,MOZ,2010,76.2
Mozambique,MOZ,2015,65.6
Mozambique,MOZ,2020,54.3
Myanmar,MMR,1870,99.9
Myanmar,MMR,1875,99.8
Myanmar,MMR,1880,99.7
Myanmar,MMR,1885,99.5
Myanmar,MMR,1890,99.3
Myanmar,MMR,1895,98.9
Myanmar,MMR,1900,97.2
Myanmar,MMR,1905,95.9
Myanmar,MMR,1910,94.3
Myanmar,MMR,1915,91.6
Myanmar,MMR,1920,90.2
Myanmar,MMR,1925,88.7
Myanmar,MMR,1930,86.6
Myanmar,MMR,1935,84.8
Myanmar,MMR,1940,83.3
Myanmar,MMR,1945,82.4
Myanmar,MMR,1950,80.7
Myanmar,MMR,1955,79
Myanmar,MMR,1960,78.8
Myanmar,MMR,1965,76.9
Myanmar,MMR,1970,74.7
Myanmar,MMR,1975,71.4
Myanmar,MMR,1980,58.9
Myanmar,MMR,1985,48.9
Myanmar,MMR,1990,43.5
Myanmar,MMR,1995,37.1
Myanmar,MMR,2000,30.2
Myanmar,MMR,2005,25.5
Myanmar,MMR,2010,19.9
Myanmar,MMR,2015,16.2
Myanmar,MMR,2020,12.9
Namibia,NAM,2015,15.9
Namibia,NAM,2020,15.9
Nepal,NPL,1870,100
Nepal,NPL,1875,100
Nepal,NPL,1880,100
Nepal,NPL,1885,100
Nepal,NPL,1890,100
Nepal,NPL,1895,100
Nepal,NPL,1900,100
Nepal,NPL,1905,100
Nepal,NPL,1910,100
Nepal,NPL,1915,100
Nepal,NPL,1920,99.7
Nepal,NPL,1925,99.7
Nepal,NPL,1930,99.7
Nepal,NPL,1935,99.7
Nepal,NPL,1940,99.7
Nepal,NPL,1945,99.7
Nepal,NPL,1950,99.7
Nepal,NPL,1955,99.7
Nepal,NPL,1960,99.6
Nepal,NPL,1965,99.1
Nepal,NPL,1970,98.2
Nepal,NPL,1975,97.3
Nepal,NPL,1980,96.2
Nepal,NPL,1985,89.7
Nepal,NPL,1990,81.2
Nepal,NPL,1995,76.2
Nepal,NPL,2000,66.5
Nepal,NPL,2005,55.9
Nepal,NPL,2010,44.6
Nepal,NPL,2015,34.1
Nepal,NPL,2020,26.5
Netherlands,NLD,1870,34.7
Netherlands,NLD,1875,33
Netherlands,NLD,1880,31.4
Netherlands,NLD,1885,29.7
Netherlands,NLD,1890,28.1
Netherlands,NLD,1895,26.4
Netherlands,NLD,1900,24.6
Netherlands,NLD,1905,20.9
Netherlands,NLD,1910,17.1
Netherlands,NLD,1915,15
Netherlands,NLD,1920,10.7
Netherlands,NLD,1925,8.4
Netherlands,NLD,1930,6.5
Netherlands,NLD,1935,4.8
Netherlands,NLD,1940,3.2
Netherlands,NLD,1945,2.1
Netherlands,NLD,1950,1.8
Netherlands,NLD,1955,1.6
Netherlands,NLD,1960,1.3
Netherlands,NLD,1965,1.8
Netherlands,NLD,1970,1.6
Netherlands,NLD,1975,1.6
Netherlands,NLD,1980,1.7
Netherlands,NLD,1985,2
Netherlands,NLD,1990,1.6
Netherlands,NLD,1995,1.1
Netherlands,NLD,2000,0.8
Netherlands,NLD,2005,3.3
Netherlands,NLD,2010,0
Netherlands,NLD,2015,0.2
Netherlands,NLD,2020,0.3
New Zealand,NZL,1870,36.6
New Zealand,NZL,1875,34.3
New Zealand,NZL,1880,31.9
New Zealand,NZL,1885,29.7
New Zealand,NZL,1890,22.6
New Zealand,NZL,1895,20.7
New Zealand,NZL,1900,20
New Zealand,NZL,1905,19.3
New Zealand,NZL,1910,13.3
New Zealand,NZL,1915,10.2
New Zealand,NZL,1920,7.8
New Zealand,NZL,1925,5.9
New Zealand,NZL,1930,4.1
New Zealand,NZL,1935,2.9
New Zealand,NZL,1940,2.6
New Zealand,NZL,1945,2.7
New Zealand,NZL,1950,1.6
New Zealand,NZL,1955,1.4
New Zealand,NZL,1960,1.4
New Zealand,NZL,1965,1.6
New Zealand,NZL,1970,1.7
New Zealand,NZL,1975,0.5
New Zealand,NZL,1980,0.7
New Zealand,NZL,1985,0.3
New Zealand,NZL,1990,0.1
New Zealand,NZL,1995,0.1
New Zealand,NZL,2000,0.1
New Zealand,NZL,2005,0.2
New Zealand,NZL,2010,0.8
New Zealand,NZL,2015,1.3
New Zealand,NZL,2020,1.6
Nicaragua,NIC,1870,97
Nicaragua,NIC,1875,96.2
Nicaragua,NIC,1880,95.2
Nicaragua,NIC,1885,94
Nicaragua,NIC,1890,92.5
Nicaragua,NIC,1895,90.8
Nicaragua,NIC,1900,81.6
Nicaragua,NIC,1905,78.1
Nicaragua,NIC,1910,76.6
Nicaragua,NIC,1915,74
Nicaragua,NIC,1920,71.8
Nicaragua,NIC,1925,70.1
Nicaragua,NIC,1930,68.7
Nicaragua,NIC,1935,67.4
Nicaragua,NIC,1940,66.5
Nicaragua,NIC,1945,65.3
Nicaragua,NIC,1950,63.7
Nicaragua,NIC,1955,62.9
Nicaragua,NIC,1960,62.3
Nicaragua,NIC,1965,61.7
Nicaragua,NIC,1970,62.4
Nicaragua,NIC,1975,60.9
Nicaragua,NIC,1980,58.2
Nicaragua,NIC,1985,54.6
Nicaragua,NIC,1990,41.5
Nicaragua,NIC,1995,33.9
Nicaragua,NIC,2000,26.6
Nicaragua,NIC,2005,19.3
Nicaragua,NIC,2010,15
Nicaragua,NIC,2015,12
Nicaragua,NIC,2020,9.4
Niger,NER,1870,100
Niger,NER,1875,100
Niger,NER,1880,100
Niger,NER,1885,100
Niger,NER,1890,100
Niger,NER,1895,100
Niger,NER,1900,100
Niger,NER,1905,100
Niger,NER,1910,100
Niger,NER,1915,100
Niger,NER,1920,99.7
Niger,NER,1925,99.4
Niger,NER,1930,99.2
Niger,NER,1935,99.1
Niger,NER,1940,99
Niger,NER,1945,98.9
Niger,NER,1950,98.8
Niger,NER,1955,98.7
Niger,NER,1960,98.6
Niger,NER,1965,98.5
Niger,NER,1970,97.9
Niger,NER,1975,97.1
Niger,NER,1980,95.6
Niger,NER,1985,93.5
Niger,NER,1990,91
Niger,NER,1995,88.9
Niger,NER,2000,87.3
Niger,NER,2005,85.3
Niger,NER,2010,81.6
Niger,NER,2015,74.9
Niger,NER,2020,66.2
North America,,1870,45.595627
North America,,1875,40.337025
North America,,1880,35.861496
North America,,1885,31.419544
North America,,1890,28.66954
North America,,1895,26.324287
North America,,1900,23.752449
North America,,1905,21.045069
North America,,1910,18.936718
North America,,1915,17.521564
North America,,1920,16.327772
North America,,1925,15.228265
North America,,1930,14.006022
North America,,1935,13.255135
North America,,1940,12.830452
North America,,1945,12.627454
North America,,1950,13.171788
North America,,1955,12.738354
North America,,1960,12.136599
North America,,1965,11.990195
North America,,1970,11.559853
North America,,1975,10.919951
North America,,1980,9.805261
North America,,1985,8.542835
North America,,1990,7.178179
North America,,1995,6.0049067
North America,,2000,5.045736
North America,,2005,4.0014024
North America,,2010,3.2595751
North America,,2015,2.608749
North America,,2020,2.0541904
Norway,NOR,1870,37.9
Norway,NOR,1875,35.9
Norway,NOR,1880,34
Norway,NOR,1885,32.1
Norway,NOR,1890,30.2
Norway,NOR,1895,28.3
Norway,NOR,1900,24.6
Norway,NOR,1905,20.6
Norway,NOR,1910,17
Norway,NOR,1915,13.5
Norway,NOR,1920,13.4
Norway,NOR,1925,10.5
Norway,NOR,1930,7.9
Norway,NOR,1935,5.8
Norway,NOR,1940,3.9
Norway,NOR,1945,2.2
Norway,NOR,1950,1.8
Norway,NOR,1955,2
Norway,NOR,1960,2.1
Norway,NOR,1965,1.2
Norway,NOR,1970,0.7
Norway,NOR,1975,2.1
Norway,NOR,1980,1.9
Norway,NOR,1985,0.7
Norway,NOR,1990,0.1
Norway,NOR,1995,0.3
Norway,NOR,2000,0.3
Norway,NOR,2005,2.8
Norway,NOR,2010,6.1
Norway,NOR,2015,6.9
Norway,NOR,2020,7.5
Oceania,,1870,63.005493
Oceania,,1875,59.298435
Oceania,,1880,52.778324
Oceania,,1885,47.159622
Oceania,,1890,41.351616
Oceania,,1895,39.55755
Oceania,,1900,32.543713
Oceania,,1905,28.796946
Oceania,,1910,22.81868
Oceania,,1915,18.26502
Oceania,,1920,14.356772
Oceania,,1925,11.412311
Oceania,,1930,8.845282
Oceania,,1935,6.8712387
Oceania,,1940,5.6249743
Oceania,,1945,4.297238
Oceania,,1950,2.4152286
Oceania,,1955,2.0548615
Oceania,,1960,1.7886733
Oceania,,1965,1.5838699
Oceania,,1970,1.5028874
Oceania,,1975,1.673843
Oceania,,1980,1.1906921
Oceania,,1985,1.239957
Oceania,,1990,1.0949405
Oceania,,1995,1.2105409
Oceania,,2000,0.81961024
Oceania,,2005,0.69090366
Oceania,,2010,0.60424024
Oceania,,2015,10.471639
Oceania,,2020,10.501992
Pakistan,PAK,1870,100
Pakistan,PAK,1875,100
Pakistan,PAK,1880,100
Pakistan,PAK,1885,100
Pakistan,PAK,1890,100
Pakistan,PAK,1895,100
Pakistan,PAK,1900,100
Pakistan,PAK,1905,99.1
Pakistan,PAK,1910,98.3
Pakistan,PAK,1915,97.8
Pakistan,PAK,1920,94.9
Pakistan,PAK,1925,94.6
Pakistan,PAK,1930,94.2
Pakistan,PAK,1935,94
Pakistan,PAK,1940,93.7
Pakistan,PAK,1945,93.5
Pakistan,PAK,1950,93.5
Pakistan,PAK,1955,93.5
Pakistan,PAK,1960,92.7
Pakistan,PAK,1965,91.6
Pakistan,PAK,1970,89.6
Pakistan,PAK,1975,87.2
Pakistan,PAK,1980,85.4
Pakistan,PAK,1985,82.6
Pakistan,PAK,1990,79.5
Pakistan,PAK,1995,75.3
Pakistan,PAK,2000,71.8
Pakistan,PAK,2005,58.2
Pakistan,PAK,2010,57.8
Pakistan,PAK,2015,48.8
Pakistan,PAK,2020,39.9
Panama,PAN,1870,98.3
Panama,PAN,1875,97.9
Panama,PAN,1880,97.3
Panama,PAN,1885,96.6
Panama,PAN,1890,95.7
Panama,PAN,1895,94.5
Panama,PAN,1900,82.9
Panama,PAN,1905,79
Panama,PAN,1910,71.9
Panama,PAN,1915,66.9
Panama,PAN,1920,61.8
Panama,PAN,1925,56.3
Panama,PAN,1930,51.4
Panama,PAN,1935,45
Panama,PAN,1940,40.6
Panama,PAN,1945,35.3
Panama,PAN,1950,31.8
Panama,PAN,1955,26.9
Panama,PAN,1960,21.5
Panama,PAN,1965,18.3
Panama,PAN,1970,15.5
Panama,PAN,1975,14.2
Panama,PAN,1980,12.9
Panama,PAN,1985,10.2
Panama,PAN,1990,8.7
Panama,PAN,1995,7.5
Panama,PAN,2000,6.4
Panama,PAN,2005,6.3
Panama,PAN,2010,5.9
Panama,PAN,2015,4.8
Panama,PAN,2020,4.3
Papua New Guinea,PNG,2015,43.2
Papua New Guinea,PNG,2020,41.4
Paraguay,PRY,1870,98.9
Paraguay,PRY,1875,98.7
Paraguay,PRY,1880,98.3
Paraguay,PRY,1885,97.8
Paraguay,PRY,1890,97.2
Paraguay,PRY,1895,96.4
Paraguay,PRY,1900,89.6
Paraguay,PRY,1905,87.1
Paraguay,PRY,1910,78.4
Paraguay,PRY,1915,74.5
Paraguay,PRY,1920,70.5
Paraguay,PRY,1925,64.3
Paraguay,PRY,1930,59.1
Paraguay,PRY,1935,53.6
Paraguay,PRY,1940,49.3
Paraguay,PRY,1945,43.7
Paraguay,PRY,1950,41.9
Paraguay,PRY,1955,34.8
Paraguay,PRY,1960,27
Paraguay,PRY,1965,22.9
Paraguay,PRY,1970,17
Paraguay,PRY,1975,13.8
Paraguay,PRY,1980,11.4
Paraguay,PRY,1985,8.8
Paraguay,PRY,1990,6.7
Paraguay,PRY,1995,6.6
Paraguay,PRY,2000,6.2
Paraguay,PRY,2005,3.4
Paraguay,PRY,2010,2.8
Paraguay,PRY,2015,2.6
Paraguay,PRY,2020,3.3
Peru,PER,1870,99.8
Peru,PER,1875,99.6
Peru,PER,1880,99.4
Peru,PER,1885,99.2
Peru,PER,1890,98.8
Peru,PER,1895,98.2
Peru,PER,1900,97.5
Peru,PER,1905,93.3
Peru,PER,1910,89.1
Peru,PER,1915,85.9
Peru,PER,1920,78.9
Peru,PER,1925,74
Peru,PER,1930,69.7
Peru,PER,1935,65.2
Peru,PER,1940,61.4
Peru,PER,1945,57
Peru,PER,1950,54.3
Peru,PER,1955,51.5
Peru,PER,1960,48.4
Peru,PER,1965,43.8
Peru,PER,1970,36.4
Peru,PER,1975,29.6
Peru,PER,1980,23.8
Peru,PER,1985,20.2
Peru,PER,1990,18
Peru,PER,1995,15.5
Peru,PER,2000,10.8
Peru,PER,2005,7.9
Peru,PER,2010,5.2
Peru,PER,2015,3.8
Peru,PER,2020,2.6
Philippines,PHL,1870,99
Philippines,PHL,1875,98.3
Philippines,PHL,1880,97.6
Philippines,PHL,1885,96.6
Philippines,PHL,1890,95.3
Philippines,PHL,1895,93.7
Philippines,PHL,1900,93.2
Philippines,PHL,1905,92
Philippines,PHL,1910,92.1
Philippines,PHL,1915,89.8
Philippines,PHL,1920,88.5
Philippines,PHL,1925,81.8
Philippines,PHL,1930,74.6
Philippines,PHL,1935,65.3
Philippines,PHL,1940,58.9
Philippines,PHL,1945,53
Philippines,PHL,1950,48
Philippines,PHL,1955,27.7
Philippines,PHL,1960,28.2
Philippines,PHL,1965,22.6
Philippines,PHL,1970,15.8
Philippines,PHL,1975,10.9
Philippines,PHL,1980,9.2
Philippines,PHL,1985,7.9
Philippines,PHL,1990,5.6
Philippines,PHL,1995,5.6
Philippines,PHL,2000,5.5
Philippines,PHL,2005,3.9
Philippines,PHL,2010,2.3
Philippines,PHL,2015,2
Philippines,PHL,2020,1.8
Poland,POL,1870,67.5
Poland,POL,1875,65.4
Poland,POL,1880,63.3
Poland,POL,1885,61.1
Poland,POL,1890,58.8
Poland,POL,1895,56.5
Poland,POL,1900,54.2
Poland,POL,1905,50.2
Poland,POL,1910,46.9
Poland,POL,1915,44.2
Poland,POL,1920,38.9
Poland,POL,1925,36.7
Poland,POL,1930,32.3
Poland,POL,1935,25.9
Poland,POL,1940,18.5
Poland,POL,1945,13.2
Poland,POL,1950,11
Poland,POL,1955,8.1
Poland,POL,1960,5.7
Poland,POL,1965,3.5
Poland,POL,1970,1.7
Poland,POL,1975,1.7
Poland,POL,1980,0.6
Poland,POL,1985,0.9
Poland,POL,1990,0.5
Poland,POL,1995,1.1
Poland,POL,2000,0.9
Poland,POL,2005,0.3
Poland,POL,2010,0.1
Poland,POL,2015,0.1
Poland,POL,2020,0.1
Portugal,PRT,1870,98.4
Portugal,PRT,1875,97.8
Portugal,PRT,1880,96.8
Portugal,PRT,1885,95.4
Portugal,PRT,1890,93.6
Portugal,PRT,1895,91.4
Portugal,PRT,1900,88.8
Portugal,PRT,1905,84.8
Portugal,PRT,1910,81.2
Portugal,PRT,1915,77.9
Portugal,PRT,1920,71.4
Portugal,PRT,1925,67.3
Portugal,PRT,1930,63.7
Portugal,PRT,1935,60.1
Portugal,PRT,1940,57.1
Portugal,PRT,1945,52.9
Portugal,PRT,1950,49.9
Portugal,PRT,1955,45.9
Portugal,PRT,1960,40.9
Portugal,PRT,1965,44.5
Portugal,PRT,1970,40.3
Portugal,PRT,1975,30.1
Portugal,PRT,1980,18.4
Portugal,PRT,1985,14.1
Portugal,PRT,1990,8.8
Portugal,PRT,1995,6.2
Portugal,PRT,2000,3.8
Portugal,PRT,2005,5.5
Portugal,PRT,2010,3.6
Portugal,PRT,2015,2.8
Portugal,PRT,2020,2
Qatar,QAT,2015,2.9
Qatar,QAT,2020,2.5
Reunion,REU,1870,98.8
Reunion,REU,1875,98.4
Reunion,REU,1880,97.7
Reunion,REU,1885,96.8
Reunion,REU,1890,95.5
Reunion,REU,1895,93.8
Reunion,REU,1900,86.5
Reunion,REU,1905,79.3
Reunion,REU,1910,73.4
Reunion,REU,1915,77.1
Reunion,REU,1920,72.1
Reunion,REU,1925,66.6
Reunion,REU,1930,60.9
Reunion,REU,1935,56
Reunion,REU,1940,51.8
Reunion,REU,1945,49.2
Reunion,REU,1950,45.9
Reunion,REU,1955,53.9
Reunion,REU,1960,40.9
Reunion,REU,1965,32.8
Reunion,REU,1970,28
Reunion,REU,1975,21.9
Reunion,REU,1980,17.5
Reunion,REU,1985,14.4
Reunion,REU,1990,11.3
Reunion,REU,1995,8.7
Reunion,REU,2000,7
Reunion,REU,2005,5.5
Reunion,REU,2010,3.9
Reunion,REU,2015,3
Reunion,REU,2020,2.5
Romania,ROU,1870,98.4
Romania,ROU,1875,98
Romania,ROU,1880,97.6
Romania,ROU,1885,97
Romania,ROU,1890,96.4
Romania,ROU,1895,95.7
Romania,ROU,1900,94.6
Romania,ROU,1905,93
Romania,ROU,1910,86.5
Romania,ROU,1915,77
Romania,ROU,1920,66.4
Romania,ROU,1925,52.8
Romania,ROU,1930,43.9
Romania,ROU,1935,37.2
Romania,ROU,1940,31.1
Romania,ROU,1945,25.6
Romania,ROU,1950,18.9
Romania,ROU,1955,15.9
Romania,ROU,1960,13.8
Romania,ROU,1965,11.6
Romania,ROU,1970,9.2
Romania,ROU,1975,6
Romania,ROU,1980,4.5
Romania,ROU,1985,3.2
Romania,ROU,1990,3.5
Romania,ROU,1995,3.1
Romania,ROU,2000,1.9
Romania,ROU,2005,1.3
Romania,ROU,2010,1
Romania,ROU,2015,0.9
Romania,ROU,2020,1
Russia,RUS,1870,98.1
Russia,RUS,1875,97.6
Russia,RUS,1880,97.1
Russia,RUS,1885,96.3
Russia,RUS,1890,95.6
Russia,RUS,1895,94.8
Russia,RUS,1900,93.3
Russia,RUS,1905,90.6
Russia,RUS,1910,88.6
Russia,RUS,1915,84
Russia,RUS,1920,78.7
Russia,RUS,1925,71.9
Russia,RUS,1930,63.1
Russia,RUS,1935,50.3
Russia,RUS,1940,35.7
Russia,RUS,1945,25.8
Russia,RUS,1950,17.7
Russia,RUS,1955,12.4
Russia,RUS,1960,10.1
Russia,RUS,1965,8.5
Russia,RUS,1970,6.3
Russia,RUS,1975,4.9
Russia,RUS,1980,3.8
Russia,RUS,1985,2.7
Russia,RUS,1990,1.9
Russia,RUS,1995,1.4
Russia,RUS,2000,0.3
Russia,RUS,2005,0.3
Russia,RUS,2010,0.4
Russia,RUS,2015,0.8
Russia,RUS,2020,1
Rwanda,RWA,2015,37.3
Rwanda,RWA,2020,31.3
Saudi Arabia,SAU,2015,12.1
Saudi Arabia,SAU,2020,9.5
Senegal,SEN,1870,100
Senegal,SEN,1875,100
Senegal,SEN,1880,100
Senegal,SEN,1885,100
Senegal,SEN,1890,100
Senegal,SEN,1895,99.9
Senegal,SEN,1900,99.9
Senegal,SEN,1905,99.9
Senegal,SEN,1910,99.9
Senegal,SEN,1915,99.8
Senegal,SEN,1920,95.4
Senegal,SEN,1925,91.5
Senegal,SEN,1930,88.5
Senegal,SEN,1935,81.7
Senegal,SEN,1940,79.4
Senegal,SEN,1945,77.1
Senegal,SEN,1950,75.2
Senegal,SEN,1955,73.5
Senegal,SEN,1960,71.8
Senegal,SEN,1965,70.6
Senegal,SEN,1970,68.2
Senegal,SEN,1975,65.2
Senegal,SEN,1980,65.5
Senegal,SEN,1985,66.3
Senegal,SEN,1990,67.7
Senegal,SEN,1995,69.2
Senegal,SEN,2000,71.9
Senegal,SEN,2005,75.4
Senegal,SEN,2010,60
Senegal,SEN,2015,52.8
Senegal,SEN,2020,45.5
Serbia,SRB,1870,99.4
Serbia,SRB,1875,99.2
Serbia,SRB,1880,99
Serbia,SRB,1885,98.6
Serbia,SRB,1890,98.2
Serbia,SRB,1895,97.7
Serbia,SRB,1900,97.4
Serbia,SRB,1905,97.1
Serbia,SRB,1910,91.3
Serbia,SRB,1915,84.7
Serbia,SRB,1920,80
Serbia,SRB,1925,74.4
Serbia,SRB,1930,66.5
Serbia,SRB,1935,60.2
Serbia,SRB,1940,54.9
Serbia,SRB,1945,48.4
Serbia,SRB,1950,42.8
Serbia,SRB,1955,38.9
Serbia,SRB,1960,33.8
Serbia,SRB,1965,28.2
Serbia,SRB,1970,23.2
Serbia,SRB,1975,19.4
Serbia,SRB,1980,15.7
Serbia,SRB,1985,13.4
Serbia,SRB,1990,10.4
Serbia,SRB,1995,5.8
Serbia,SRB,2000,2.5
Serbia,SRB,2005,1.7
Serbia,SRB,2010,1
Serbia,SRB,2015,1
Serbia,SRB,2020,1.2
Sierra Leone,SLE,1870,100
Sierra Leone,SLE,1875,100
Sierra Leone,SLE,1880,100
Sierra Leone,SLE,1885,100
Sierra Leone,SLE,1890,99.9
Sierra Leone,SLE,1895,99.9
Sierra Leone,SLE,1900,99.9
Sierra Leone,SLE,1905,99.9
Sierra Leone,SLE,1910,99.2
Sierra Leone,SLE,1915,98.6
Sierra Leone,SLE,1920,98.1
Sierra Leone,SLE,1925,98.1
Sierra Leone,SLE,1930,97.7
Sierra Leone,SLE,1935,97.4
Sierra Leone,SLE,1940,97.1
Sierra Leone,SLE,1945,96.9
Sierra Leone,SLE,1950,96.6
Sierra Leone,SLE,1955,96.6
Sierra Leone,SLE,1960,96.5
Sierra Leone,SLE,1965,95.7
Sierra Leone,SLE,1970,94.1
Sierra Leone,SLE,1975,91.8
Sierra Leone,SLE,1980,89.1
Sierra Leone,SLE,1985,85.9
Sierra Leone,SLE,1990,81.3
Sierra Leone,SLE,1995,77.4
Sierra Leone,SLE,2000,74.7
Sierra Leone,SLE,2005,72.3
Sierra Leone,SLE,2010,62.9
Sierra Leone,SLE,2015,52
Sierra Leone,SLE,2020,40.6
Singapore,SGP,2015,6
Singapore,SGP,2020,3.9
Slovakia,SVK,2015,0.5
Slovakia,SVK,2020,0.3
Slovenia,SVN,2015,0.2
Slovenia,SVN,2020,0.2
South Africa,ZAF,1870,99.9
South Africa,ZAF,1875,99.8
South Africa,ZAF,1880,99.8
South Africa,ZAF,1885,99.7
South Africa,ZAF,1890,99.6
South Africa,ZAF,1895,99.5
South Africa,ZAF,1900,99.4
South Africa,ZAF,1905,96
South Africa,ZAF,1910,93
South Africa,ZAF,1915,87.8
South Africa,ZAF,1920,81.9
South Africa,ZAF,1925,77
South Africa,ZAF,1930,71.2
South Africa,ZAF,1935,64.7
South Africa,ZAF,1940,59
South Africa,ZAF,1945,53.5
South Africa,ZAF,1950,49.8
South Africa,ZAF,1955,46.9
South Africa,ZAF,1960,44.8
South Africa,ZAF,1965,41.1
South Africa,ZAF,1970,37.1
South Africa,ZAF,1975,30.7
South Africa,ZAF,1980,24.5
South Africa,ZAF,1985,19
South Africa,ZAF,1990,10.6
South Africa,ZAF,1995,3.8
South Africa,ZAF,2000,14.5
South Africa,ZAF,2005,9.1
South Africa,ZAF,2010,4.7
South Africa,ZAF,2015,3.5
South Africa,ZAF,2020,2.2
South America,,1870,98.10148
South America,,1875,97.48543
South America,,1880,96.74815
South America,,1885,95.76574
South America,,1890,94.52549
South America,,1895,93.125374
South America,,1900,87.36768
South America,,1905,83.113495
South America,,1910,77.67256
South America,,1915,73.4067
South America,,1920,68.7187
South America,,1925,64.95674
South America,,1930,61.18082
South America,,1935,57.620403
South America,,1940,54.39204
South America,,1945,51.80477
South America,,1950,49.82634
South America,,1955,46.058147
South America,,1960,41.663788
South America,,1965,36.194656
South America,,1970,30.468643
South America,,1975,23.49469
South America,,1980,20.438877
South America,,1985,17.148357
South America,,1990,14.365465
South America,,1995,11.931706
South America,,2000,10.001315
South America,,2005,7.275867
South America,,2010,5.032059
South America,,2015,3.7761846
South America,,2020,2.840879
South Korea,KOR,1870,100
South Korea,KOR,1875,100
South Korea,KOR,1880,100
South Korea,KOR,1885,100
South Korea,KOR,1890,100
South Korea,KOR,1895,100
South Korea,KOR,1900,96.9
South Korea,KOR,1905,93.8
South Korea,KOR,1910,91.5
South Korea,KOR,1915,74.7
South Korea,KOR,1920,68.9
South Korea,KOR,1925,64
South Korea,KOR,1930,58.7
South Korea,KOR,1935,53.9
South Korea,KOR,1940,49.8
South Korea,KOR,1945,45.3
South Korea,KOR,1950,36.1
South Korea,KOR,1955,29.9
South Korea,KOR,1960,51.5
South Korea,KOR,1965,36.9
South Korea,KOR,1970,27.6
South Korea,KOR,1975,18.7
South Korea,KOR,1980,13.7
South Korea,KOR,1985,11.3
South Korea,KOR,1990,7.2
South Korea,KOR,1995,4.3
South Korea,KOR,2000,3.1
South Korea,KOR,2005,1.9
South Korea,KOR,2010,0.9
South Korea,KOR,2015,0.5
South Korea,KOR,2020,0.3
Spain,ESP,1870,87.9
Spain,ESP,1875,85.6
Spain,ESP,1880,82.5
Spain,ESP,1885,79
Spain,ESP,1890,75.2
Spain,ESP,1895,71.5
Spain,ESP,1900,68.3
Spain,ESP,1905,65.6
Spain,ESP,1910,63.1
Spain,ESP,1915,62.4
Spain,ESP,1920,62.4
Spain,ESP,1925,62.7
Spain,ESP,1930,61.1
Spain,ESP,1935,61
Spain,ESP,1940,62.4
Spain,ESP,1945,59.8
Spain,ESP,1950,57.7
Spain,ESP,1955,55.6
Spain,ESP,1960,51.7
Spain,ESP,1965,46.3
Spain,ESP,1970,39.8
Spain,ESP,1975,33.6
Spain,ESP,1980,26.5
Spain,ESP,1985,24.2
Spain,ESP,1990,20.6
Spain,ESP,1995,14.1
Spain,ESP,2000,8.7
Spain,ESP,2005,1.1
Spain,ESP,2010,1.1
Spain,ESP,2015,0.9
Spain,ESP,2020,0.7
Sri Lanka,LKA,1870,99.5
Sri Lanka,LKA,1875,99.2
Sri Lanka,LKA,1880,99
Sri Lanka,LKA,1885,98.6
Sri Lanka,LKA,1890,98
Sri Lanka,LKA,1895,97.3
Sri Lanka,LKA,1900,96.3
Sri Lanka,LKA,1905,95
Sri Lanka,LKA,1910,90.2
Sri Lanka,LKA,1915,85.3
Sri Lanka,LKA,1920,81.2
Sri Lanka,LKA,1925,72.8
Sri Lanka,LKA,1930,67.8
Sri Lanka,LKA,1935,66.2
Sri Lanka,LKA,1940,60
Sri Lanka,LKA,1945,54.9
Sri Lanka,LKA,1950,48.1
Sri Lanka,LKA,1955,44
Sri Lanka,LKA,1960,40.9
Sri Lanka,LKA,1965,36
Sri Lanka,LKA,1970,24.4
Sri Lanka,LKA,1975,20.2
Sri Lanka,LKA,1980,16.7
Sri Lanka,LKA,1985,15.3
Sri Lanka,LKA,1990,10.9
Sri Lanka,LKA,1995,9.2
Sri Lanka,LKA,2000,8
Sri Lanka,LKA,2005,6
Sri Lanka,LKA,2010,3.9
Sri Lanka,LKA,2015,3.7
Sri Lanka,LKA,2020,3.1
Sudan,SDN,1870,99.9
Sudan,SDN,1875,99.9
Sudan,SDN,1880,99.9
Sudan,SDN,1885,99.9
Sudan,SDN,1890,99.9
Sudan,SDN,1895,99.8
Sudan,SDN,1900,99.8
Sudan,SDN,1905,99.8
Sudan,SDN,1910,99.8
Sudan,SDN,1915,99.6
Sudan,SDN,1920,99.4
Sudan,SDN,1925,99.3
Sudan,SDN,1930,99.2
Sudan,SDN,1935,99
Sudan,SDN,1940,98.9
Sudan,SDN,1945,98.5
Sudan,SDN,1950,98
Sudan,SDN,1955,97.3
Sudan,SDN,1960,96.2
Sudan,SDN,1965,94.2
Sudan,SDN,1970,91.6
Sudan,SDN,1975,88.1
Sudan,SDN,1980,84.9
Sudan,SDN,1985,79.2
Sudan,SDN,1990,73.8
Sudan,SDN,1995,69.5
Sudan,SDN,2000,65.3
Sudan,SDN,2005,62.3
Sudan,SDN,2010,59.6
Sudan,SDN,2015,55.5
Sudan,SDN,2020,51.8
Sweden,SWE,1870,27
Sweden,SWE,1875,24.6
Sweden,SWE,1880,21.7
Sweden,SWE,1885,19.4
Sweden,SWE,1890,17.3
Sweden,SWE,1895,15.3
Sweden,SWE,1900,13.5
Sweden,SWE,1905,11.9
Sweden,SWE,1910,10.7
Sweden,SWE,1915,8.8
Sweden,SWE,1920,7
Sweden,SWE,1925,5.7
Sweden,SWE,1930,5.7
Sweden,SWE,1935,4.6
Sweden,SWE,1940,3.7
Sweden,SWE,1945,2.8
Sweden,SWE,1950,1.5
Sweden,SWE,1955,1
Sweden,SWE,1960,1
Sweden,SWE,1965,1.1
Sweden,SWE,1970,1
Sweden,SWE,1975,1.6
Sweden,SWE,1980,1.4
Sweden,SWE,1985,1.3
Sweden,SWE,1990,1.6
Sweden,SWE,1995,1.5
Sweden,SWE,2000,1.5
Sweden,SWE,2005,1.6
Sweden,SWE,2010,2
Sweden,SWE,2015,2.6
Sweden,SWE,2020,2.8
Switzerland,CHE,1870,26.5
Switzerland,CHE,1875,23.9
Switzerland,CHE,1880,21.2
Switzerland,CHE,1885,18.6
Switzerland,CHE,1890,15.9
Switzerland,CHE,1895,12.9
Switzerland,CHE,1900,10
Switzerland,CHE,1905,7.7
Switzerland,CHE,1910,5.7
Switzerland,CHE,1915,5.2
Switzerland,CHE,1920,2.9
Switzerland,CHE,1925,1.9
Switzerland,CHE,1930,1.2
Switzerland,CHE,1935,0.6
Switzerland,CHE,1940,0.2
Switzerland,CHE,1945,0.1
Switzerland,CHE,1950,0.1
Switzerland,CHE,1955,0.1
Switzerland,CHE,1960,0.1
Switzerland,CHE,1965,2.5
Switzerland,CHE,1970,4.6
Switzerland,CHE,1975,4.6
Switzerland,CHE,1980,3.6
Switzerland,CHE,1985,6.9
Switzerland,CHE,1990,9
Switzerland,CHE,1995,10.6
Switzerland,CHE,2000,11.6
Switzerland,CHE,2005,8.9
Switzerland,CHE,2010,1.4
Switzerland,CHE,2015,1.2
Switzerland,CHE,2020,1
Syria,SYR,1870,99.9
Syria,SYR,1875,99.9
Syria,SYR,1880,99.8
Syria,SYR,1885,99.8
Syria,SYR,1890,99.7
Syria,SYR,1895,99.6
Syria,SYR,1900,99.4
Syria,SYR,1905,99.1
Syria,SYR,1910,98.8
Syria,SYR,1915,98.5
Syria,SYR,1920,98
Syria,SYR,1925,97.4
Syria,SYR,1930,96.7
Syria,SYR,1935,95.6
Syria,SYR,1940,94.2
Syria,SYR,1945,92.3
Syria,SYR,1950,90.3
Syria,SYR,1955,88.8
Syria,SYR,1960,86.4
Syria,SYR,1965,83.4
Syria,SYR,1970,77.8
Syria,SYR,1975,69.7
Syria,SYR,1980,59.4
Syria,SYR,1985,47.7
Syria,SYR,1990,36.9
Syria,SYR,1995,26.8
Syria,SYR,2000,19.6
Syria,SYR,2005,20.3
Syria,SYR,2010,19.4
Syria,SYR,2015,15.6
Syria,SYR,2020,11.5
Taiwan,TWN,1870,100
Taiwan,TWN,1875,100
Taiwan,TWN,1880,100
Taiwan,TWN,1885,100
Taiwan,TWN,1890,100
Taiwan,TWN,1895,99.9
Taiwan,TWN,1900,99.8
Taiwan,TWN,1905,99.6
Taiwan,TWN,1910,99
Taiwan,TWN,1915,98.1
Taiwan,TWN,1920,92.3
Taiwan,TWN,1925,90.3
Taiwan,TWN,1930,86.4
Taiwan,TWN,1935,80.2
Taiwan,TWN,1940,74.4
Taiwan,TWN,1945,68.7
Taiwan,TWN,1950,61.5
Taiwan,TWN,1955,54.4
Taiwan,TWN,1960,48.6
Taiwan,TWN,1965,40.8
Taiwan,TWN,1970,33
Taiwan,TWN,1975,26.4
Taiwan,TWN,1980,19.3
Taiwan,TWN,1985,14
Taiwan,TWN,1990,9.7
Taiwan,TWN,1995,6
Taiwan,TWN,2000,3.2
Taiwan,TWN,2005,1.4
Taiwan,TWN,2010,0.6
Taiwan,TWN,2015,0.4
Taiwan,TWN,2020,0.2
Tajikistan,TJK,2015,0.1
Tajikistan,TJK,2020,0.1
Tanzania,TZA,2015,14.4
Tanzania,TZA,2020,10.1
Thailand,THA,1870,100
Thailand,THA,1875,99.9
Thailand,THA,1880,99.8
Thailand,THA,1885,99.7
Thailand,THA,1890,99.4
Thailand,THA,1895,98.8
Thailand,THA,1900,98.3
Thailand,THA,1905,96.9
Thailand,THA,1910,95.6
Thailand,THA,1915,94.7
Thailand,THA,1920,93.1
Thailand,THA,1925,90.3
Thailand,THA,1930,87.7
Thailand,THA,1935,80.4
Thailand,THA,1940,75.4
Thailand,THA,1945,66.2
Thailand,THA,1950,58.3
Thailand,THA,1955,50.4
Thailand,THA,1960,43.4
Thailand,THA,1965,36.3
Thailand,THA,1970,28.2
Thailand,THA,1975,22.9
Thailand,THA,1980,16.4
Thailand,THA,1985,13.3
Thailand,THA,1990,11.2
Thailand,THA,1995,11.4
Thailand,THA,2000,12.5
Thailand,THA,2005,6.4
Thailand,THA,2010,2.8
Thailand,THA,2015,2.6
Thailand,THA,2020,2.7
Togo,TGO,1870,100
Togo,TGO,1875,100
Togo,TGO,1880,99.9
Togo,TGO,1885,99.9
Togo,TGO,1890,99.9
Togo,TGO,1895,99.9
Togo,TGO,1900,99.8
Togo,TGO,1905,99.8
Togo,TGO,1910,99.7
Togo,TGO,1915,99.6
Togo,TGO,1920,99.5
Togo,TGO,1925,99.4
Togo,TGO,1930,98.9
Togo,TGO,1935,98.7
Togo,TGO,1940,98.4
Togo,TGO,1945,98
Togo,TGO,1950,97.5
Togo,TGO,1955,97
Togo,TGO,1960,95.9
Togo,TGO,1965,94.6
Togo,TGO,1970,91.5
Togo,TGO,1975,84.5
Togo,TGO,1980,77.4
Togo,TGO,1985,70.4
Togo,TGO,1990,63.2
Togo,TGO,1995,59.7
Togo,TGO,2000,55.8
Togo,TGO,2005,52.8
Togo,TGO,2010,46
Togo,TGO,2015,38.5
Togo,TGO,2020,30.3
Tonga,TON,2015,0.5
Tonga,TON,2020,0.5
Trinidad and Tobago,TTO,1870,94
Trinidad and Tobago,TTO,1875,92.6
Trinidad and Tobago,TTO,1880,90.8
Trinidad and Tobago,TTO,1885,87.8
Trinidad and Tobago,TTO,1890,83.9
Trinidad and Tobago,TTO,1895,78.8
Trinidad and Tobago,TTO,1900,72.8
Trinidad and Tobago,TTO,1905,66.3
Trinidad and Tobago,TTO,1910,59.4
Trinidad and Tobago,TTO,1915,50.6
Trinidad and Tobago,TTO,1920,43.5
Trinidad and Tobago,TTO,1925,37.9
Trinidad and Tobago,TTO,1930,33.4
Trinidad and Tobago,TTO,1935,28.7
Trinidad and Tobago,TTO,1940,25.1
Trinidad and Tobago,TTO,1945,21.9
Trinidad and Tobago,TTO,1950,19.6
Trinidad and Tobago,TTO,1955,17.3
Trinidad and Tobago,TTO,1960,14.1
Trinidad and Tobago,TTO,1965,11.7
Trinidad and Tobago,TTO,1970,9.1
Trinidad and Tobago,TTO,1975,4.2
Trinidad and Tobago,TTO,1980,0.9
Trinidad and Tobago,TTO,1985,2.3
Trinidad and Tobago,TTO,1990,2.7
Trinidad and Tobago,TTO,1995,1.9
Trinidad and Tobago,TTO,2000,1.5
Trinidad and Tobago,TTO,2005,0.9
Trinidad and Tobago,TTO,2010,0.7
Trinidad and Tobago,TTO,2015,0.7
Trinidad and Tobago,TTO,2020,0.6
Tunisia,TUN,1870,100
Tunisia,TUN,1875,100
Tunisia,TUN,1880,100
Tunisia,TUN,1885,99.9
Tunisia,TUN,1890,99.9
Tunisia,TUN,1895,99.9
Tunisia,TUN,1900,99.8
Tunisia,TUN,1905,99.8
Tunisia,TUN,1910,99.2
Tunisia,TUN,1915,98.7
Tunisia,TUN,1920,98.4
Tunisia,TUN,1925,98.6
Tunisia,TUN,1930,98.2
Tunisia,TUN,1935,96.7
Tunisia,TUN,1940,96.2
Tunisia,TUN,1945,95.7
Tunisia,TUN,1950,95.3
Tunisia,TUN,1955,94.4
Tunisia,TUN,1960,93.2
Tunisia,TUN,1965,89.1
Tunisia,TUN,1970,83.4
Tunisia,TUN,1975,74.2
Tunisia,TUN,1980,65.6
Tunisia,TUN,1985,62.3
Tunisia,TUN,1990,53.6
Tunisia,TUN,1995,44.1
Tunisia,TUN,2000,36.1
Tunisia,TUN,2005,28.9
Tunisia,TUN,2010,22.5
Tunisia,TUN,2015,18.7
Tunisia,TUN,2020,14.3
Turkey,TUR,1870,99.9
Turkey,TUR,1875,99.9
Turkey,TUR,1880,99.8
Turkey,TUR,1885,99.7
Turkey,TUR,1890,99.7
Turkey,TUR,1895,99.5
Turkey,TUR,1900,98.9
Turkey,TUR,1905,98.5
Turkey,TUR,1910,98.7
Turkey,TUR,1915,98.5
Turkey,TUR,1920,97.7
Turkey,TUR,1925,97
Turkey,TUR,1930,96.3
Turkey,TUR,1935,95.6
Turkey,TUR,1940,93.8
Turkey,TUR,1945,90.9
Turkey,TUR,1950,87.5
Turkey,TUR,1955,84.2
Turkey,TUR,1960,79.2
Turkey,TUR,1965,75.2
Turkey,TUR,1970,70.6
Turkey,TUR,1975,59.5
Turkey,TUR,1980,51.6
Turkey,TUR,1985,39.2
Turkey,TUR,1990,34.7
Turkey,TUR,1995,28.3
Turkey,TUR,2000,20.1
Turkey,TUR,2005,14.9
Turkey,TUR,2010,10
Turkey,TUR,2015,8.2
Turkey,TUR,2020,6
Uganda,UGA,1870,100
Uganda,UGA,1875,100
Uganda,UGA,1880,100
Uganda,UGA,1885,100
Uganda,UGA,1890,100
Uganda,UGA,1895,100
Uganda,UGA,1900,100
Uganda,UGA,1905,99.4
Uganda,UGA,1910,98.8
Uganda,UGA,1915,98.4
Uganda,UGA,1920,93.7
Uganda,UGA,1925,93.4
Uganda,UGA,1930,93.2
Uganda,UGA,1935,93.1
Uganda,UGA,1940,93
Uganda,UGA,1945,91
Uganda,UGA,1950,89.7
Uganda,UGA,1955,87.9
Uganda,UGA,1960,86
Uganda,UGA,1965,82.6
Uganda,UGA,1970,75.9
Uganda,UGA,1975,68.7
Uganda,UGA,1980,63.6
Uganda,UGA,1985,56.3
Uganda,UGA,1990,47
Uganda,UGA,1995,38.2
Uganda,UGA,2000,31.2
Uganda,UGA,2005,23
Uganda,UGA,2010,15.3
Uganda,UGA,2015,11.4
Uganda,UGA,2020,8
Ukraine,UKR,2015,0.2
Ukraine,UKR,2020,0.2
United Arab Emirates,ARE,2015,6.5
United Arab Emirates,ARE,2020,5.9
United Kingdom,GBR,1870,76.7
United Kingdom,GBR,1875,74
United Kingdom,GBR,1880,71
United Kingdom,GBR,1885,66.8
United Kingdom,GBR,1890,61.7
United Kingdom,GBR,1895,55.9
United Kingdom,GBR,1900,47.2
United Kingdom,GBR,1905,38.4
United Kingdom,GBR,1910,30.8
United Kingdom,GBR,1915,24.3
United Kingdom,GBR,1920,19
United Kingdom,GBR,1925,14.4
United Kingdom,GBR,1930,10.4
United Kingdom,GBR,1935,7.1
United Kingdom,GBR,1940,4.5
United Kingdom,GBR,1945,2.4
United Kingdom,GBR,1950,2.7
United Kingdom,GBR,1955,2.4
United Kingdom,GBR,1960,2.1
United Kingdom,GBR,1965,1.8
United Kingdom,GBR,1970,1.5
United Kingdom,GBR,1975,1.2
United Kingdom,GBR,1980,1.2
United Kingdom,GBR,1985,1.2
United Kingdom,GBR,1990,1.4
United Kingdom,GBR,1995,1.6
United Kingdom,GBR,2000,1.9
United Kingdom,GBR,2005,0.8
United Kingdom,GBR,2010,0.2
United Kingdom,GBR,2015,0.2
United Kingdom,GBR,2020,0.2
United States,USA,1870,26.3
United States,USA,1875,20.4
United States,USA,1880,15.7
United States,USA,1885,11.2
United States,USA,1890,9.1
United States,USA,1895,7.3
United States,USA,1900,6
United States,USA,1905,5
United States,USA,1910,4.5
United States,USA,1915,4.3
United States,USA,1920,4
United States,USA,1925,3.7
United States,USA,1930,3.1
United States,USA,1935,2.6
United States,USA,1940,2.1
United States,USA,1945,1.8
United States,USA,1950,1.6
United States,USA,1955,1.4
United States,USA,1960,1.1
United States,USA,1965,1
United States,USA,1970,0.9
United States,USA,1975,0.8
United States,USA,1980,0.6
United States,USA,1985,0.6
United States,USA,1990,0.6
United States,USA,1995,0.4
United States,USA,2000,0.3
United States,USA,2005,0.3
United States,USA,2010,0.3
United States,USA,2015,0.3
United States,USA,2020,0.3
Uruguay,URY,1870,94
Uruguay,URY,1875,92.6
Uruguay,URY,1880,90.7
Uruguay,URY,1885,88.6
Uruguay,URY,1890,85.9
Uruguay,URY,1895,82.8
Uruguay,URY,1900,79.6
Uruguay,URY,1905,77.5
Uruguay,URY,1910,68.3
Uruguay,URY,1915,59.6
Uruguay,URY,1920,54.4
Uruguay,URY,1925,46.1
Uruguay,URY,1930,39.7
Uruguay,URY,1935,33.9
Uruguay,URY,1940,27.5
Uruguay,URY,1945,21.9
Uruguay,URY,1950,16.3
Uruguay,URY,1955,13.6
Uruguay,URY,1960,10.8
Uruguay,URY,1965,8
Uruguay,URY,1970,6.7
Uruguay,URY,1975,5.4
Uruguay,URY,1980,3.9
Uruguay,URY,1985,3.5
Uruguay,URY,1990,3.2
Uruguay,URY,1995,2.5
Uruguay,URY,2000,1.7
Uruguay,URY,2005,0.6
Uruguay,URY,2010,0.5
Uruguay,URY,2015,0.4
Uruguay,URY,2020,0.3
Venezuela,VEN,1870,99.5
Venezuela,VEN,1875,99.4
Venezuela,VEN,1880,99.2
Venezuela,VEN,1885,99
Venezuela,VEN,1890,98.4
Venezuela,VEN,1895,97.7
Venezuela,VEN,1900,85.2
Venezuela,VEN,1905,81
Venezuela,VEN,1910,81.7
Venezuela,VEN,1915,78.4
Venezuela,VEN,1920,76.2
Venezuela,VEN,1925,75.2
Venezuela,VEN,1930,74.5
Venezuela,VEN,1935,70
Venezuela,VEN,1940,65.3
Venezuela,VEN,1945,59.7
Venezuela,VEN,1950,54.4
Venezuela,VEN,1955,51.6
Venezuela,VEN,1960,47
Venezuela,VEN,1965,41.4
Venezuela,VEN,1970,35.5
Venezuela,VEN,1975,26
Venezuela,VEN,1980,17.2
Venezuela,VEN,1985,17.5
Venezuela,VEN,1990,17.8
Venezuela,VEN,1995,13.7
Venezuela,VEN,2000,11.1
Venezuela,VEN,2005,8.1
Venezuela,VEN,2010,3.3
Venezuela,VEN,2015,2.4
Venezuela,VEN,2020,1.7
Vietnam,VNM,2015,15.2
Vietnam,VNM,2020,14.5
World,OWID_WRL,1870,92.05431
World,OWID_WRL,1875,90.91987
World,OWID_WRL,1880,89.499855
World,OWID_WRL,1885,87.914604
World,OWID_WRL,1890,86.68186
World,OWID_WRL,1895,84.7614
World,OWID_WRL,1900,82.76801
World,OWID_WRL,1905,80.67383
World,OWID_WRL,1910,78.779305
World,OWID_WRL,1915,76.57143
World,OWID_WRL,1920,73.65686
World,OWID_WRL,1925,71.228714
World,OWID_WRL,1930,68.95016
World,OWID_WRL,1935,67.061485
World,OWID_WRL,1940,60.640987
World,OWID_WRL,1945,58.548504
World,OWID_WRL,1950,56.143505
World,OWID_WRL,1955,53.50899
World,OWID_WRL,1960,50.907406
World,OWID_WRL,1965,47.503777
World,OWID_WRL,1970,43.1415
World,OWID_WRL,1975,39.869125
World,OWID_WRL,1980,36.414547
World,OWID_WRL,1985,33.436928
World,OWID_WRL,1990,30.649145
World,OWID_WRL,1995,28.435854
World,OWID_WRL,2000,26.223278
World,OWID_WRL,2005,22.560923
World,OWID_WRL,2010,19.53799
World,OWID_WRL,2015,16.416992
World,OWID_WRL,2020,13.828723
Yemen,YEM,1870,100
Yemen,YEM,1875,100
Yemen,YEM,1880,100
Yemen,YEM,1885,100
Yemen,YEM,1890,100
Yemen,YEM,1895,100
Yemen,YEM,1900,100
Yemen,YEM,1905,100
Yemen,YEM,1910,100
Yemen,YEM,1915,100
Yemen,YEM,1920,100
Yemen,YEM,1925,99.9
Yemen,YEM,1930,99.9
Yemen,YEM,1935,99.7
Yemen,YEM,1940,99.6
Yemen,YEM,1945,99.6
Yemen,YEM,1950,99.6
Yemen,YEM,1955,99.6
Yemen,YEM,1960,99.5
Yemen,YEM,1965,99.5
Yemen,YEM,1970,99.4
Yemen,YEM,1975,99.4
Yemen,YEM,1980,98.5
Yemen,YEM,1985,97.1
Yemen,YEM,1990,93.8
Yemen,YEM,1995,90.2
Yemen,YEM,2000,85.4
Yemen,YEM,2005,80.2
Yemen,YEM,2010,71.3
Yemen,YEM,2015,59.8
Yemen,YEM,2020,51.3
Zambia,ZMB,1870,100
Zambia,ZMB,1875,100
Zambia,ZMB,1880,100
Zambia,ZMB,1885,100
Zambia,ZMB,1890,100
Zambia,ZMB,1895,100
Zambia,ZMB,1900,100
Zambia,ZMB,1905,100
Zambia,ZMB,1910,98.2
Zambia,ZMB,1915,96.6
Zambia,ZMB,1920,95.4
Zambia,ZMB,1925,94.2
Zambia,ZMB,1930,82.8
Zambia,ZMB,1935,79.8
Zambia,ZMB,1940,77.1
Zambia,ZMB,1945,72.7
Zambia,ZMB,1950,68.2
Zambia,ZMB,1955,64.4
Zambia,ZMB,1960,59.2
Zambia,ZMB,1965,53.3
Zambia,ZMB,1970,45.7
Zambia,ZMB,1975,48.2
Zambia,ZMB,1980,47.2
Zambia,ZMB,1985,45
Zambia,ZMB,1990,43.1
Zambia,ZMB,1995,26.4
Zambia,ZMB,2000,22.8
Zambia,ZMB,2005,20.5
Zambia,ZMB,2010,16.2
Zambia,ZMB,2015,11.9
Zambia,ZMB,2020,9
Zimbabwe,ZWE,1870,100
Zimbabwe,ZWE,1875,100
Zimbabwe,ZWE,1880,100
Zimbabwe,ZWE,1885,100
Zimbabwe,ZWE,1890,100
Zimbabwe,ZWE,1895,100
Zimbabwe,ZWE,1900,99.9
Zimbabwe,ZWE,1905,99.6
Zimbabwe,ZWE,1910,98.3
Zimbabwe,ZWE,1915,96.6
Zimbabwe,ZWE,1920,94.4
Zimbabwe,ZWE,1925,91
Zimbabwe,ZWE,1930,86.7
Zimbabwe,ZWE,1935,80.3
Zimbabwe,ZWE,1940,74.7
Zimbabwe,ZWE,1945,69.8
Zimbabwe,ZWE,1950,64.3
Zimbabwe,ZWE,1955,57.7
Zimbabwe,ZWE,1960,50.3
Zimbabwe,ZWE,1965,43.9
Zimbabwe,ZWE,1970,34.9
Zimbabwe,ZWE,1975,31.2
Zimbabwe,ZWE,1980,29.1
Zimbabwe,ZWE,1985,25.7
Zimbabwe,ZWE,1990,16.8
Zimbabwe,ZWE,1995,12.2
Zimbabwe,ZWE,2000,9.1
Zimbabwe,ZWE,2005,7.2
Zimbabwe,ZWE,2010,4.9
Zimbabwe,ZWE,2015,3.8
Zimbabwe,ZWE,2020,2.5